order_item_id,order_id,product_id,quantity,unit_price
OIID59504,ORD43787,PROD0065,7,180
OIID13389,ORD43787,PROD0125,22,42
OIID30911,ORD43787,PROD0086,29,50
OIID63800,ORD43787,PROD0038,133,13
OIID47476,ORD43787,PROD0141,46,22
OIID42785,ORD43787,PROD0034,28,89
OIID44743,ORD38915,PROD0048,10,24
OIID87478,ORD38915,PROD0071,85,17
OIID33774,ORD38915,PROD0098,9,10
OIID61870,ORD38915,PROD0001,29,25
OIID18027,ORD94498,PROD0101,57,35
OIID23120,ORD94498,PROD0003,9,350
OIID64282,ORD94498,PROD0082,79,33
OIID90761,ORD94498,PROD0055,3,160
OIID39468,ORD94498,PROD0146,107,15
OIID97587,ORD24702,PROD0037,80,15
OIID37417,ORD24702,PROD0138,27,7
OIID16714,ORD24702,PROD0051,25,27
OIID56814,ORD24702,PROD0061,4,550
OIID51550,ORD99350,PROD0009,9,250
OIID45281,ORD99350,PROD0023,84,19
OIID65970,ORD99350,PROD0083,39,30
OIID75090,ORD99350,PROD0076,119,15
OIID25867,ORD12397,PROD0009,3,250
OIID47871,ORD12397,PROD0094,112,15
OIID87777,ORD12397,PROD0047,34,17
OIID27583,ORD36563,PROD0146,81,15
OIID74192,ORD36563,PROD0132,17,18
OIID22150,ORD36563,PROD0007,3,60
OIID88693,ORD69745,PROD0094,52,15
OIID64398,ORD69745,PROD0045,273,7
OIID89922,ORD69745,PROD0013,75,95
OIID68680,ORD69745,PROD0143,90,11
OIID65832,ORD69745,PROD0063,87,10
OIID60808,ORD21229,PROD0034,35,89
OIID90767,ORD21229,PROD0028,45,115
OIID58422,ORD21229,PROD0096,2,130
OIID23643,ORD21229,PROD0075,67,20
OIID39636,ORD21229,PROD0092,12,35
OIID29785,ORD21229,PROD0140,118,12
OIID24158,ORD44884,PROD0082,23,33
OIID50896,ORD44884,PROD0024,88,10
OIID36211,ORD44884,PROD0097,28,20
OIID52524,ORD44884,PROD0067,7,90
OIID51641,ORD44884,PROD0099,19,100
OIID91479,ORD49938,PROD0096,10,130
OIID76130,ORD49938,PROD0056,10,210
OIID38239,ORD49938,PROD0076,76,15
OIID50597,ORD49938,PROD0018,130,16
OIID52852,ORD82600,PROD0101,46,35
OIID74940,ORD82600,PROD0072,94,13
OIID82322,ORD76304,PROD0038,205,13
OIID13019,ORD76304,PROD0018,149,16
OIID90785,ORD76304,PROD0112,88,25
OIID65601,ORD76304,PROD0132,33,18
OIID28431,ORD76304,PROD0092,54,35
OIID57812,ORD87734,PROD0008,13,200
OIID85273,ORD87734,PROD0100,4,90
OIID11503,ORD87734,PROD0053,18,219
OIID97520,ORD17791,PROD0052,13,330
OIID16113,ORD17791,PROD0141,18,22
OIID32313,ORD17791,PROD0022,46,50
OIID65103,ORD17791,PROD0116,8,9
OIID22547,ORD17791,PROD0050,62,10
OIID43026,ORD49780,PROD0079,50,10
OIID67044,ORD49780,PROD0140,55,12
OIID68607,ORD49780,PROD0060,33,100
OIID92106,ORD49780,PROD0028,1,115
OIID32786,ORD88688,PROD0017,107,20
OIID94024,ORD88688,PROD0107,12,130
OIID98670,ORD88688,PROD0142,52,25
OIID10165,ORD88688,PROD0029,320,7
OIID86629,ORD88688,PROD0018,71,16
OIID80853,ORD28265,PROD0050,61,10
OIID13617,ORD28265,PROD0134,49,16
OIID31653,ORD93668,PROD0060,21,100
OIID72648,ORD93668,PROD0126,61,24
OIID83673,ORD93668,PROD0146,10,15
OIID38319,ORD93668,PROD0076,118,15
OIID47084,ORD93668,PROD0043,38,20
OIID10699,ORD46202,PROD0121,25,28
OIID21099,ORD46202,PROD0085,36,40
OIID65092,ORD46202,PROD0134,87,16
OIID29283,ORD62904,PROD0083,13,30
OIID20324,ORD62904,PROD0004,60,50
OIID32526,ORD32397,PROD0027,8,90
OIID13238,ORD32397,PROD0096,7,130
OIID52515,ORD32397,PROD0052,6,330
OIID63050,ORD92353,PROD0074,42,20
OIID30828,ORD92353,PROD0079,108,10
OIID35822,ORD77726,PROD0027,2,90
OIID52022,ORD77726,PROD0146,121,15
OIID42981,ORD57525,PROD0121,8,28
OIID91062,ORD57525,PROD0123,69,12
OIID49353,ORD83075,PROD0135,9,9
OIID41877,ORD83075,PROD0002,30,90
OIID25972,ORD71090,PROD0135,11,9
OIID51419,ORD71090,PROD0130,101,10
OIID85047,ORD71090,PROD0085,38,40
OIID77309,ORD71090,PROD0106,3,150
OIID56414,ORD71090,PROD0034,25,89
OIID42221,ORD71090,PROD0025,4,140
OIID94431,ORD79791,PROD0023,140,19
OIID97600,ORD79791,PROD0015,125,13
OIID90325,ORD79791,PROD0042,53,22
OIID34531,ORD79791,PROD0066,6,400
OIID38171,ORD82062,PROD0121,10,28
OIID96626,ORD82062,PROD0004,58,50
OIID68280,ORD82062,PROD0018,95,16
OIID45993,ORD82062,PROD0028,13,115
OIID12238,ORD82062,PROD0130,57,10
OIID46387,ORD13645,PROD0146,178,15
OIID25636,ORD13645,PROD0126,77,24
OIID49564,ORD13645,PROD0073,89,13
OIID34676,ORD32346,PROD0094,178,15
OIID87901,ORD32346,PROD0032,20,30
OIID29685,ORD32346,PROD0070,33,40
OIID96349,ORD32346,PROD0002,45,90
OIID14505,ORD32346,PROD0095,25,50
OIID69974,ORD32346,PROD0028,5,115
OIID39790,ORD20869,PROD0066,11,400
OIID76635,ORD20869,PROD0014,15,120
OIID87321,ORD88400,PROD0116,45,9
OIID13173,ORD88400,PROD0014,25,120
OIID77143,ORD19378,PROD0054,10,289
OIID46646,ORD19378,PROD0052,2,330
OIID63577,ORD19378,PROD0097,18,20
OIID99608,ORD19378,PROD0060,23,100
OIID31578,ORD19378,PROD0125,14,42
OIID79698,ORD35399,PROD0031,16,43
OIID46069,ORD35399,PROD0008,24,200
OIID98654,ORD35399,PROD0061,5,550
OIID59914,ORD35399,PROD0121,35,28
OIID51578,ORD88353,PROD0109,28,35
OIID93571,ORD88353,PROD0094,176,15
OIID49022,ORD88353,PROD0062,47,35
OIID28848,ORD88353,PROD0054,7,289
OIID32649,ORD88353,PROD0083,53,30
OIID20407,ORD88353,PROD0113,5,19
OIID42439,ORD73236,PROD0018,63,16
OIID50195,ORD73236,PROD0076,112,15
OIID12855,ORD84162,PROD0023,137,19
OIID83297,ORD84162,PROD0130,262,10
OIID77644,ORD80222,PROD0086,4,50
OIID73417,ORD80222,PROD0014,23,120
OIID79957,ORD35372,PROD0081,28,45
OIID33429,ORD35372,PROD0102,277,7
OIID62145,ORD35372,PROD0047,47,17
OIID37180,ORD35372,PROD0119,95,20
OIID47718,ORD35372,PROD0056,6,210
OIID52716,ORD45052,PROD0018,121,16
OIID21136,ORD45052,PROD0007,12,60
OIID79971,ORD45052,PROD0076,24,15
OIID89172,ORD45052,PROD0096,10,130
OIID84639,ORD45052,PROD0004,37,50
OIID26427,ORD63661,PROD0060,24,100
OIID61005,ORD63661,PROD0052,4,330
OIID48910,ORD63661,PROD0019,7,160
OIID85231,ORD63661,PROD0056,9,210
OIID65900,ORD63661,PROD0049,186,9
OIID26078,ORD63661,PROD0032,2,30
OIID86193,ORD93745,PROD0107,10,130
OIID94849,ORD93745,PROD0133,126,7
OIID91743,ORD93745,PROD0039,2,280
OIID68244,ORD93745,PROD0127,106,9
OIID42410,ORD54411,PROD0001,114,25
OIID37013,ORD54411,PROD0087,11,90
OIID94221,ORD54411,PROD0075,121,20
OIID77490,ORD54411,PROD0111,129,16
OIID13241,ORD54411,PROD0132,70,18
OIID22314,ORD54411,PROD0012,31,85
OIID46963,ORD61944,PROD0112,82,25
OIID35801,ORD61944,PROD0121,2,28
OIID60759,ORD61944,PROD0023,179,19
OIID94926,ORD61944,PROD0056,5,210
OIID85725,ORD61944,PROD0125,30,42
OIID20617,ORD61944,PROD0072,165,13
OIID83146,ORD20529,PROD0081,10,45
OIID30517,ORD20529,PROD0014,19,120
OIID98444,ORD42471,PROD0081,97,45
OIID55212,ORD42471,PROD0150,7,35
OIID34434,ORD42471,PROD0023,55,19
OIID92880,ORD42471,PROD0136,211,10
OIID38521,ORD42471,PROD0079,63,10
OIID71022,ORD42471,PROD0021,3,300
OIID74994,ORD68192,PROD0130,63,10
OIID30831,ORD68192,PROD0050,150,10
OIID82594,ORD10604,PROD0004,28,50
OIID88162,ORD10604,PROD0076,21,15
OIID25373,ORD10604,PROD0089,35,12
OIID22711,ORD10604,PROD0016,6,45
OIID74431,ORD10604,PROD0068,11,170
OIID92470,ORD98901,PROD0076,158,15
OIID62973,ORD98901,PROD0027,2,90
OIID81913,ORD98901,PROD0023,137,19
OIID11375,ORD98901,PROD0041,64,6
OIID31788,ORD27831,PROD0034,29,89
OIID81503,ORD27831,PROD0014,23,120
OIID88322,ORD27831,PROD0008,21,200
OIID55533,ORD27831,PROD0072,136,13
OIID96479,ORD30672,PROD0083,38,30
OIID86253,ORD30672,PROD0072,170,13
OIID45044,ORD92020,PROD0139,65,15
OIID44149,ORD92020,PROD0136,155,10
OIID70356,ORD92020,PROD0052,8,330
OIID15311,ORD92020,PROD0106,1,150
OIID39831,ORD28336,PROD0092,22,35
OIID27633,ORD28336,PROD0104,32,90
OIID46775,ORD93557,PROD0099,12,100
OIID36573,ORD93557,PROD0017,98,20
OIID21248,ORD93557,PROD0020,53,40
OIID29045,ORD34634,PROD0136,37,10
OIID73780,ORD34634,PROD0027,16,90
OIID80966,ORD34634,PROD0023,179,19
OIID14838,ORD34634,PROD0025,11,140
OIID31417,ORD34634,PROD0143,48,11
OIID96217,ORD34634,PROD0130,269,10
OIID50493,ORD22340,PROD0061,7,550
OIID60395,ORD22340,PROD0090,3,210
OIID32731,ORD15865,PROD0075,9,20
OIID94972,ORD15865,PROD0054,11,289
OIID39155,ORD15865,PROD0135,102,9
OIID46656,ORD15865,PROD0092,30,35
OIID41834,ORD42241,PROD0110,8,50
OIID97230,ORD42241,PROD0125,6,42
OIID20971,ORD42241,PROD0123,16,12
OIID79571,ORD42241,PROD0147,4,100
OIID14737,ORD96407,PROD0085,24,40
OIID82021,ORD96407,PROD0096,6,130
OIID48947,ORD31445,PROD0100,2,90
OIID75173,ORD31445,PROD0022,31,50
OIID54363,ORD31445,PROD0089,126,12
OIID66998,ORD31445,PROD0012,70,85
OIID43607,ORD31175,PROD0134,82,16
OIID92559,ORD31175,PROD0031,25,43
OIID39411,ORD31175,PROD0147,39,100
OIID19283,ORD31175,PROD0143,11,11
OIID28124,ORD31175,PROD0126,41,24
OIID39642,ORD31175,PROD0039,3,280
OIID59968,ORD77628,PROD0081,90,45
OIID70131,ORD77628,PROD0072,2,13
OIID26456,ORD43896,PROD0107,12,130
OIID74252,ORD43896,PROD0106,1,150
OIID78405,ORD43896,PROD0109,24,35
OIID72343,ORD77103,PROD0056,8,210
OIID87034,ORD77103,PROD0112,47,25
OIID35539,ORD77103,PROD0132,42,18
OIID80590,ORD77103,PROD0136,60,10
OIID66517,ORD77103,PROD0096,11,130
OIID62656,ORD77103,PROD0072,67,13
OIID66455,ORD18240,PROD0072,156,13
OIID27329,ORD18240,PROD0123,113,12
OIID87925,ORD18240,PROD0018,44,16
OIID78254,ORD69287,PROD0145,156,9
OIID36084,ORD69287,PROD0075,93,20
OIID63174,ORD69287,PROD0100,2,90
OIID77413,ORD69287,PROD0054,11,289
OIID90794,ORD69287,PROD0001,17,25
OIID93525,ORD18212,PROD0145,104,9
OIID40851,ORD18212,PROD0036,40,9
OIID11107,ORD43566,PROD0018,86,16
OIID95682,ORD43566,PROD0034,3,89
OIID69704,ORD43566,PROD0136,7,10
OIID46470,ORD26350,PROD0061,7,550
OIID86589,ORD26350,PROD0081,57,45
OIID99964,ORD26350,PROD0132,68,18
OIID48657,ORD71973,PROD0068,2,170
OIID91066,ORD71973,PROD0017,16,20
OIID43164,ORD71973,PROD0141,27,22
OIID31205,ORD71973,PROD0001,97,25
OIID63417,ORD71973,PROD0045,37,7
OIID21319,ORD10354,PROD0082,82,33
OIID34862,ORD10354,PROD0007,9,60
OIID90459,ORD10354,PROD0140,167,12
OIID55011,ORD10354,PROD0112,42,25
OIID48326,ORD82101,PROD0139,49,15
OIID74381,ORD82101,PROD0009,8,250
OIID23565,ORD82101,PROD0025,10,140
OIID96884,ORD25961,PROD0014,5,120
OIID79834,ORD25961,PROD0059,11,150
OIID61806,ORD25961,PROD0018,146,16
OIID83774,ORD25961,PROD0027,19,90
OIID40302,ORD56902,PROD0021,20,300
OIID58711,ORD56902,PROD0015,178,13
OIID19569,ORD56902,PROD0065,1,180
OIID15943,ORD88099,PROD0012,52,85
OIID55703,ORD88099,PROD0083,9,30
OIID31473,ORD88099,PROD0096,13,130
OIID93463,ORD88099,PROD0080,173,9
OIID15190,ORD89202,PROD0052,5,330
OIID74503,ORD89202,PROD0056,2,210
OIID17157,ORD89202,PROD0045,178,7
OIID99828,ORD89202,PROD0008,17,200
OIID98249,ORD89202,PROD0086,5,50
OIID54807,ORD86007,PROD0145,181,9
OIID40400,ORD86007,PROD0127,178,9
OIID35137,ORD86007,PROD0140,159,12
OIID12837,ORD86007,PROD0002,28,90
OIID58964,ORD86007,PROD0065,4,180
OIID24239,ORD11948,PROD0046,512,5
OIID14719,ORD11948,PROD0009,6,250
OIID23938,ORD11948,PROD0072,118,13
OIID51147,ORD65559,PROD0121,13,28
OIID59093,ORD65559,PROD0034,14,89
OIID23454,ORD65559,PROD0052,2,330
OIID33734,ORD65559,PROD0018,104,16
OIID64634,ORD88511,PROD0014,12,120
OIID94947,ORD88511,PROD0001,32,25
OIID74825,ORD88511,PROD0090,12,210
OIID54596,ORD88511,PROD0125,25,42
OIID86335,ORD63944,PROD0060,26,100
OIID30315,ORD63944,PROD0086,5,50
OIID54937,ORD63944,PROD0142,72,25
OIID40862,ORD63944,PROD0112,13,25
OIID54027,ORD63944,PROD0120,17,23
OIID55838,ORD94836,PROD0005,80,80
OIID63079,ORD94836,PROD0095,29,50
OIID90355,ORD94836,PROD0087,12,90
OIID29949,ORD94836,PROD0125,29,42
OIID77208,ORD94836,PROD0007,1,60
OIID30507,ORD15279,PROD0031,4,43
OIID68009,ORD15279,PROD0066,9,400
OIID41780,ORD88812,PROD0076,54,15
OIID62310,ORD88812,PROD0112,60,25
OIID46379,ORD88812,PROD0146,170,15
OIID85454,ORD88812,PROD0066,11,400
OIID33029,ORD88812,PROD0105,23,80
OIID74859,ORD52001,PROD0021,17,300
OIID10347,ORD52001,PROD0076,73,15
OIID15624,ORD52001,PROD0050,25,10
OIID28187,ORD52001,PROD0100,14,90
OIID85866,ORD52001,PROD0028,15,115
OIID85090,ORD91997,PROD0002,11,90
OIID29819,ORD91997,PROD0074,63,20
OIID87000,ORD91997,PROD0119,69,20
OIID64990,ORD91997,PROD0114,36,45
OIID66667,ORD91997,PROD0141,41,22
OIID91714,ORD91997,PROD0018,2,16
OIID44500,ORD49514,PROD0107,8,130
OIID12362,ORD49514,PROD0127,4,9
OIID32347,ORD49514,PROD0009,10,250
OIID61131,ORD43718,PROD0132,57,18
OIID85984,ORD43718,PROD0120,70,23
OIID79685,ORD43718,PROD0063,25,10
OIID36943,ORD43718,PROD0136,218,10
OIID66008,ORD23317,PROD0072,142,13
OIID51334,ORD23317,PROD0112,80,25
OIID97770,ORD23317,PROD0125,30,42
OIID52871,ORD23317,PROD0092,17,35
OIID94973,ORD23317,PROD0021,7,300
OIID21212,ORD21948,PROD0067,10,90
OIID80591,ORD21948,PROD0022,9,50
OIID72248,ORD21948,PROD0018,15,16
OIID45931,ORD21948,PROD0107,3,130
OIID30619,ORD21948,PROD0110,55,50
OIID81792,ORD85232,PROD0019,11,160
OIID84965,ORD85232,PROD0005,82,80
OIID31908,ORD73445,PROD0145,62,9
OIID15355,ORD73445,PROD0101,81,35
OIID99463,ORD73445,PROD0008,23,200
OIID95047,ORD73445,PROD0096,12,130
OIID77210,ORD24758,PROD0023,4,19
OIID19719,ORD24758,PROD0011,1,65
OIID35319,ORD24758,PROD0046,278,5
OIID74212,ORD24758,PROD0067,4,90
OIID71393,ORD24758,PROD0103,19,50
OIID43041,ORD24758,PROD0109,63,35
OIID96274,ORD24986,PROD0126,22,24
OIID70345,ORD24986,PROD0146,92,15
OIID13679,ORD24986,PROD0004,19,50
OIID24549,ORD24986,PROD0066,11,400
OIID42721,ORD64737,PROD0110,43,50
OIID37116,ORD64737,PROD0099,5,100
OIID75161,ORD64737,PROD0066,8,400
OIID68561,ORD64737,PROD0065,23,180
OIID94736,ORD64737,PROD0076,44,15
OIID71529,ORD77665,PROD0146,112,15
OIID15600,ORD77665,PROD0034,37,89
OIID74286,ORD86634,PROD0045,358,7
OIID80201,ORD86634,PROD0133,115,7
OIID30132,ORD86634,PROD0016,28,45
OIID46060,ORD86634,PROD0123,144,12
OIID76592,ORD86634,PROD0083,36,30
OIID88821,ORD86634,PROD0103,19,50
OIID44571,ORD77257,PROD0139,43,15
OIID77684,ORD77257,PROD0014,25,120
OIID38178,ORD77257,PROD0105,17,80
OIID14455,ORD77257,PROD0034,11,89
OIID59771,ORD77257,PROD0021,7,300
OIID83050,ORD77257,PROD0096,12,130
OIID95649,ORD61772,PROD0093,41,28
OIID85971,ORD61772,PROD0072,116,13
OIID34614,ORD13969,PROD0109,1,35
OIID73195,ORD13969,PROD0004,16,50
OIID40792,ORD58311,PROD0147,33,100
OIID80774,ORD58311,PROD0087,8,90
OIID12415,ORD58311,PROD0145,88,9
OIID64239,ORD58311,PROD0035,62,25
OIID10254,ORD58311,PROD0106,12,150
OIID32177,ORD58311,PROD0018,40,16
OIID72814,ORD10033,PROD0025,12,140
OIID26754,ORD10033,PROD0075,78,20
OIID63973,ORD10033,PROD0094,25,15
OIID15890,ORD77152,PROD0081,24,45
OIID35250,ORD77152,PROD0067,14,90
OIID81497,ORD77152,PROD0027,13,90
OIID40631,ORD77152,PROD0086,29,50
OIID64526,ORD45529,PROD0076,76,15
OIID45612,ORD45529,PROD0114,9,45
OIID87100,ORD45529,PROD0150,11,35
OIID22044,ORD45529,PROD0100,13,90
OIID54266,ORD45529,PROD0145,215,9
OIID46175,ORD69867,PROD0102,203,7
OIID50072,ORD69867,PROD0114,22,45
OIID76775,ORD69867,PROD0144,40,30
OIID20508,ORD69867,PROD0079,102,10
OIID45833,ORD28904,PROD0077,59,16
OIID40704,ORD28904,PROD0008,12,200
OIID27492,ORD28904,PROD0120,22,23
OIID65283,ORD28904,PROD0078,75,16
OIID51537,ORD28904,PROD0070,48,40
OIID83731,ORD28904,PROD0015,264,13
OIID81867,ORD89301,PROD0002,20,90
OIID28401,ORD89301,PROD0027,17,90
OIID37863,ORD89301,PROD0101,47,35
OIID61500,ORD20583,PROD0112,60,25
OIID20078,ORD20583,PROD0002,31,90
OIID16316,ORD20583,PROD0090,11,210
OIID36640,ORD20583,PROD0095,7,50
OIID36957,ORD41916,PROD0085,38,40
OIID48661,ORD41916,PROD0061,6,550
OIID51621,ORD41916,PROD0120,2,23
OIID37535,ORD41916,PROD0113,76,19
OIID56865,ORD41916,PROD0056,4,210
OIID16333,ORD19926,PROD0094,3,15
OIID42268,ORD19926,PROD0135,69,9
OIID70152,ORD19926,PROD0023,11,19
OIID52347,ORD19926,PROD0052,4,330
OIID34570,ORD57277,PROD0148,26,27
OIID16324,ORD57277,PROD0063,8,10
OIID46798,ORD70384,PROD0087,10,90
OIID72111,ORD70384,PROD0005,40,80
OIID93836,ORD28591,PROD0145,96,9
OIID85096,ORD28591,PROD0116,134,9
OIID77100,ORD28591,PROD0014,3,120
OIID97720,ORD28591,PROD0056,5,210
OIID21983,ORD79279,PROD0016,20,45
OIID16135,ORD79279,PROD0103,17,50
OIID51988,ORD79279,PROD0079,132,10
OIID89722,ORD79279,PROD0120,1,23
OIID61365,ORD79279,PROD0076,64,15
OIID41416,ORD67991,PROD0141,49,22
OIID42645,ORD67991,PROD0072,23,13
OIID27395,ORD67991,PROD0001,94,25
OIID72852,ORD67991,PROD0018,37,16
OIID97301,ORD67991,PROD0145,94,9
OIID92116,ORD94432,PROD0012,22,85
OIID27440,ORD94432,PROD0135,57,9
OIID22864,ORD94432,PROD0140,150,12
OIID78104,ORD36935,PROD0080,141,9
OIID11239,ORD36935,PROD0032,1,30
OIID30466,ORD36935,PROD0010,8,35
OIID62219,ORD36935,PROD0002,28,90
OIID21224,ORD16568,PROD0120,10,23
OIID38919,ORD16568,PROD0061,4,550
OIID90746,ORD16568,PROD0139,42,15
OIID79554,ORD16568,PROD0063,15,10
OIID24523,ORD16568,PROD0125,19,42
OIID27894,ORD41365,PROD0102,225,7
OIID93143,ORD41365,PROD0050,229,10
OIID95888,ORD41365,PROD0039,3,280
OIID18482,ORD41365,PROD0117,43,15
OIID96356,ORD41365,PROD0122,198,6
OIID46441,ORD27775,PROD0076,102,15
OIID67170,ORD27775,PROD0146,42,15
OIID97118,ORD17896,PROD0056,11,210
OIID86701,ORD17896,PROD0147,12,100
OIID98218,ORD17896,PROD0134,80,16
OIID77485,ORD17896,PROD0096,6,130
OIID71713,ORD82701,PROD0096,14,130
OIID98304,ORD82701,PROD0086,22,50
OIID58861,ORD91105,PROD0062,50,35
OIID85067,ORD91105,PROD0129,18,8
OIID29634,ORD91105,PROD0043,29,20
OIID19020,ORD91105,PROD0074,18,20
OIID71957,ORD91105,PROD0072,27,13
OIID15500,ORD91105,PROD0147,14,100
OIID49621,ORD29066,PROD0145,104,9
OIID66321,ORD29066,PROD0038,184,13
OIID30865,ORD29066,PROD0046,243,5
OIID10809,ORD29066,PROD0091,20,160
OIID17529,ORD29066,PROD0096,10,130
OIID24930,ORD29066,PROD0118,41,17
OIID47724,ORD57400,PROD0126,23,24
OIID83132,ORD57400,PROD0105,2,80
OIID37781,ORD57400,PROD0024,143,10
OIID63907,ORD57400,PROD0014,27,120
OIID61782,ORD10105,PROD0025,6,140
OIID38603,ORD10105,PROD0114,43,45
OIID44594,ORD10105,PROD0036,8,9
OIID50113,ORD10105,PROD0022,50,50
OIID94644,ORD10105,PROD0134,50,16
OIID67568,ORD10105,PROD0059,18,150
OIID21128,ORD59860,PROD0056,13,210
OIID46824,ORD59860,PROD0004,2,50
OIID24220,ORD59860,PROD0065,6,180
OIID57860,ORD59860,PROD0125,20,42
OIID95833,ORD29934,PROD0052,11,330
OIID39755,ORD29934,PROD0116,66,9
OIID70851,ORD29934,PROD0112,19,25
OIID94515,ORD71027,PROD0146,117,15
OIID43767,ORD71027,PROD0011,28,65
OIID73388,ORD71027,PROD0150,28,35
OIID52111,ORD71027,PROD0147,5,100
OIID77267,ORD71027,PROD0095,24,50
OIID45690,ORD71027,PROD0005,15,80
OIID70038,ORD70773,PROD0112,62,25
OIID44284,ORD70773,PROD0002,9,90
OIID52243,ORD70773,PROD0016,24,45
OIID97210,ORD70773,PROD0022,2,50
OIID90865,ORD86873,PROD0056,2,210
OIID95315,ORD86873,PROD0076,69,15
OIID73959,ORD86873,PROD0096,2,130
OIID55791,ORD86873,PROD0018,122,16
OIID50730,ORD86873,PROD0116,195,9
OIID57482,ORD86873,PROD0038,175,13
OIID96297,ORD90913,PROD0004,51,50
OIID43324,ORD90913,PROD0136,72,10
OIID81156,ORD90913,PROD0038,147,13
OIID26636,ORD90913,PROD0125,29,42
OIID34144,ORD84564,PROD0028,31,115
OIID29605,ORD84564,PROD0146,49,15
OIID19976,ORD84564,PROD0085,26,40
OIID35049,ORD84564,PROD0092,39,35
OIID73918,ORD18042,PROD0121,12,28
OIID71463,ORD18042,PROD0052,1,330
OIID77808,ORD18042,PROD0093,81,28
OIID78841,ORD18042,PROD0009,4,250
OIID90650,ORD18042,PROD0073,127,13
OIID38071,ORD18042,PROD0086,29,50
OIID87948,ORD52498,PROD0012,14,85
OIID62096,ORD52498,PROD0141,38,22
OIID84580,ORD52498,PROD0024,79,10
OIID20061,ORD31450,PROD0085,10,40
OIID72893,ORD31450,PROD0061,7,550
OIID22241,ORD31450,PROD0052,10,330
OIID90309,ORD31450,PROD0076,15,15
OIID37241,ORD31450,PROD0014,5,120
OIID30264,ORD95422,PROD0121,39,28
OIID12820,ORD95422,PROD0132,39,18
OIID21683,ORD95422,PROD0145,39,9
OIID75168,ORD95422,PROD0100,8,90
OIID65138,ORD95422,PROD0024,35,10
OIID40502,ORD95422,PROD0063,78,10
OIID42365,ORD16820,PROD0132,122,18
OIID42753,ORD16820,PROD0116,19,9
OIID52023,ORD16820,PROD0076,169,15
OIID34578,ORD16820,PROD0096,9,130
OIID93093,ORD95342,PROD0125,22,42
OIID68972,ORD95342,PROD0028,38,115
OIID71585,ORD95342,PROD0083,60,30
OIID23790,ORD95342,PROD0139,74,15
OIID64161,ORD73021,PROD0063,1,10
OIID31425,ORD73021,PROD0103,20,50
OIID90451,ORD73021,PROD0130,220,10
OIID85726,ORD73021,PROD0016,17,45
OIID89261,ORD73021,PROD0081,82,45
OIID28218,ORD36478,PROD0100,11,90
OIID26716,ORD36478,PROD0150,50,35
OIID92172,ORD36478,PROD0066,3,400
OIID93995,ORD36478,PROD0002,42,90
OIID33702,ORD46002,PROD0112,15,25
OIID76016,ORD46002,PROD0073,8,13
OIID36545,ORD46002,PROD0133,99,7
OIID38301,ORD46002,PROD0046,597,5
OIID41742,ORD85105,PROD0085,39,40
OIID38184,ORD85105,PROD0099,9,100
OIID72349,ORD85105,PROD0073,41,13
OIID21589,ORD85105,PROD0029,55,7
OIID23171,ORD85105,PROD0070,36,40
OIID40977,ORD94410,PROD0072,113,13
OIID13939,ORD94410,PROD0074,33,20
OIID46427,ORD94410,PROD0076,145,15
OIID16320,ORD94410,PROD0063,52,10
OIID27697,ORD69328,PROD0022,58,50
OIID61722,ORD69328,PROD0059,22,150
OIID31674,ORD69328,PROD0016,30,45
OIID12307,ORD69328,PROD0110,16,50
OIID92339,ORD21412,PROD0016,24,45
OIID86696,ORD21412,PROD0001,69,25
OIID99890,ORD21412,PROD0090,15,210
OIID63765,ORD21412,PROD0052,1,330
OIID96255,ORD21412,PROD0021,1,300
OIID51567,ORD21412,PROD0101,63,35
OIID26348,ORD98587,PROD0027,22,90
OIID77090,ORD98587,PROD0041,55,6
OIID50066,ORD98587,PROD0109,63,35
OIID22787,ORD98587,PROD0073,107,13
OIID27078,ORD98587,PROD0045,416,7
OIID49489,ORD98587,PROD0015,187,13
OIID90258,ORD76665,PROD0127,25,9
OIID86529,ORD76665,PROD0112,27,25
OIID63370,ORD76665,PROD0080,122,9
OIID13025,ORD99063,PROD0148,21,27
OIID45354,ORD99063,PROD0031,24,43
OIID32956,ORD99063,PROD0058,38,35
OIID84886,ORD75002,PROD0140,108,12
OIID99715,ORD75002,PROD0072,41,13
OIID88960,ORD75002,PROD0141,45,22
OIID45743,ORD75002,PROD0025,12,140
OIID73359,ORD75002,PROD0009,8,250
OIID51456,ORD57634,PROD0145,23,9
OIID68067,ORD57634,PROD0146,58,15
OIID99954,ORD57634,PROD0027,21,90
OIID66522,ORD56483,PROD0118,49,17
OIID64902,ORD56483,PROD0026,21,105
OIID84722,ORD94340,PROD0100,1,90
OIID61792,ORD94340,PROD0145,33,9
OIID51416,ORD94340,PROD0136,118,10
OIID25671,ORD94340,PROD0092,19,35
OIID36362,ORD32416,PROD0046,504,5
OIID65437,ORD32416,PROD0096,10,130
OIID50363,ORD73484,PROD0014,3,120
OIID42664,ORD73484,PROD0103,18,50
OIID67200,ORD73484,PROD0141,44,22
OIID79884,ORD73484,PROD0035,57,25
OIID32140,ORD73484,PROD0066,4,400
OIID66819,ORD17765,PROD0069,77,25
OIID99161,ORD17765,PROD0062,31,35
OIID25723,ORD58552,PROD0090,15,210
OIID25584,ORD58552,PROD0147,18,100
OIID87426,ORD58552,PROD0024,96,10
OIID30446,ORD90699,PROD0069,8,25
OIID99861,ORD90699,PROD0059,21,150
OIID63510,ORD90699,PROD0128,167,6
OIID79558,ORD90699,PROD0078,310,16
OIID50304,ORD83922,PROD0037,99,15
OIID95275,ORD83922,PROD0042,36,22
OIID72988,ORD42849,PROD0014,15,120
OIID70250,ORD42849,PROD0085,36,40
OIID27931,ORD42849,PROD0035,20,25
OIID95251,ORD42849,PROD0096,2,130
OIID84854,ORD42849,PROD0045,500,7
OIID37581,ORD64444,PROD0146,109,15
OIID88467,ORD64444,PROD0008,15,200
OIID44375,ORD64444,PROD0119,51,20
OIID15517,ORD64444,PROD0025,8,140
OIID68637,ORD41781,PROD0150,44,35
OIID43178,ORD41781,PROD0126,62,24
OIID64994,ORD41781,PROD0110,46,50
OIID86030,ORD41781,PROD0022,60,50
OIID23205,ORD41781,PROD0061,1,550
OIID24129,ORD23856,PROD0121,36,28
OIID39693,ORD23856,PROD0096,12,130
OIID58223,ORD90559,PROD0121,22,28
OIID16218,ORD90559,PROD0046,210,5
OIID36616,ORD90559,PROD0031,5,43
OIID92499,ORD90559,PROD0100,8,90
OIID17100,ORD90559,PROD0053,19,219
OIID46132,ORD90559,PROD0011,2,65
OIID50504,ORD14718,PROD0029,247,7
OIID83757,ORD14718,PROD0115,10,14
OIID90515,ORD22852,PROD0105,16,80
OIID13941,ORD22852,PROD0005,59,80
OIID36922,ORD22852,PROD0004,52,50
OIID88667,ORD22852,PROD0134,47,16
OIID82030,ORD22852,PROD0060,18,100
OIID40520,ORD22852,PROD0009,8,250
OIID17131,ORD76493,PROD0133,11,7
OIID92911,ORD76493,PROD0028,31,115
OIID10216,ORD76493,PROD0034,21,89
OIID36167,ORD76493,PROD0105,9,80
OIID35930,ORD76493,PROD0147,36,100
OIID44085,ORD76493,PROD0082,85,33
OIID27100,ORD76014,PROD0106,16,150
OIID35404,ORD76014,PROD0121,40,28
OIID24310,ORD76014,PROD0021,14,300
OIID76093,ORD76014,PROD0059,8,150
OIID28181,ORD76014,PROD0139,25,15
OIID25380,ORD76103,PROD0145,74,9
OIID86391,ORD76103,PROD0023,11,19
OIID81233,ORD76103,PROD0127,53,9
OIID88978,ORD76103,PROD0095,35,50
OIID59903,ORD76103,PROD0041,22,6
OIID10528,ORD76103,PROD0005,37,80
OIID28479,ORD36551,PROD0045,271,7
OIID24984,ORD36551,PROD0080,148,9
OIID72057,ORD36551,PROD0056,10,210
OIID13846,ORD36551,PROD0034,40,89
OIID97856,ORD36551,PROD0100,18,90
OIID70543,ORD79106,PROD0024,124,10
OIID56436,ORD79106,PROD0110,7,50
OIID72179,ORD79106,PROD0038,185,13
OIID82911,ORD20303,PROD0119,40,20
OIID45669,ORD20303,PROD0112,14,25
OIID93624,ORD84790,PROD0095,7,50
OIID66033,ORD84790,PROD0057,103,8
OIID16759,ORD84790,PROD0119,97,20
OIID81533,ORD28520,PROD0066,7,400
OIID69011,ORD28520,PROD0112,41,25
OIID20095,ORD28520,PROD0076,151,15
OIID48385,ORD28520,PROD0126,55,24
OIID60515,ORD28520,PROD0132,21,18
OIID15231,ORD28520,PROD0099,22,100
OIID63872,ORD19083,PROD0092,14,35
OIID65740,ORD19083,PROD0023,73,19
OIID55038,ORD19083,PROD0146,48,15
OIID10996,ORD19083,PROD0038,152,13
OIID33538,ORD65135,PROD0046,555,5
OIID55535,ORD65135,PROD0100,12,90
OIID19198,ORD31851,PROD0148,42,27
OIID13170,ORD31851,PROD0057,107,8
OIID88373,ORD31851,PROD0044,125,12
OIID77954,ORD31851,PROD0124,2,60
OIID36187,ORD61485,PROD0112,16,25
OIID76678,ORD61485,PROD0061,6,550
OIID89631,ORD61485,PROD0001,38,25
OIID58186,ORD49441,PROD0100,13,90
OIID77988,ORD49441,PROD0052,12,330
OIID77726,ORD49441,PROD0014,28,120
OIID64947,ORD49441,PROD0112,79,25
OIID32115,ORD49441,PROD0004,56,50
OIID72029,ORD49441,PROD0116,134,9
OIID24906,ORD95784,PROD0066,7,400
OIID51443,ORD95784,PROD0125,8,42
OIID19636,ORD95784,PROD0020,14,40
OIID18156,ORD42447,PROD0116,244,9
OIID95148,ORD42447,PROD0014,23,120
OIID10229,ORD42447,PROD0035,65,25
OIID62941,ORD42447,PROD0119,3,20
OIID56054,ORD42447,PROD0113,16,19
OIID89418,ORD79005,PROD0132,73,18
OIID71566,ORD79005,PROD0126,14,24
OIID22961,ORD79005,PROD0134,36,16
OIID98379,ORD79005,PROD0081,2,45
OIID39616,ORD79005,PROD0007,26,60
OIID70762,ORD32657,PROD0014,20,120
OIID22951,ORD32657,PROD0106,8,150
OIID41910,ORD32657,PROD0056,2,210
OIID24321,ORD32657,PROD0025,6,140
OIID85303,ORD32657,PROD0008,19,200
OIID66788,ORD32238,PROD0022,50,50
OIID19301,ORD32238,PROD0088,27,27
OIID28768,ORD32238,PROD0100,13,90
OIID79735,ORD32238,PROD0124,19,60
OIID17594,ORD17546,PROD0090,13,210
OIID34473,ORD17546,PROD0142,9,25
OIID20135,ORD66999,PROD0076,154,15
OIID34267,ORD66999,PROD0002,16,90
OIID70441,ORD66999,PROD0120,11,23
OIID93960,ORD61036,PROD0009,6,250
OIID48223,ORD61036,PROD0112,83,25
OIID25863,ORD82213,PROD0100,16,90
OIID74613,ORD82213,PROD0030,2,35
OIID46022,ORD82213,PROD0120,49,23
OIID43617,ORD82213,PROD0085,44,40
OIID40443,ORD82213,PROD0138,92,7
OIID28355,ORD63970,PROD0100,14,90
OIID80666,ORD63970,PROD0134,50,16
OIID72791,ORD63970,PROD0016,15,45
OIID78835,ORD79401,PROD0111,64,16
OIID23253,ORD79401,PROD0085,37,40
OIID57010,ORD82304,PROD0146,17,15
OIID76402,ORD82304,PROD0096,7,130
OIID46182,ORD82304,PROD0027,1,90
OIID79464,ORD82304,PROD0086,27,50
OIID66456,ORD82304,PROD0116,116,9
OIID87630,ORD82304,PROD0001,84,25
OIID56061,ORD69607,PROD0022,4,50
OIID93016,ORD69607,PROD0105,10,80
OIID89111,ORD69607,PROD0116,72,9
OIID13644,ORD69607,PROD0119,68,20
OIID64419,ORD69607,PROD0099,12,100
OIID68482,ORD71190,PROD0150,5,35
OIID19955,ORD71190,PROD0031,18,43
OIID61407,ORD79094,PROD0130,32,10
OIID20445,ORD79094,PROD0092,43,35
OIID42807,ORD73934,PROD0145,72,9
OIID38733,ORD73934,PROD0001,3,25
OIID99462,ORD73934,PROD0096,11,130
OIID56953,ORD73934,PROD0060,7,100
OIID79770,ORD73934,PROD0080,15,9
OIID72260,ORD73934,PROD0025,8,140
OIID90248,ORD10049,PROD0096,7,130
OIID71597,ORD10049,PROD0005,1,80
OIID56889,ORD10049,PROD0063,60,10
OIID85405,ORD71834,PROD0146,65,15
OIID31890,ORD71834,PROD0075,119,20
OIID41008,ORD71834,PROD0053,6,219
OIID23907,ORD71834,PROD0128,284,6
OIID97031,ORD46136,PROD0080,58,9
OIID29971,ORD46136,PROD0116,174,9
OIID72487,ORD46136,PROD0139,30,15
OIID21164,ORD46136,PROD0061,2,550
OIID67493,ORD46136,PROD0126,75,24
OIID42485,ORD31151,PROD0126,44,24
OIID87514,ORD31151,PROD0094,87,15
OIID82239,ORD31151,PROD0047,5,17
OIID29636,ORD31151,PROD0063,40,10
OIID78317,ORD31151,PROD0011,41,65
OIID38328,ORD86438,PROD0008,3,200
OIID43981,ORD86438,PROD0038,156,13
OIID68768,ORD86438,PROD0076,2,15
OIID40383,ORD86438,PROD0106,17,150
OIID66209,ORD93929,PROD0028,2,115
OIID75632,ORD93929,PROD0092,19,35
OIID33152,ORD93929,PROD0093,52,28
OIID76597,ORD93929,PROD0002,4,90
OIID43063,ORD87441,PROD0136,24,10
OIID61231,ORD87441,PROD0005,85,80
OIID95004,ORD87441,PROD0134,43,16
OIID71168,ORD87441,PROD0088,28,27
OIID78208,ORD87441,PROD0149,54,15
OIID52190,ORD72795,PROD0112,12,25
OIID75899,ORD72795,PROD0127,121,9
OIID80179,ORD72795,PROD0099,6,100
OIID55755,ORD72795,PROD0018,136,16
OIID37174,ORD72795,PROD0102,287,7
OIID19974,ORD72795,PROD0035,4,25
OIID73960,ORD95855,PROD0135,112,9
OIID46330,ORD95855,PROD0067,22,90
OIID65788,ORD95855,PROD0009,9,250
OIID84741,ORD95855,PROD0065,17,180
OIID94462,ORD95855,PROD0022,6,50
OIID25666,ORD51703,PROD0147,27,100
OIID31098,ORD51703,PROD0045,182,7
OIID11011,ORD51703,PROD0025,2,140
OIID44506,ORD51703,PROD0102,218,7
OIID78900,ORD51703,PROD0123,139,12
OIID68245,ORD51703,PROD0036,100,9
OIID87781,ORD96732,PROD0043,7,20
OIID98705,ORD96732,PROD0017,17,20
OIID41544,ORD66600,PROD0072,141,13
OIID88562,ORD66600,PROD0125,30,42
OIID79323,ORD66600,PROD0054,14,289
OIID54262,ORD66600,PROD0001,30,25
OIID65662,ORD66600,PROD0105,35,80
OIID42130,ORD66600,PROD0121,21,28
OIID44432,ORD98525,PROD0022,9,50
OIID74354,ORD98525,PROD0073,84,13
OIID45999,ORD98525,PROD0016,35,45
OIID63846,ORD81018,PROD0053,17,219
OIID29864,ORD81018,PROD0121,38,28
OIID51032,ORD59022,PROD0041,92,6
OIID78496,ORD59022,PROD0059,8,150
OIID76010,ORD59022,PROD0136,236,10
OIID63547,ORD59022,PROD0081,88,45
OIID68117,ORD59022,PROD0043,35,20
OIID21727,ORD59330,PROD0125,21,42
OIID81256,ORD59330,PROD0047,11,17
OIID48717,ORD59330,PROD0094,106,15
OIID71633,ORD59330,PROD0141,32,22
OIID21807,ORD59330,PROD0016,28,45
OIID72281,ORD26319,PROD0005,30,80
OIID94542,ORD26319,PROD0143,4,11
OIID56827,ORD26319,PROD0050,131,10
OIID83867,ORD26319,PROD0007,7,60
OIID51809,ORD26319,PROD0112,22,25
OIID40707,ORD26319,PROD0150,20,35
OIID23581,ORD54679,PROD0122,379,6
OIID14414,ORD54679,PROD0001,100,25
OIID93858,ORD54679,PROD0087,10,90
OIID26753,ORD39358,PROD0081,71,45
OIID30674,ORD39358,PROD0146,78,15
OIID99016,ORD39358,PROD0141,20,22
OIID83262,ORD39358,PROD0092,14,35
OIID92099,ORD39358,PROD0008,18,200
OIID94196,ORD55906,PROD0013,85,95
OIID42397,ORD55906,PROD0041,41,6
OIID53246,ORD88788,PROD0058,77,35
OIID25641,ORD88788,PROD0038,103,13
OIID58593,ORD88788,PROD0012,14,85
OIID99417,ORD88788,PROD0099,12,100
OIID87465,ORD88788,PROD0036,95,9
OIID78148,ORD88788,PROD0075,104,20
OIID95916,ORD58757,PROD0139,48,15
OIID31188,ORD58757,PROD0129,99,8
OIID48024,ORD58757,PROD0112,53,25
OIID94617,ORD58757,PROD0067,16,90
OIID63748,ORD11338,PROD0028,21,115
OIID91470,ORD11338,PROD0110,61,50
OIID47485,ORD11338,PROD0007,30,60
OIID81338,ORD13116,PROD0007,3,60
OIID38549,ORD13116,PROD0142,37,25
OIID68758,ORD89534,PROD0115,82,14
OIID64693,ORD89534,PROD0082,8,33
OIID88465,ORD89534,PROD0105,2,80
OIID74044,ORD89534,PROD0067,16,90
OIID52476,ORD89534,PROD0106,15,150
OIID12392,ORD89534,PROD0085,45,40
OIID60540,ORD49499,PROD0146,73,15
OIID80674,ORD49499,PROD0150,40,35
OIID59312,ORD60850,PROD0054,1,289
OIID93479,ORD60850,PROD0134,26,16
OIID46399,ORD60850,PROD0016,35,45
OIID86266,ORD60850,PROD0107,3,130
OIID17369,ORD60850,PROD0092,35,35
OIID35524,ORD26149,PROD0052,7,330
OIID93288,ORD26149,PROD0141,15,22
OIID39669,ORD26149,PROD0132,55,18
OIID15937,ORD17755,PROD0075,94,20
OIID34477,ORD17755,PROD0023,20,19
OIID35375,ORD17755,PROD0140,109,12
OIID43744,ORD17755,PROD0080,18,9
OIID23453,ORD17755,PROD0079,136,10
OIID29749,ORD17755,PROD0036,34,9
OIID61028,ORD77034,PROD0038,54,13
OIID86809,ORD77034,PROD0046,319,5
OIID79293,ORD54696,PROD0121,8,28
OIID84320,ORD54696,PROD0049,22,9
OIID45202,ORD63846,PROD0132,14,18
OIID54644,ORD63846,PROD0121,12,28
OIID90776,ORD63846,PROD0066,7,400
OIID45735,ORD63719,PROD0029,111,7
OIID41524,ORD63719,PROD0097,11,20
OIID19566,ORD63719,PROD0058,11,35
OIID45177,ORD38774,PROD0058,58,35
OIID20233,ORD38774,PROD0091,8,160
OIID67259,ORD38774,PROD0084,70,25
OIID12790,ORD38774,PROD0057,80,8
OIID62581,ORD38774,PROD0028,13,115
OIID71510,ORD38774,PROD0001,17,25
OIID92749,ORD83397,PROD0130,96,10
OIID19921,ORD83397,PROD0101,29,35
OIID94318,ORD83397,PROD0016,29,45
OIID30643,ORD83397,PROD0009,4,250
OIID55945,ORD35780,PROD0008,19,200
OIID71837,ORD35780,PROD0038,28,13
OIID38559,ORD63249,PROD0070,38,40
OIID97588,ORD63249,PROD0023,46,19
OIID89574,ORD70450,PROD0052,11,330
OIID96103,ORD70450,PROD0034,30,89
OIID35473,ORD14916,PROD0130,83,10
OIID57964,ORD14916,PROD0150,10,35
OIID17743,ORD14916,PROD0121,22,28
OIID99819,ORD14916,PROD0048,17,24
OIID18072,ORD14916,PROD0066,7,400
OIID23811,ORD14916,PROD0106,6,150
OIID41976,ORD33766,PROD0018,138,16
OIID94969,ORD33766,PROD0092,47,35
OIID87671,ORD33766,PROD0096,4,130
OIID28639,ORD30777,PROD0079,132,10
OIID17457,ORD30777,PROD0009,4,250
OIID91675,ORD30777,PROD0089,116,12
OIID88028,ORD33724,PROD0001,29,25
OIID19454,ORD33724,PROD0046,344,5
OIID15063,ORD33724,PROD0053,2,219
OIID16888,ORD85064,PROD0076,58,15
OIID91483,ORD85064,PROD0095,16,50
OIID70294,ORD85064,PROD0066,10,400
OIID57262,ORD85064,PROD0136,88,10
OIID30350,ORD40881,PROD0143,38,11
OIID12469,ORD40881,PROD0050,13,10
OIID82763,ORD12018,PROD0007,33,60
OIID14193,ORD12018,PROD0096,1,130
OIID62247,ORD12018,PROD0132,12,18
OIID54004,ORD12018,PROD0036,41,9
OIID80204,ORD12018,PROD0004,47,50
OIID75192,ORD12018,PROD0139,9,15
OIID44797,ORD24400,PROD0043,91,20
OIID98745,ORD24400,PROD0015,34,13
OIID97197,ORD24400,PROD0072,81,13
OIID55872,ORD24400,PROD0009,7,250
OIID10700,ORD69008,PROD0092,51,35
OIID64591,ORD69008,PROD0136,224,10
OIID48777,ORD69008,PROD0076,53,15
OIID54879,ORD93933,PROD0105,8,80
OIID99613,ORD93933,PROD0042,53,22
OIID25700,ORD93933,PROD0016,33,45
OIID56337,ORD93933,PROD0011,26,65
OIID88060,ORD44946,PROD0102,137,7
OIID46638,ORD44946,PROD0067,25,90
OIID76849,ORD44946,PROD0121,24,28
OIID91482,ORD55559,PROD0053,8,219
OIID38803,ORD55559,PROD0075,121,20
OIID85572,ORD55559,PROD0068,11,170
OIID47962,ORD55559,PROD0134,11,16
OIID51872,ORD24636,PROD0106,4,150
OIID22084,ORD24636,PROD0122,186,6
OIID70104,ORD24636,PROD0139,65,15
OIID13300,ORD24636,PROD0085,34,40
OIID64714,ORD24636,PROD0031,27,43
OIID46547,ORD56659,PROD0052,2,330
OIID18442,ORD56659,PROD0063,26,10
OIID49704,ORD56659,PROD0130,59,10
OIID38170,ORD35984,PROD0110,37,50
OIID41697,ORD35984,PROD0139,54,15
OIID22456,ORD34646,PROD0076,41,15
OIID94838,ORD34646,PROD0029,76,7
OIID41301,ORD34646,PROD0016,14,45
OIID73783,ORD34646,PROD0115,2,14
OIID51329,ORD34646,PROD0047,41,17
OIID22206,ORD58655,PROD0146,62,15
OIID34044,ORD58655,PROD0062,25,35
OIID40361,ORD58655,PROD0057,12,8
OIID78345,ORD58655,PROD0067,9,90
OIID65623,ORD37188,PROD0047,22,17
OIID51371,ORD37188,PROD0056,15,210
OIID25878,ORD27093,PROD0096,3,130
OIID49558,ORD27093,PROD0112,64,25
OIID86397,ORD27093,PROD0076,44,15
OIID46562,ORD27093,PROD0072,2,13
OIID42982,ORD27093,PROD0136,185,10
OIID83650,ORD73658,PROD0072,59,13
OIID73540,ORD73658,PROD0141,10,22
OIID61095,ORD73658,PROD0126,66,24
OIID66623,ORD73658,PROD0007,1,60
OIID93809,ORD73658,PROD0066,7,400
OIID15099,ORD28543,PROD0009,4,250
OIID26431,ORD28543,PROD0032,16,30
OIID86463,ORD10518,PROD0150,4,35
OIID16144,ORD10518,PROD0083,30,30
OIID61292,ORD89384,PROD0001,27,25
OIID59133,ORD89384,PROD0113,72,19
OIID89050,ORD89384,PROD0086,27,50
OIID71223,ORD89384,PROD0018,18,16
OIID64928,ORD89384,PROD0004,48,50
OIID85203,ORD89384,PROD0075,110,20
OIID12266,ORD27727,PROD0104,10,90
OIID94715,ORD27727,PROD0055,23,160
OIID74536,ORD27727,PROD0133,23,7
OIID14791,ORD27727,PROD0088,4,27
OIID45766,ORD27727,PROD0113,23,19
OIID10925,ORD27727,PROD0007,8,60
OIID82825,ORD65626,PROD0145,41,9
OIID91751,ORD65626,PROD0107,15,130
OIID19188,ORD65626,PROD0062,30,35
OIID48893,ORD65626,PROD0147,36,100
OIID54531,ORD82630,PROD0140,110,12
OIID42091,ORD82630,PROD0114,24,45
OIID20468,ORD82630,PROD0072,90,13
OIID48272,ORD82630,PROD0024,314,10
OIID10893,ORD14520,PROD0072,55,13
OIID68199,ORD14520,PROD0056,6,210
OIID32336,ORD14520,PROD0034,22,89
OIID71007,ORD84195,PROD0027,20,90
OIID91209,ORD84195,PROD0070,52,40
OIID42072,ORD84195,PROD0007,29,60
OIID33680,ORD83833,PROD0035,8,25
OIID38059,ORD83833,PROD0045,448,7
OIID35674,ORD83833,PROD0121,13,28
OIID92186,ORD83833,PROD0099,12,100
OIID87159,ORD83833,PROD0027,16,90
OIID46644,ORD66510,PROD0049,90,9
OIID45963,ORD66510,PROD0146,95,15
OIID97098,ORD66510,PROD0006,15,70
OIID35579,ORD55594,PROD0132,45,18
OIID48680,ORD55594,PROD0106,1,150
OIID92137,ORD55594,PROD0147,40,100
OIID13903,ORD91467,PROD0019,5,160
OIID11355,ORD91467,PROD0072,83,13
OIID41297,ORD91467,PROD0092,34,35
OIID17380,ORD91467,PROD0064,4,130
OIID23980,ORD91467,PROD0078,94,16
OIID67512,ORD65924,PROD0056,5,210
OIID94708,ORD65924,PROD0014,21,120
OIID28760,ORD65924,PROD0072,124,13
OIID17537,ORD65924,PROD0125,29,42
OIID79696,ORD65924,PROD0141,54,22
OIID94474,ORD74675,PROD0141,8,22
OIID88928,ORD74675,PROD0077,285,16
OIID37408,ORD75964,PROD0102,258,7
OIID57704,ORD75964,PROD0023,103,19
OIID84480,ORD75964,PROD0146,120,15
OIID30799,ORD36992,PROD0032,2,30
OIID56201,ORD36992,PROD0112,3,25
OIID84292,ORD36992,PROD0141,59,22
OIID14693,ORD36992,PROD0028,22,115
OIID59623,ORD53063,PROD0018,119,16
OIID12271,ORD53063,PROD0096,8,130
OIID25504,ORD53063,PROD0076,136,15
OIID77670,ORD75581,PROD0094,46,15
OIID47640,ORD75581,PROD0002,45,90
OIID94642,ORD75581,PROD0045,330,7
OIID12487,ORD75581,PROD0101,51,35
OIID41244,ORD75581,PROD0054,18,289
OIID70123,ORD44742,PROD0114,43,45
OIID83734,ORD44742,PROD0021,19,300
OIID89292,ORD44742,PROD0076,79,15
OIID93250,ORD44742,PROD0139,18,15
OIID78705,ORD44742,PROD0125,11,42
OIID28964,ORD74609,PROD0119,5,20
OIID27548,ORD74609,PROD0092,41,35
OIID32102,ORD74609,PROD0079,51,10
OIID79454,ORD74609,PROD0143,137,11
OIID31116,ORD38535,PROD0021,15,300
OIID52725,ORD38535,PROD0014,16,120
OIID89100,ORD38535,PROD0075,83,20
OIID53765,ORD38535,PROD0035,9,25
OIID22338,ORD38535,PROD0102,4,7
OIID57765,ORD78151,PROD0127,36,9
OIID82099,ORD78151,PROD0090,2,210
OIID25312,ORD91519,PROD0116,51,9
OIID90620,ORD91519,PROD0047,74,17
OIID74247,ORD91519,PROD0123,129,12
OIID33320,ORD91519,PROD0043,19,20
OIID19743,ORD91519,PROD0009,6,250
OIID65250,ORD55025,PROD0137,55,14
OIID10282,ORD55025,PROD0102,132,7
OIID14130,ORD55025,PROD0098,49,10
OIID13185,ORD55025,PROD0024,33,10
OIID30463,ORD55025,PROD0128,259,6
OIID35851,ORD55025,PROD0146,22,15
OIID57153,ORD75277,PROD0126,42,24
OIID86794,ORD75277,PROD0014,26,120
OIID35072,ORD75277,PROD0136,136,10
OIID70456,ORD42197,PROD0082,29,33
OIID82922,ORD42197,PROD0056,5,210
OIID49256,ORD42197,PROD0075,86,20
OIID62981,ORD42197,PROD0074,25,20
OIID47599,ORD42197,PROD0100,6,90
OIID55815,ORD42197,PROD0066,3,400
OIID34425,ORD84167,PROD0054,8,289
OIID53087,ORD84167,PROD0112,49,25
OIID65445,ORD84167,PROD0026,7,105
OIID66246,ORD40681,PROD0014,27,120
OIID60102,ORD40681,PROD0053,13,219
OIID58759,ORD40681,PROD0113,13,19
OIID26610,ORD66054,PROD0083,17,30
OIID34740,ORD66054,PROD0007,6,60
OIID89438,ORD66054,PROD0074,5,20
OIID26089,ORD73077,PROD0085,31,40
OIID95083,ORD73077,PROD0002,33,90
OIID93239,ORD63023,PROD0101,13,35
OIID34252,ORD63023,PROD0035,15,25
OIID33526,ORD63023,PROD0009,1,250
OIID32021,ORD63023,PROD0116,130,9
OIID67265,ORD63023,PROD0147,32,100
OIID15997,ORD63023,PROD0133,136,7
OIID79388,ORD35290,PROD0067,16,90
OIID20276,ORD35290,PROD0012,50,85
OIID75595,ORD35290,PROD0003,3,350
OIID38990,ORD35290,PROD0042,33,22
OIID57232,ORD35290,PROD0002,27,90
OIID63279,ORD56956,PROD0007,26,60
OIID46011,ORD56956,PROD0070,56,40
OIID66475,ORD56956,PROD0101,6,35
OIID78809,ORD56956,PROD0141,31,22
OIID26454,ORD51605,PROD0081,22,45
OIID11381,ORD51605,PROD0101,21,35
OIID88261,ORD51605,PROD0141,56,22
OIID24723,ORD52517,PROD0145,155,9
OIID62770,ORD52517,PROD0092,6,35
OIID33362,ORD52517,PROD0132,110,18
OIID70690,ORD52517,PROD0116,175,9
OIID61738,ORD52517,PROD0034,15,89
OIID61009,ORD52517,PROD0085,33,40
OIID12507,ORD94875,PROD0014,2,120
OIID23242,ORD94875,PROD0096,7,130
OIID55167,ORD94875,PROD0072,42,13
OIID86460,ORD94875,PROD0132,115,18
OIID34673,ORD53283,PROD0119,13,20
OIID45952,ORD53283,PROD0094,64,15
OIID53346,ORD53283,PROD0079,7,10
OIID95346,ORD53283,PROD0012,69,85
OIID85266,ORD16030,PROD0008,22,200
OIID29332,ORD16030,PROD0096,14,130
OIID25436,ORD16030,PROD0028,44,115
OIID47695,ORD16030,PROD0125,11,42
OIID86221,ORD16030,PROD0023,20,19
OIID34409,ORD16030,PROD0001,8,25
OIID77828,ORD96419,PROD0073,141,13
OIID74142,ORD96419,PROD0090,6,210
OIID21070,ORD96419,PROD0017,2,20
OIID85907,ORD50220,PROD0081,62,45
OIID38858,ORD50220,PROD0004,16,50
OIID97785,ORD50220,PROD0126,54,24
OIID21957,ORD50220,PROD0045,239,7
OIID78607,ORD50220,PROD0121,22,28
OIID27671,ORD50220,PROD0132,116,18
OIID34942,ORD93584,PROD0072,174,13
OIID46186,ORD93584,PROD0007,9,60
OIID68260,ORD93584,PROD0037,167,15
OIID75357,ORD93584,PROD0086,3,50
OIID42418,ORD93584,PROD0008,2,200
OIID81015,ORD93584,PROD0126,32,24
OIID19924,ORD21348,PROD0142,52,25
OIID75645,ORD21348,PROD0116,110,9
OIID81094,ORD21348,PROD0123,69,12
OIID73980,ORD21348,PROD0061,2,550
OIID81543,ORD21348,PROD0099,11,100
OIID25488,ORD17599,PROD0083,27,30
OIID92778,ORD17599,PROD0023,119,19
OIID23355,ORD65090,PROD0043,8,20
OIID16457,ORD65090,PROD0011,20,65
OIID25654,ORD54572,PROD0083,22,30
OIID71268,ORD54572,PROD0067,19,90
OIID88592,ORD54572,PROD0101,84,35
OIID29781,ORD54572,PROD0092,26,35
OIID16338,ORD88051,PROD0018,91,16
OIID20210,ORD88051,PROD0038,31,13
OIID45770,ORD88051,PROD0034,37,89
OIID10268,ORD88051,PROD0014,23,120
OIID87491,ORD88051,PROD0136,28,10
OIID91972,ORD88051,PROD0056,14,210
OIID59433,ORD53058,PROD0067,4,90
OIID99851,ORD53058,PROD0016,2,45
OIID17322,ORD53058,PROD0056,14,210
OIID90240,ORD53058,PROD0094,179,15
OIID81493,ORD53058,PROD0053,5,219
OIID60570,ORD77585,PROD0146,46,15
OIID22154,ORD77585,PROD0105,20,80
OIID32884,ORD64147,PROD0016,33,45
OIID26406,ORD64147,PROD0087,9,90
OIID45340,ORD64147,PROD0127,145,9
OIID39543,ORD64147,PROD0007,18,60
OIID59879,ORD64147,PROD0008,10,200
OIID14611,ORD64147,PROD0046,230,5
OIID33877,ORD69122,PROD0121,25,28
OIID26040,ORD69122,PROD0054,10,289
OIID20443,ORD30361,PROD0080,193,9
OIID94250,ORD30361,PROD0149,21,15
OIID91558,ORD30361,PROD0113,37,19
OIID71913,ORD30361,PROD0023,26,19
OIID36678,ORD30361,PROD0022,19,50
OIID56264,ORD43342,PROD0021,17,300
OIID19906,ORD43342,PROD0034,15,89
OIID50837,ORD43342,PROD0112,22,25
OIID81120,ORD55829,PROD0004,54,50
OIID75337,ORD55829,PROD0063,116,10
OIID59254,ORD13214,PROD0001,112,25
OIID96207,ORD13214,PROD0023,144,19
OIID49248,ORD94557,PROD0102,206,7
OIID72431,ORD94557,PROD0061,6,550
OIID29840,ORD94557,PROD0114,28,45
OIID74556,ORD94557,PROD0019,9,160
OIID75617,ORD92412,PROD0018,72,16
OIID96792,ORD92412,PROD0092,23,35
OIID13320,ORD92412,PROD0076,47,15
OIID15902,ORD92412,PROD0014,9,120
OIID63310,ORD92412,PROD0056,15,210
OIID33967,ORD72053,PROD0106,5,150
OIID25077,ORD72053,PROD0112,90,25
OIID12418,ORD73625,PROD0001,1,25
OIID48037,ORD73625,PROD0072,74,13
OIID77576,ORD73625,PROD0061,5,550
OIID74476,ORD73625,PROD0014,26,120
OIID15251,ORD62434,PROD0046,573,5
OIID69287,ORD62434,PROD0076,64,15
OIID15095,ORD31731,PROD0093,1,28
OIID69440,ORD31731,PROD0142,15,25
OIID11030,ORD31731,PROD0023,79,19
OIID96761,ORD31731,PROD0106,2,150
OIID25230,ORD31731,PROD0145,186,9
OIID96655,ORD69826,PROD0030,50,35
OIID85010,ORD69826,PROD0011,31,65
OIID44169,ORD69826,PROD0114,21,45
OIID91216,ORD69826,PROD0084,66,25
OIID96612,ORD69826,PROD0144,42,30
OIID83024,ORD69826,PROD0081,44,45
OIID83296,ORD27216,PROD0106,13,150
OIID15489,ORD27216,PROD0136,143,10
OIID81079,ORD27216,PROD0027,5,90
OIID47306,ORD27216,PROD0004,16,50
OIID20430,ORD23347,PROD0056,2,210
OIID55432,ORD23347,PROD0065,28,180
OIID32242,ORD23554,PROD0023,136,19
OIID42584,ORD23554,PROD0087,10,90
OIID40455,ORD23554,PROD0046,395,5
OIID75790,ORD23554,PROD0050,39,10
OIID32212,ORD23554,PROD0133,7,7
OIID79781,ORD23554,PROD0065,2,180
OIID57538,ORD33531,PROD0105,22,80
OIID82812,ORD33531,PROD0008,9,200
OIID91215,ORD33531,PROD0018,68,16
OIID76649,ORD33531,PROD0021,8,300
OIID56468,ORD33531,PROD0116,149,9
OIID36280,ORD88030,PROD0121,33,28
OIID44138,ORD88030,PROD0143,99,11
OIID18532,ORD72191,PROD0044,111,12
OIID49929,ORD72191,PROD0040,119,16
OIID37519,ORD72191,PROD0077,154,16
OIID71300,ORD72191,PROD0005,29,80
OIID73467,ORD72191,PROD0003,15,350
OIID31016,ORD36766,PROD0022,56,50
OIID74700,ORD36766,PROD0087,15,90
OIID97408,ORD36766,PROD0081,44,45
OIID37510,ORD36766,PROD0003,11,350
OIID42392,ORD36766,PROD0130,201,10
OIID28542,ORD60218,PROD0081,105,45
OIID21437,ORD60218,PROD0065,13,180
OIID80150,ORD60218,PROD0106,14,150
OIID51048,ORD60218,PROD0130,118,10
OIID70289,ORD60218,PROD0074,42,20
OIID17715,ORD85767,PROD0022,63,50
OIID41519,ORD85767,PROD0045,197,7
OIID21306,ORD85767,PROD0093,74,28
OIID71609,ORD85767,PROD0141,47,22
OIID61194,ORD85767,PROD0140,124,12
OIID27261,ORD85767,PROD0083,16,30
OIID99093,ORD86363,PROD0076,110,15
OIID78709,ORD86363,PROD0121,29,28
OIID30361,ORD86363,PROD0106,8,150
OIID85075,ORD86363,PROD0080,199,9
OIID92432,ORD86363,PROD0070,84,40
OIID18689,ORD86363,PROD0046,49,5
OIID90898,ORD95368,PROD0123,76,12
OIID12147,ORD95368,PROD0099,8,100
OIID10158,ORD92169,PROD0076,20,15
OIID70150,ORD92169,PROD0086,9,50
OIID41835,ORD92169,PROD0072,109,13
OIID44891,ORD92169,PROD0116,248,9
OIID44800,ORD79663,PROD0136,20,10
OIID67844,ORD79663,PROD0005,74,80
OIID31398,ORD79663,PROD0032,2,30
OIID57174,ORD79663,PROD0120,69,23
OIID48384,ORD79663,PROD0099,10,100
OIID24018,ORD28539,PROD0113,14,19
OIID92038,ORD28539,PROD0003,9,350
OIID34993,ORD28539,PROD0012,19,85
OIID43293,ORD28539,PROD0009,4,250
OIID19994,ORD79288,PROD0092,36,35
OIID83023,ORD79288,PROD0085,26,40
OIID60935,ORD54061,PROD0101,73,35
OIID72585,ORD54061,PROD0145,58,9
OIID49607,ORD54061,PROD0056,8,210
OIID87895,ORD54061,PROD0018,69,16
OIID94125,ORD54061,PROD0092,45,35
OIID89869,ORD18086,PROD0072,36,13
OIID60538,ORD18086,PROD0112,52,25
OIID22634,ORD36211,PROD0107,11,130
OIID93548,ORD36211,PROD0028,1,115
OIID78502,ORD36211,PROD0119,63,20
OIID91946,ORD36211,PROD0073,79,13
OIID29159,ORD36211,PROD0034,12,89
OIID50634,ORD62863,PROD0145,137,9
OIID11087,ORD62863,PROD0142,47,25
OIID24332,ORD62863,PROD0042,68,22
OIID59057,ORD62863,PROD0008,21,200
OIID29300,ORD34531,PROD0065,30,180
OIID12729,ORD34531,PROD0018,63,16
OIID86750,ORD34531,PROD0116,167,9
OIID59047,ORD34531,PROD0004,56,50
OIID63268,ORD34531,PROD0061,2,550
OIID92460,ORD34531,PROD0079,123,10
OIID43752,ORD68805,PROD0001,62,25
OIID83749,ORD68805,PROD0027,12,90
OIID70479,ORD68805,PROD0018,39,16
OIID93311,ORD68805,PROD0112,42,25
OIID43157,ORD59763,PROD0052,10,330
OIID92298,ORD59763,PROD0035,49,25
OIID52695,ORD44310,PROD0009,9,250
OIID76310,ORD44310,PROD0126,57,24
OIID58816,ORD44310,PROD0053,20,219
OIID16214,ORD26354,PROD0004,10,50
OIID52549,ORD26354,PROD0024,57,10
OIID40918,ORD26354,PROD0005,34,80
OIID78283,ORD26354,PROD0030,31,35
OIID18560,ORD26354,PROD0135,97,9
OIID11339,ORD95829,PROD0105,33,80
OIID81783,ORD95829,PROD0134,38,16
OIID75959,ORD95829,PROD0142,13,25
OIID18479,ORD95829,PROD0003,6,350
OIID74157,ORD48948,PROD0052,4,330
OIID51100,ORD48948,PROD0072,128,13
OIID92266,ORD48948,PROD0045,141,7
OIID88368,ORD48948,PROD0065,24,180
OIID20633,ORD48948,PROD0132,104,18
OIID60508,ORD89696,PROD0090,1,210
OIID52250,ORD89696,PROD0087,10,90
OIID67809,ORD54169,PROD0101,39,35
OIID46713,ORD54169,PROD0047,63,17
OIID62754,ORD54169,PROD0103,5,50
OIID12806,ORD72868,PROD0008,1,200
OIID16696,ORD72868,PROD0022,48,50
OIID62675,ORD72868,PROD0126,68,24
OIID86955,ORD72868,PROD0007,10,60
OIID65416,ORD72868,PROD0132,11,18
OIID72483,ORD85436,PROD0140,52,12
OIID43754,ORD85436,PROD0105,38,80
OIID73204,ORD85436,PROD0034,31,89
OIID53240,ORD20519,PROD0100,8,90
OIID95596,ORD20519,PROD0046,475,5
OIID64904,ORD18393,PROD0027,5,90
OIID63966,ORD18393,PROD0086,6,50
OIID21482,ORD16557,PROD0147,38,100
OIID33860,ORD16557,PROD0061,8,550
OIID24135,ORD48224,PROD0034,10,89
OIID68137,ORD48224,PROD0028,39,115
OIID69695,ORD88344,PROD0063,29,10
OIID72542,ORD88344,PROD0116,69,9
OIID45714,ORD68903,PROD0046,269,5
OIID33781,ORD68903,PROD0132,43,18
OIID30077,ORD30070,PROD0085,24,40
OIID46518,ORD30070,PROD0055,6,160
OIID33298,ORD30070,PROD0074,54,20
OIID97554,ORD30070,PROD0120,13,23
OIID90502,ORD30070,PROD0095,10,50
OIID34956,ORD30070,PROD0096,12,130
OIID21887,ORD99300,PROD0023,196,19
OIID44355,ORD99300,PROD0132,67,18
OIID25969,ORD99300,PROD0126,80,24
OIID96162,ORD67732,PROD0133,110,7
OIID86009,ORD67732,PROD0055,18,160
OIID18154,ORD67732,PROD0081,108,45
OIID15294,ORD14302,PROD0027,11,90
OIID34377,ORD14302,PROD0122,277,6
OIID16627,ORD18487,PROD0081,107,45
OIID18604,ORD18487,PROD0028,23,115
OIID71626,ORD18487,PROD0136,37,10
OIID30541,ORD18487,PROD0125,6,42
OIID48670,ORD18487,PROD0096,2,130
OIID55572,ORD85497,PROD0102,287,7
OIID67808,ORD85497,PROD0047,74,17
OIID29621,ORD85497,PROD0014,24,120
OIID55010,ORD85497,PROD0082,29,33
OIID76326,ORD60440,PROD0081,17,45
OIID13713,ORD60440,PROD0003,1,350
OIID24630,ORD17618,PROD0056,11,210
OIID54123,ORD17618,PROD0096,11,130
OIID35444,ORD17618,PROD0105,22,80
OIID33739,ORD17618,PROD0145,88,9
OIID80083,ORD17618,PROD0065,5,180
OIID92825,ORD57448,PROD0043,8,20
OIID97559,ORD57448,PROD0061,8,550
OIID74210,ORD57448,PROD0014,6,120
OIID90854,ORD57448,PROD0050,280,10
OIID43022,ORD57448,PROD0027,10,90
OIID72054,ORD90540,PROD0112,40,25
OIID90025,ORD90540,PROD0128,70,6
OIID67946,ORD90540,PROD0110,8,50
OIID49881,ORD82603,PROD0072,168,13
OIID68525,ORD82603,PROD0081,35,45
OIID67231,ORD82603,PROD0004,3,50
OIID12783,ORD82603,PROD0116,207,9
OIID35214,ORD82603,PROD0001,115,25
OIID95824,ORD55345,PROD0022,51,50
OIID61588,ORD55345,PROD0094,8,15
OIID19574,ORD55345,PROD0105,8,80
OIID88635,ORD55345,PROD0085,41,40
OIID39582,ORD55345,PROD0065,20,180
OIID54516,ORD55345,PROD0012,22,85
OIID95244,ORD38892,PROD0103,16,50
OIID43172,ORD38892,PROD0123,66,12
OIID47801,ORD38892,PROD0005,45,80
OIID47554,ORD38892,PROD0101,60,35
OIID51657,ORD74195,PROD0096,5,130
OIID11851,ORD74195,PROD0120,51,23
OIID80126,ORD74195,PROD0110,35,50
OIID89917,ORD74195,PROD0136,35,10
OIID38156,ORD74195,PROD0034,36,89
OIID24877,ORD75541,PROD0025,6,140
OIID19412,ORD75541,PROD0069,36,25
OIID29506,ORD75541,PROD0094,130,15
OIID82320,ORD93507,PROD0052,11,330
OIID23277,ORD93507,PROD0092,14,35
OIID83468,ORD93507,PROD0072,82,13
OIID85991,ORD20573,PROD0076,135,15
OIID27114,ORD20573,PROD0096,6,130
OIID86124,ORD48631,PROD0056,4,210
OIID73154,ORD48631,PROD0126,7,24
OIID20419,ORD48631,PROD0066,10,400
OIID62372,ORD48429,PROD0141,5,22
OIID29721,ORD48429,PROD0035,13,25
OIID80579,ORD48429,PROD0045,155,7
OIID17684,ORD48429,PROD0076,29,15
OIID95317,ORD38718,PROD0075,36,20
OIID11115,ORD38718,PROD0012,67,85
OIID63554,ORD38718,PROD0042,59,22
OIID91530,ORD38718,PROD0081,58,45
OIID90253,ORD38718,PROD0123,31,12
OIID97591,ORD38718,PROD0122,1,6
OIID13497,ORD10929,PROD0094,155,15
OIID46029,ORD10929,PROD0142,21,25
OIID19662,ORD10929,PROD0021,6,300
OIID87890,ORD10929,PROD0025,1,140
OIID40111,ORD28298,PROD0139,19,15
OIID31158,ORD28298,PROD0014,16,120
OIID86579,ORD28298,PROD0001,4,25
OIID71310,ORD88161,PROD0120,29,23
OIID28326,ORD88161,PROD0046,10,5
OIID20463,ORD88161,PROD0054,16,289
OIID73967,ORD88161,PROD0004,10,50
OIID14758,ORD88161,PROD0041,59,6
OIID41923,ORD96151,PROD0094,46,15
OIID16283,ORD96151,PROD0137,27,14
OIID84066,ORD96151,PROD0122,23,6
OIID10171,ORD96151,PROD0117,75,15
OIID44893,ORD17604,PROD0146,74,15
OIID70488,ORD17604,PROD0149,12,15
OIID19191,ORD17604,PROD0129,34,8
OIID71420,ORD11682,PROD0057,31,8
OIID91291,ORD11682,PROD0044,47,12
OIID63288,ORD21515,PROD0140,108,12
OIID63235,ORD21515,PROD0090,15,210
OIID14014,ORD21515,PROD0134,83,16
OIID62481,ORD21515,PROD0145,9,9
OIID65075,ORD66293,PROD0127,70,9
OIID94746,ORD66293,PROD0126,71,24
OIID14870,ORD66293,PROD0130,164,10
OIID16715,ORD66293,PROD0093,64,28
OIID56443,ORD66293,PROD0002,26,90
OIID57395,ORD66293,PROD0015,10,13
OIID81511,ORD31183,PROD0119,18,20
OIID95826,ORD31183,PROD0003,6,350
OIID67999,ORD31183,PROD0083,29,30
OIID49120,ORD49180,PROD0038,96,13
OIID98488,ORD49180,PROD0143,72,11
OIID46561,ORD97246,PROD0112,26,25
OIID99159,ORD97246,PROD0082,9,33
OIID86231,ORD97246,PROD0147,20,100
OIID96240,ORD97246,PROD0107,11,130
OIID31660,ORD38771,PROD0034,11,89
OIID50718,ORD38771,PROD0085,11,40
OIID96573,ORD87671,PROD0139,30,15
OIID73446,ORD87671,PROD0138,88,7
OIID43592,ORD87671,PROD0055,9,160
OIID19240,ORD87671,PROD0034,15,89
OIID90431,ORD49172,PROD0135,8,9
OIID12473,ORD49172,PROD0127,136,9
OIID87606,ORD52174,PROD0028,16,115
OIID68950,ORD52174,PROD0102,15,7
OIID19872,ORD52174,PROD0123,75,12
OIID43377,ORD34917,PROD0047,52,17
OIID36311,ORD34917,PROD0004,7,50
OIID47037,ORD34917,PROD0087,13,90
OIID59335,ORD34917,PROD0080,98,9
OIID99806,ORD34917,PROD0035,42,25
OIID11636,ORD34917,PROD0016,37,45
OIID73952,ORD49516,PROD0090,3,210
OIID31295,ORD49516,PROD0061,6,550
OIID96221,ORD49516,PROD0121,7,28
OIID94373,ORD49516,PROD0139,63,15
OIID50326,ORD49516,PROD0096,8,130
OIID42741,ORD49516,PROD0022,44,50
OIID38479,ORD47257,PROD0023,101,19
OIID18653,ORD47257,PROD0127,173,9
OIID31101,ORD73697,PROD0035,9,25
OIID29870,ORD73697,PROD0001,20,25
OIID75926,ORD74085,PROD0107,1,130
OIID97510,ORD74085,PROD0022,29,50
OIID98743,ORD74085,PROD0052,1,330
OIID30892,ORD88368,PROD0052,8,330
OIID25628,ORD88368,PROD0043,50,20
OIID75023,ORD93369,PROD0055,22,160
OIID84181,ORD93369,PROD0129,93,8
OIID49003,ORD93369,PROD0116,52,9
OIID75343,ORD93369,PROD0137,37,14
OIID34372,ORD93369,PROD0083,2,30
OIID27989,ORD47014,PROD0003,10,350
OIID22495,ORD47014,PROD0060,4,100
OIID78265,ORD47014,PROD0047,34,17
OIID53329,ORD47014,PROD0120,79,23
OIID26837,ORD47014,PROD0056,2,210
OIID31634,ORD47014,PROD0004,7,50
OIID27988,ORD85945,PROD0143,135,11
OIID55340,ORD85945,PROD0031,7,43
OIID46931,ORD54523,PROD0038,115,13
OIID33126,ORD54523,PROD0132,42,18
OIID93294,ORD54523,PROD0146,153,15
OIID87031,ORD54523,PROD0072,168,13
OIID17294,ORD54523,PROD0105,32,80
OIID66656,ORD54125,PROD0090,5,210
OIID78288,ORD54125,PROD0002,29,90
OIID65128,ORD54125,PROD0060,31,100
OIID25190,ORD54125,PROD0016,32,45
OIID27728,ORD54125,PROD0134,12,16
OIID21062,ORD54125,PROD0008,9,200
OIID62836,ORD76882,PROD0085,29,40
OIID56120,ORD76882,PROD0076,60,15
OIID40292,ORD76882,PROD0141,17,22
OIID35246,ORD73636,PROD0106,7,150
OIID58412,ORD73636,PROD0061,6,550
OIID25442,ORD73636,PROD0012,5,85
OIID53783,ORD73636,PROD0110,43,50
OIID84372,ORD73636,PROD0134,49,16
OIID50037,ORD83559,PROD0145,153,9
OIID69983,ORD83559,PROD0018,124,16
OIID59608,ORD83559,PROD0028,33,115
OIID75189,ORD83559,PROD0060,26,100
OIID95761,ORD83559,PROD0107,5,130
OIID57116,ORD83559,PROD0093,50,28
OIID61104,ORD51908,PROD0034,9,89
OIID54843,ORD51908,PROD0120,29,23
OIID41450,ORD51908,PROD0002,8,90
OIID27537,ORD51908,PROD0021,3,300
OIID34792,ORD51908,PROD0041,91,6
OIID20370,ORD54939,PROD0038,69,13
OIID65145,ORD54939,PROD0028,2,115
OIID70360,ORD54939,PROD0146,158,15
OIID49313,ORD42000,PROD0035,63,25
OIID79958,ORD42000,PROD0096,7,130
OIID33517,ORD42000,PROD0129,1,8
OIID36618,ORD53728,PROD0143,91,11
OIID70840,ORD53728,PROD0093,85,28
OIID36294,ORD53728,PROD0120,31,23
OIID50917,ORD53728,PROD0034,6,89
OIID81950,ORD53728,PROD0055,23,160
OIID47701,ORD53728,PROD0037,150,15
OIID72596,ORD51800,PROD0035,63,25
OIID42310,ORD51800,PROD0133,33,7
OIID27393,ORD51800,PROD0140,80,12
OIID34206,ORD51800,PROD0123,38,12
OIID30337,ORD40464,PROD0070,90,40
OIID57653,ORD40464,PROD0087,13,90
OIID97049,ORD40464,PROD0142,16,25
OIID72373,ORD40464,PROD0130,227,10
OIID96956,ORD78507,PROD0096,5,130
OIID34288,ORD78507,PROD0099,13,100
OIID25121,ORD78507,PROD0105,6,80
OIID25500,ORD78507,PROD0052,9,330
OIID50977,ORD71777,PROD0007,18,60
OIID54227,ORD71777,PROD0015,206,13
OIID97400,ORD71777,PROD0050,150,10
OIID55122,ORD71777,PROD0022,22,50
OIID30015,ORD71777,PROD0036,107,9
OIID65116,ORD71777,PROD0016,18,45
OIID58778,ORD19050,PROD0083,47,30
OIID89781,ORD19050,PROD0143,19,11
OIID47681,ORD19050,PROD0002,17,90
OIID65269,ORD74909,PROD0054,8,289
OIID68383,ORD74909,PROD0094,107,15
OIID71130,ORD74909,PROD0032,9,30
OIID67011,ORD75081,PROD0142,6,25
OIID37663,ORD75081,PROD0001,114,25
OIID84564,ORD75081,PROD0073,137,13
OIID94359,ORD83659,PROD0146,141,15
OIID33037,ORD83659,PROD0064,18,130
OIID23404,ORD83659,PROD0071,101,17
OIID21533,ORD83659,PROD0017,88,20
OIID34392,ORD83659,PROD0089,42,12
OIID91175,ORD28791,PROD0076,87,15
OIID11131,ORD28791,PROD0041,83,6
OIID27949,ORD53676,PROD0085,24,40
OIID50347,ORD53676,PROD0030,7,35
OIID76160,ORD53676,PROD0148,8,27
OIID39072,ORD53676,PROD0076,31,15
OIID74437,ORD94420,PROD0112,46,25
OIID13892,ORD94420,PROD0032,14,30
OIID24333,ORD94420,PROD0068,12,170
OIID16847,ORD76071,PROD0062,28,35
OIID19739,ORD76071,PROD0001,7,25
OIID40266,ORD76071,PROD0029,254,7
OIID97003,ORD76071,PROD0038,14,13
OIID73526,ORD25507,PROD0019,13,160
OIID47300,ORD25507,PROD0094,172,15
OIID37394,ORD25507,PROD0022,57,50
OIID56136,ORD25507,PROD0032,9,30
OIID63314,ORD71548,PROD0045,195,7
OIID70610,ORD71548,PROD0028,31,115
OIID58232,ORD27459,PROD0145,124,9
OIID38438,ORD27459,PROD0001,82,25
OIID54329,ORD27459,PROD0038,91,13
OIID20317,ORD27459,PROD0116,14,9
OIID61789,ORD27459,PROD0121,34,28
OIID44198,ORD27459,PROD0125,25,42
OIID71269,ORD53160,PROD0065,30,180
OIID44030,ORD53160,PROD0122,177,6
OIID45290,ORD53160,PROD0096,4,130
OIID38405,ORD53160,PROD0113,63,19
OIID50529,ORD53160,PROD0063,21,10
OIID21285,ORD30724,PROD0119,70,20
OIID48149,ORD30724,PROD0134,26,16
OIID56138,ORD79994,PROD0126,69,24
OIID97596,ORD79994,PROD0072,6,13
OIID45768,ORD79994,PROD0096,4,130
OIID19291,ORD79994,PROD0142,65,25
OIID38376,ORD79994,PROD0139,2,15
OIID45034,ORD79994,PROD0041,18,6
OIID93912,ORD95834,PROD0053,2,219
OIID76468,ORD95834,PROD0018,145,16
OIID52164,ORD95834,PROD0067,16,90
OIID89895,ORD18375,PROD0121,28,28
OIID90225,ORD18375,PROD0022,65,50
OIID18032,ORD18375,PROD0024,220,10
OIID17774,ORD55695,PROD0112,85,25
OIID82941,ORD55695,PROD0072,8,13
OIID58811,ORD55695,PROD0036,47,9
OIID73459,ORD55695,PROD0030,35,35
OIID88916,ORD60929,PROD0072,108,13
OIID30002,ORD60929,PROD0139,52,15
OIID35467,ORD60929,PROD0123,2,12
OIID84442,ORD60929,PROD0086,10,50
OIID95430,ORD73188,PROD0061,7,550
OIID81641,ORD73188,PROD0114,42,45
OIID13527,ORD73188,PROD0106,10,150
OIID85207,ORD73537,PROD0125,5,42
OIID62842,ORD73537,PROD0134,38,16
OIID73518,ORD73537,PROD0082,5,33
OIID19935,ORD73537,PROD0096,7,130
OIID60408,ORD80076,PROD0086,16,50
OIID63755,ORD80076,PROD0001,88,25
OIID48598,ORD79169,PROD0081,72,45
OIID52363,ORD79169,PROD0007,9,60
OIID59552,ORD24091,PROD0145,167,9
OIID14738,ORD24091,PROD0046,192,5
OIID34622,ORD24091,PROD0072,121,13
OIID87398,ORD24091,PROD0045,130,7
OIID75278,ORD24091,PROD0004,15,50
OIID62638,ORD24091,PROD0141,20,22
OIID87130,ORD15570,PROD0132,8,18
OIID27473,ORD15570,PROD0102,244,7
OIID57105,ORD15570,PROD0016,24,45
OIID78821,ORD15570,PROD0082,73,33
OIID47079,ORD99264,PROD0126,8,24
OIID90215,ORD99264,PROD0061,3,550
OIID47860,ORD99264,PROD0119,69,20
OIID53638,ORD99264,PROD0150,47,35
OIID93861,ORD99264,PROD0060,12,100
OIID98609,ORD64177,PROD0075,13,20
OIID57327,ORD64177,PROD0085,43,40
OIID52964,ORD64177,PROD0138,78,7
OIID99303,ORD21838,PROD0120,65,23
OIID17358,ORD21838,PROD0004,19,50
OIID68485,ORD21838,PROD0116,126,9
OIID77457,ORD21838,PROD0050,73,10
OIID85819,ORD21838,PROD0150,46,35
OIID43281,ORD21838,PROD0021,19,300
OIID58847,ORD97593,PROD0109,24,35
OIID75842,ORD97593,PROD0012,3,85
OIID86267,ORD97593,PROD0020,28,40
OIID64849,ORD97593,PROD0069,71,25
OIID59963,ORD97593,PROD0119,43,20
OIID54317,ORD38887,PROD0066,8,400
OIID56074,ORD38887,PROD0043,50,20
OIID56230,ORD38887,PROD0090,3,210
OIID86995,ORD38887,PROD0038,181,13
OIID39689,ORD38887,PROD0015,214,13
OIID99465,ORD31607,PROD0087,12,90
OIID97952,ORD31607,PROD0130,1,10
OIID17304,ORD31607,PROD0066,8,400
OIID93648,ORD31607,PROD0029,198,7
OIID61269,ORD18993,PROD0027,12,90
OIID83637,ORD18993,PROD0100,12,90
OIID53589,ORD18993,PROD0014,27,120
OIID57528,ORD18993,PROD0066,7,400
OIID10814,ORD18993,PROD0094,156,15
OIID67269,ORD18993,PROD0134,81,16
OIID19534,ORD12271,PROD0019,10,160
OIID50289,ORD12271,PROD0053,9,219
OIID73814,ORD12271,PROD0070,1,40
OIID38224,ORD12271,PROD0023,103,19
OIID98900,ORD12271,PROD0122,1,6
OIID98947,ORD12271,PROD0109,37,35
OIID40377,ORD71323,PROD0004,57,50
OIID56501,ORD71323,PROD0052,14,330
OIID27542,ORD50911,PROD0092,41,35
OIID34120,ORD50911,PROD0034,13,89
OIID92533,ORD50911,PROD0116,73,9
OIID87738,ORD50911,PROD0023,50,19
OIID20674,ORD61888,PROD0090,6,210
OIID34116,ORD61888,PROD0046,582,5
OIID16908,ORD59687,PROD0052,7,330
OIID82052,ORD59687,PROD0106,12,150
OIID17314,ORD62567,PROD0063,37,10
OIID77966,ORD62567,PROD0105,8,80
OIID62642,ORD97396,PROD0038,29,13
OIID37015,ORD97396,PROD0072,124,13
OIID96366,ORD97971,PROD0102,169,7
OIID40981,ORD97971,PROD0036,58,9
OIID30120,ORD97971,PROD0113,47,19
OIID74865,ORD59237,PROD0021,4,300
OIID33669,ORD59237,PROD0057,29,8
OIID56962,ORD59237,PROD0031,5,43
OIID62733,ORD59237,PROD0042,57,22
OIID10290,ORD47876,PROD0133,81,7
OIID45337,ORD47876,PROD0050,141,10
OIID25872,ORD47876,PROD0016,32,45
OIID11611,ORD47876,PROD0149,107,15
OIID83174,ORD29454,PROD0036,6,9
OIID90008,ORD29454,PROD0018,67,16
OIID59832,ORD28389,PROD0145,119,9
OIID82954,ORD28389,PROD0105,5,80
OIID12276,ORD28389,PROD0150,35,35
OIID29472,ORD28389,PROD0092,13,35
OIID61827,ORD36571,PROD0133,56,7
OIID77245,ORD36571,PROD0122,144,6
OIID49652,ORD36571,PROD0023,161,19
OIID38207,ORD36571,PROD0017,25,20
OIID85360,ORD25750,PROD0114,16,45
OIID87463,ORD25750,PROD0142,85,25
OIID76461,ORD25750,PROD0132,124,18
OIID84142,ORD99771,PROD0052,12,330
OIID74930,ORD99771,PROD0060,27,100
OIID26876,ORD99771,PROD0100,1,90
OIID58995,ORD41154,PROD0122,98,6
OIID94592,ORD41154,PROD0094,112,15
OIID33700,ORD41154,PROD0029,128,7
OIID10939,ORD41154,PROD0066,9,400
OIID33565,ORD41154,PROD0115,82,14
OIID74545,ORD50141,PROD0134,13,16
OIID56078,ORD50141,PROD0139,20,15
OIID20409,ORD12319,PROD0023,153,19
OIID46006,ORD12319,PROD0061,4,550
OIID71015,ORD12319,PROD0145,147,9
OIID53940,ORD12319,PROD0106,9,150
OIID86448,ORD12319,PROD0081,14,45
OIID19752,ORD95836,PROD0065,3,180
OIID20388,ORD95836,PROD0022,15,50
OIID43699,ORD95836,PROD0026,20,105
OIID99887,ORD95836,PROD0106,18,150
OIID65449,ORD10464,PROD0095,9,50
OIID32559,ORD10464,PROD0027,4,90
OIID40542,ORD10464,PROD0039,4,280
OIID19371,ORD10464,PROD0102,150,7
OIID70800,ORD10464,PROD0126,52,24
OIID19929,ORD10464,PROD0131,93,12
OIID41781,ORD88029,PROD0132,97,18
OIID85516,ORD88029,PROD0116,21,9
OIID86929,ORD73136,PROD0023,1,19
OIID19723,ORD73136,PROD0066,3,400
OIID17387,ORD73136,PROD0036,102,9
OIID40032,ORD73136,PROD0079,139,10
OIID11312,ORD73136,PROD0046,62,5
OIID28475,ORD73136,PROD0045,125,7
OIID26435,ORD44863,PROD0092,10,35
OIID45483,ORD44863,PROD0070,5,40
OIID72143,ORD10874,PROD0061,2,550
OIID19879,ORD10874,PROD0011,42,65
OIID29777,ORD10874,PROD0021,7,300
OIID17911,ORD10874,PROD0112,75,25
OIID34680,ORD85613,PROD0064,14,130
OIID41508,ORD85613,PROD0042,59,22
OIID83877,ORD85613,PROD0136,8,10
OIID53728,ORD85613,PROD0138,191,7
OIID23359,ORD84584,PROD0100,13,90
OIID11886,ORD84584,PROD0139,41,15
OIID84881,ORD84584,PROD0027,19,90
OIID68185,ORD75551,PROD0011,28,65
OIID10269,ORD75551,PROD0073,60,13
OIID20160,ORD75551,PROD0083,36,30
OIID73645,ORD75551,PROD0129,95,8
OIID11573,ORD75551,PROD0089,78,12
OIID49438,ORD75551,PROD0043,82,20
OIID40899,ORD59975,PROD0023,89,19
OIID53164,ORD59975,PROD0014,28,120
OIID72859,ORD59975,PROD0105,39,80
OIID17323,ORD59975,PROD0146,36,15
OIID19091,ORD78373,PROD0043,27,20
OIID71578,ORD78373,PROD0135,2,9
OIID67222,ORD78373,PROD0047,32,17
OIID71043,ORD28469,PROD0089,99,12
OIID67015,ORD28469,PROD0102,81,7
OIID18039,ORD28469,PROD0018,102,16
OIID75422,ORD62181,PROD0046,33,5
OIID24335,ORD62181,PROD0095,21,50
OIID11542,ORD62181,PROD0028,8,115
OIID89458,ORD62181,PROD0023,149,19
OIID50800,ORD62181,PROD0147,38,100
OIID92727,ORD47099,PROD0017,34,20
OIID21934,ORD47099,PROD0055,23,160
OIID10095,ORD84663,PROD0075,17,20
OIID63137,ORD84663,PROD0028,6,115
OIID87564,ORD84663,PROD0136,11,10
OIID58055,ORD84663,PROD0005,19,80
OIID83911,ORD98674,PROD0076,88,15
OIID95389,ORD98674,PROD0018,84,16
OIID93371,ORD98674,PROD0136,43,10
OIID31399,ORD98674,PROD0096,10,130
OIID42520,ORD98674,PROD0056,8,210
OIID42298,ORD63540,PROD0066,4,400
OIID75982,ORD63540,PROD0072,153,13
OIID27627,ORD63540,PROD0060,25,100
OIID70893,ORD63540,PROD0065,15,180
OIID54735,ORD99455,PROD0143,11,11
OIID58640,ORD99455,PROD0052,4,330
OIID75608,ORD99455,PROD0008,4,200
OIID65787,ORD53814,PROD0061,7,550
OIID93370,ORD53814,PROD0002,31,90
OIID12243,ORD53814,PROD0008,3,200
OIID75966,ORD53814,PROD0076,130,15
OIID41313,ORD66948,PROD0107,9,130
OIID86972,ORD66948,PROD0010,34,35
OIID92258,ORD82290,PROD0125,12,42
OIID55514,ORD82290,PROD0021,15,300
OIID12235,ORD82290,PROD0085,26,40
OIID17533,ORD82290,PROD0090,3,210
OIID86501,ORD46487,PROD0054,17,289
OIID70173,ORD46487,PROD0123,38,12
OIID73234,ORD55564,PROD0045,492,7
OIID95001,ORD55564,PROD0065,28,180
OIID61099,ORD55564,PROD0145,161,9
OIID12327,ORD55564,PROD0086,30,50
OIID71251,ORD55564,PROD0052,2,330
OIID84122,ORD55564,PROD0146,139,15
OIID84727,ORD78505,PROD0072,118,13
OIID12970,ORD78505,PROD0054,12,289
OIID77112,ORD41117,PROD0072,65,13
OIID61091,ORD41117,PROD0021,1,300
OIID20286,ORD41117,PROD0133,51,7
OIID61549,ORD41117,PROD0109,33,35
OIID80111,ORD48433,PROD0052,7,330
OIID96285,ORD48433,PROD0107,5,130
OIID34210,ORD48433,PROD0061,3,550
OIID70094,ORD48433,PROD0003,3,350
OIID61953,ORD49519,PROD0061,6,550
OIID74115,ORD49519,PROD0007,21,60
OIID19526,ORD49519,PROD0086,4,50
OIID43910,ORD49519,PROD0119,55,20
OIID78711,ORD78752,PROD0074,70,20
OIID17002,ORD78752,PROD0025,1,140
OIID91738,ORD78752,PROD0078,313,16
OIID68883,ORD78752,PROD0149,13,15
OIID39077,ORD54575,PROD0038,57,13
OIID94785,ORD54575,PROD0136,81,10
OIID48500,ORD54575,PROD0056,5,210
OIID58912,ORD54575,PROD0018,106,16
OIID58767,ORD28390,PROD0046,491,5
OIID91256,ORD28390,PROD0141,23,22
OIID44104,ORD28390,PROD0023,82,19
OIID99839,ORD28390,PROD0072,31,13
OIID67084,ORD28390,PROD0027,15,90
OIID72219,ORD28390,PROD0045,80,7
OIID25999,ORD24992,PROD0099,24,100
OIID37233,ORD24992,PROD0080,173,9
OIID84599,ORD24992,PROD0047,26,17
OIID68943,ORD24992,PROD0087,17,90
OIID76451,ORD24992,PROD0025,3,140
OIID49936,ORD80967,PROD0085,1,40
OIID14227,ORD80967,PROD0046,431,5
OIID44168,ORD80967,PROD0061,7,550
OIID63225,ORD80967,PROD0014,19,120
OIID64014,ORD80967,PROD0060,10,100
OIID44666,ORD64496,PROD0136,146,10
OIID29846,ORD64496,PROD0099,20,100
OIID67168,ORD64496,PROD0101,23,35
OIID15985,ORD64496,PROD0059,4,150
OIID80467,ORD64496,PROD0126,44,24
OIID50544,ORD64496,PROD0132,22,18
OIID56335,ORD59846,PROD0100,16,90
OIID53042,ORD59846,PROD0106,15,150
OIID70327,ORD59846,PROD0016,18,45
OIID45265,ORD59846,PROD0063,100,10
OIID95599,ORD59846,PROD0068,8,170
OIID65335,ORD59846,PROD0054,7,289
OIID38712,ORD37812,PROD0141,46,22
OIID36864,ORD37812,PROD0086,6,50
OIID96149,ORD37812,PROD0027,16,90
OIID69234,ORD37812,PROD0105,14,80
OIID13048,ORD37812,PROD0018,74,16
OIID95728,ORD76342,PROD0066,10,400
OIID68784,ORD76342,PROD0008,21,200
OIID60497,ORD87684,PROD0053,20,219
OIID93572,ORD87684,PROD0129,8,8
OIID37480,ORD87684,PROD0089,54,12
OIID63454,ORD87684,PROD0001,109,25
OIID41630,ORD87684,PROD0050,76,10
OIID18197,ORD87684,PROD0047,21,17
OIID48046,ORD63244,PROD0037,180,15
OIID87635,ORD63244,PROD0086,18,50
OIID93302,ORD63244,PROD0028,7,115
OIID90042,ORD98175,PROD0001,22,25
OIID20237,ORD98175,PROD0106,5,150
OIID65159,ORD79789,PROD0025,8,140
OIID84478,ORD79789,PROD0105,37,80
OIID21165,ORD83982,PROD0050,8,10
OIID92204,ORD83982,PROD0016,16,45
OIID86769,ORD83982,PROD0081,14,45
OIID77833,ORD83982,PROD0132,24,18
OIID95110,ORD52669,PROD0116,227,9
OIID47989,ORD52669,PROD0145,5,9
OIID33463,ORD52669,PROD0034,12,89
OIID96736,ORD52669,PROD0092,19,35
OIID54100,ORD52669,PROD0072,105,13
OIID56503,ORD88304,PROD0056,10,210
OIID82502,ORD88304,PROD0014,9,120
OIID74108,ORD88304,PROD0096,11,130
OIID34405,ORD88304,PROD0132,16,18
OIID42016,ORD60630,PROD0022,22,50
OIID21032,ORD60630,PROD0024,287,10
OIID67463,ORD60630,PROD0147,24,100
OIID25352,ORD60630,PROD0081,73,45
OIID51604,ORD67532,PROD0067,13,90
OIID76069,ORD67532,PROD0076,127,15
OIID86539,ORD67532,PROD0028,26,115
OIID58457,ORD67532,PROD0070,81,40
OIID85795,ORD67532,PROD0043,55,20
OIID73002,ORD67532,PROD0077,9,16
OIID63173,ORD69131,PROD0020,45,40
OIID40854,ORD69131,PROD0072,156,13
OIID32068,ORD65568,PROD0022,22,50
OIID33576,ORD65568,PROD0068,11,170
OIID52909,ORD44877,PROD0065,2,180
OIID83807,ORD44877,PROD0052,2,330
OIID70450,ORD44877,PROD0056,9,210
OIID78490,ORD44877,PROD0028,43,115
OIID65186,ORD70662,PROD0060,15,100
OIID52081,ORD70662,PROD0079,109,10
OIID88214,ORD70662,PROD0054,4,289
OIID96223,ORD70662,PROD0145,39,9
OIID23876,ORD78087,PROD0036,28,9
OIID19344,ORD78087,PROD0074,66,20
OIID26487,ORD50824,PROD0134,28,16
OIID27186,ORD50824,PROD0076,38,15
OIID34685,ORD50824,PROD0120,2,23
OIID34341,ORD81938,PROD0038,63,13
OIID26330,ORD81938,PROD0136,105,10
OIID89961,ORD81938,PROD0056,10,210
OIID23132,ORD81938,PROD0096,12,130
OIID78683,ORD49673,PROD0061,1,550
OIID94871,ORD49673,PROD0004,3,50
OIID70160,ORD49673,PROD0001,43,25
OIID71516,ORD49673,PROD0072,134,13
OIID33942,ORD49673,PROD0106,1,150
OIID78213,ORD49673,PROD0023,148,19
OIID81321,ORD25466,PROD0132,66,18
OIID55176,ORD25466,PROD0121,10,28
OIID86790,ORD25466,PROD0008,22,200
OIID69236,ORD86620,PROD0145,14,9
OIID58070,ORD86620,PROD0086,24,50
OIID21473,ORD86620,PROD0018,7,16
OIID18127,ORD74322,PROD0106,1,150
OIID14955,ORD74322,PROD0008,5,200
OIID13619,ORD79841,PROD0036,52,9
OIID97082,ORD79841,PROD0105,39,80
OIID27170,ORD79841,PROD0074,88,20
OIID32100,ORD79841,PROD0145,120,9
OIID12411,ORD91874,PROD0142,37,25
OIID17281,ORD91874,PROD0075,25,20
OIID93731,ORD91874,PROD0129,60,8
OIID61180,ORD50417,PROD0075,28,20
OIID86339,ORD50417,PROD0106,1,150
OIID43093,ORD50417,PROD0007,7,60
OIID43493,ORD50417,PROD0092,52,35
OIID98825,ORD50417,PROD0062,8,35
OIID65694,ORD40285,PROD0051,21,27
OIID40344,ORD40285,PROD0024,154,10
OIID81405,ORD40285,PROD0130,149,10
OIID30812,ORD40285,PROD0052,1,330
OIID84651,ORD78582,PROD0082,84,33
OIID88585,ORD78582,PROD0015,105,13
OIID68940,ORD78582,PROD0020,30,40
OIID80758,ORD39615,PROD0023,130,19
OIID98323,ORD39615,PROD0135,149,9
OIID95510,ORD39615,PROD0122,93,6
OIID76287,ORD39615,PROD0068,1,170
OIID26422,ORD39615,PROD0103,11,50
OIID22815,ORD61058,PROD0025,11,140
OIID87028,ORD61058,PROD0085,32,40
OIID39794,ORD61058,PROD0009,4,250
OIID83437,ORD61058,PROD0130,135,10
OIID46743,ORD61058,PROD0055,12,160
OIID78202,ORD61058,PROD0119,15,20
OIID54093,ORD20404,PROD0056,8,210
OIID71545,ORD20404,PROD0090,13,210
OIID38532,ORD20404,PROD0087,18,90
OIID82620,ORD20115,PROD0141,49,22
OIID93621,ORD20115,PROD0081,34,45
OIID62779,ORD20115,PROD0065,29,180
OIID39201,ORD20115,PROD0072,177,13
OIID19639,ORD18409,PROD0041,48,6
OIID29457,ORD18409,PROD0092,13,35
OIID31774,ORD18409,PROD0080,165,9
OIID43900,ORD18409,PROD0126,47,24
OIID43426,ORD25363,PROD0119,57,20
OIID31914,ORD25363,PROD0139,16,15
OIID62827,ORD25363,PROD0126,70,24
OIID91899,ORD66681,PROD0051,24,27
OIID81401,ORD66681,PROD0140,18,12
OIID33113,ORD66681,PROD0053,8,219
OIID26734,ORD66681,PROD0148,54,27
OIID17015,ORD66681,PROD0097,48,20
OIID70032,ORD66681,PROD0129,47,8
OIID16820,ORD17583,PROD0032,5,30
OIID71154,ORD17583,PROD0121,24,28
OIID50444,ORD17583,PROD0016,25,45
OIID24404,ORD25164,PROD0134,71,16
OIID23204,ORD25164,PROD0092,3,35
OIID69214,ORD59849,PROD0018,122,16
OIID64551,ORD59849,PROD0002,22,90
OIID96635,ORD59849,PROD0073,72,13
OIID64506,ORD59849,PROD0059,22,150
OIID68471,ORD77917,PROD0120,3,23
OIID93259,ORD77917,PROD0029,255,7
OIID28472,ORD77917,PROD0082,78,33
OIID31142,ORD77917,PROD0004,24,50
OIID45568,ORD50282,PROD0146,64,15
OIID72429,ORD50282,PROD0022,8,50
OIID81535,ORD50282,PROD0043,12,20
OIID91073,ORD50282,PROD0136,116,10
OIID99611,ORD57489,PROD0008,24,200
OIID69475,ORD57489,PROD0056,5,210
OIID63478,ORD57489,PROD0129,51,8
OIID30243,ORD57489,PROD0021,7,300
OIID33998,ORD57489,PROD0113,18,19
OIID85467,ORD44997,PROD0001,21,25
OIID25975,ORD44997,PROD0050,213,10
OIID66534,ORD44997,PROD0036,14,9
OIID65480,ORD44997,PROD0130,217,10
OIID42086,ORD44997,PROD0048,31,24
OIID39451,ORD44997,PROD0052,3,330
OIID60628,ORD11037,PROD0005,39,80
OIID44259,ORD11037,PROD0063,4,10
OIID64005,ORD11037,PROD0072,85,13
OIID31812,ORD11037,PROD0034,7,89
OIID56010,ORD11037,PROD0032,20,30
OIID39595,ORD11037,PROD0021,15,300
OIID62993,ORD67828,PROD0070,73,40
OIID37771,ORD67828,PROD0043,1,20
OIID54342,ORD67828,PROD0007,35,60
OIID42575,ORD67828,PROD0096,4,130
OIID41684,ORD67828,PROD0001,14,25
OIID35904,ORD48171,PROD0136,128,10
OIID36700,ORD48171,PROD0005,41,80
OIID15465,ORD48171,PROD0103,13,50
OIID22436,ORD48171,PROD0140,80,12
OIID52527,ORD40525,PROD0057,145,8
OIID90353,ORD40525,PROD0021,20,300
OIID55138,ORD40525,PROD0140,55,12
OIID90550,ORD40525,PROD0117,54,15
OIID38351,ORD40525,PROD0089,43,12
OIID95116,ORD24273,PROD0085,14,40
OIID62473,ORD24273,PROD0012,8,85
OIID90632,ORD24273,PROD0016,12,45
OIID18377,ORD24273,PROD0099,5,100
OIID59372,ORD54548,PROD0054,12,289
OIID15290,ORD54548,PROD0065,4,180
OIID45655,ORD54548,PROD0022,24,50
OIID84676,ORD54548,PROD0133,116,7
OIID58737,ORD54548,PROD0147,6,100
OIID15101,ORD78619,PROD0112,28,25
OIID62081,ORD78619,PROD0110,46,50
OIID93906,ORD78619,PROD0122,203,6
OIID49537,ORD78619,PROD0061,5,550
OIID30370,ORD78619,PROD0072,51,13
OIID12515,ORD37845,PROD0092,15,35
OIID36061,ORD37845,PROD0085,32,40
OIID71231,ORD61518,PROD0075,58,20
OIID82531,ORD61518,PROD0089,51,12
OIID16505,ORD91002,PROD0096,6,130
OIID78903,ORD91002,PROD0018,57,16
OIID61727,ORD91002,PROD0116,23,9
OIID48471,ORD91002,PROD0038,142,13
OIID57379,ORD69780,PROD0147,33,100
OIID72731,ORD69780,PROD0061,2,550
OIID56680,ORD69780,PROD0085,20,40
OIID46862,ORD69780,PROD0142,23,25
OIID98960,ORD69780,PROD0117,46,15
OIID28449,ORD69780,PROD0089,107,12
OIID87991,ORD81521,PROD0083,22,30
OIID84079,ORD81521,PROD0100,10,90
OIID39030,ORD81521,PROD0014,11,120
OIID39962,ORD81521,PROD0009,6,250
OIID97853,ORD86325,PROD0133,8,7
OIID96260,ORD86325,PROD0082,69,33
OIID40598,ORD86504,PROD0076,99,15
OIID20179,ORD86504,PROD0011,37,65
OIID87827,ORD86504,PROD0072,151,13
OIID86194,ORD86504,PROD0005,85,80
OIID23220,ORD86504,PROD0107,7,130
OIID67958,ORD40919,PROD0056,10,210
OIID22548,ORD40919,PROD0052,1,330
OIID31798,ORD40919,PROD0132,113,18
OIID86536,ORD33337,PROD0121,39,28
OIID70578,ORD33337,PROD0027,13,90
OIID85230,ORD33337,PROD0015,151,13
OIID18586,ORD33337,PROD0090,10,210
OIID19582,ORD33337,PROD0063,8,10
OIID77510,ORD33337,PROD0125,1,42
OIID56725,ORD43074,PROD0021,17,300
OIID38989,ORD43074,PROD0032,24,30
OIID79862,ORD43074,PROD0001,75,25
OIID45646,ORD43074,PROD0004,60,50
OIID73070,ORD43074,PROD0053,12,219
OIID28955,ORD43074,PROD0056,14,210
OIID60507,ORD80849,PROD0145,136,9
OIID52844,ORD80849,PROD0096,10,130
OIID44156,ORD80849,PROD0106,17,150
OIID83102,ORD80849,PROD0032,24,30
OIID52644,ORD53132,PROD0116,173,9
OIID35523,ORD53132,PROD0009,1,250
OIID88240,ORD48712,PROD0085,5,40
OIID18910,ORD48712,PROD0061,1,550
OIID43669,ORD48712,PROD0096,4,130
OIID56406,ORD79455,PROD0034,20,89
OIID54401,ORD79455,PROD0143,46,11
OIID67593,ORD79455,PROD0018,53,16
OIID41764,ORD79455,PROD0105,31,80
OIID99363,ORD79455,PROD0065,27,180
OIID37367,ORD20328,PROD0079,70,10
OIID93039,ORD20328,PROD0036,54,9
OIID83946,ORD20328,PROD0041,44,6
OIID48761,ORD20328,PROD0038,9,13
OIID32192,ORD25847,PROD0018,133,16
OIID68340,ORD25847,PROD0125,4,42
OIID11626,ORD25847,PROD0028,33,115
OIID98748,ORD25847,PROD0099,6,100
OIID18199,ORD25847,PROD0072,57,13
OIID80546,ORD26693,PROD0123,67,12
OIID41328,ORD26693,PROD0046,37,5
OIID79528,ORD90382,PROD0028,32,115
OIID10632,ORD90382,PROD0066,5,400
OIID32579,ORD90382,PROD0027,15,90
OIID92733,ORD90382,PROD0008,18,200
OIID68490,ORD83375,PROD0060,2,100
OIID56316,ORD83375,PROD0059,17,150
OIID39569,ORD83375,PROD0103,17,50
OIID61382,ORD40970,PROD0006,11,70
OIID38030,ORD40970,PROD0038,195,13
OIID99242,ORD49006,PROD0126,73,24
OIID93224,ORD49006,PROD0085,16,40
OIID18732,ORD49006,PROD0066,3,400
OIID27878,ORD49006,PROD0056,7,210
OIID36255,ORD20365,PROD0004,53,50
OIID63509,ORD20365,PROD0022,21,50
OIID14720,ORD20365,PROD0094,26,15
OIID18162,ORD87075,PROD0004,57,50
OIID55828,ORD87075,PROD0145,122,9
OIID83060,ORD87075,PROD0072,1,13
OIID83926,ORD87075,PROD0116,32,9
OIID50327,ORD87075,PROD0112,47,25
OIID90032,ORD87075,PROD0001,86,25
OIID86844,ORD39729,PROD0055,11,160
OIID67280,ORD39729,PROD0093,14,28
OIID34325,ORD55509,PROD0136,197,10
OIID83636,ORD55509,PROD0008,24,200
OIID46043,ORD55509,PROD0001,43,25
OIID84241,ORD55509,PROD0063,116,10
OIID26379,ORD55509,PROD0101,13,35
OIID69354,ORD42530,PROD0056,12,210
OIID70733,ORD42530,PROD0116,231,9
OIID18425,ORD42530,PROD0018,119,16
OIID93828,ORD42530,PROD0096,12,130
OIID71178,ORD42530,PROD0076,121,15
OIID78994,ORD42530,PROD0136,29,10
OIID95557,ORD34539,PROD0012,53,85
OIID30333,ORD34539,PROD0129,90,8
OIID69324,ORD34539,PROD0107,2,130
OIID78640,ORD34539,PROD0073,96,13
OIID73006,ORD34539,PROD0028,30,115
OIID84233,ORD47788,PROD0096,13,130
OIID41505,ORD47788,PROD0021,11,300
OIID18554,ORD47788,PROD0008,4,200
OIID17838,ORD47788,PROD0001,111,25
OIID20449,ORD89530,PROD0027,15,90
OIID48750,ORD89530,PROD0140,147,12
OIID44304,ORD89530,PROD0150,2,35
OIID69364,ORD89530,PROD0112,72,25
OIID87188,ORD74995,PROD0005,41,80
OIID19516,ORD74995,PROD0119,10,20
OIID72730,ORD45451,PROD0100,14,90
OIID58019,ORD45451,PROD0055,9,160
OIID68905,ORD45451,PROD0056,12,210
OIID57429,ORD45451,PROD0103,16,50
OIID40584,ORD45451,PROD0014,6,120
OIID95151,ORD45451,PROD0075,93,20
OIID71372,ORD55627,PROD0095,17,50
OIID79750,ORD55627,PROD0103,6,50
OIID74771,ORD30303,PROD0145,110,9
OIID66113,ORD30303,PROD0005,49,80
OIID45409,ORD30303,PROD0008,15,200
OIID23936,ORD30303,PROD0007,11,60
OIID81086,ORD30303,PROD0093,90,28
OIID99748,ORD30303,PROD0061,3,550
OIID78915,ORD43568,PROD0034,31,89
OIID70335,ORD43568,PROD0014,23,120
OIID33924,ORD43568,PROD0112,54,25
OIID64675,ORD27756,PROD0076,140,15
OIID31581,ORD27756,PROD0116,51,9
OIID85379,ORD59750,PROD0145,11,9
OIID22039,ORD59750,PROD0076,99,15
OIID52938,ORD59750,PROD0056,5,210
OIID48219,ORD59750,PROD0008,24,200
OIID66771,ORD32081,PROD0023,152,19
OIID18664,ORD32081,PROD0130,147,10
OIID50506,ORD32081,PROD0080,121,9
OIID27701,ORD32081,PROD0072,173,13
OIID82606,ORD85432,PROD0092,4,35
OIID64862,ORD85432,PROD0034,31,89
OIID51670,ORD85432,PROD0076,2,15
OIID18269,ORD85432,PROD0018,72,16
OIID13533,ORD85432,PROD0105,2,80
OIID59697,ORD85432,PROD0125,2,42
OIID79542,ORD19286,PROD0008,24,200
OIID65966,ORD19286,PROD0071,29,17
OIID91324,ORD40214,PROD0112,53,25
OIID25575,ORD40214,PROD0028,20,115
OIID85986,ORD40214,PROD0054,5,289
OIID14389,ORD71346,PROD0146,14,15
OIID43468,ORD71346,PROD0066,4,400
OIID46087,ORD71346,PROD0023,194,19
OIID79233,ORD71346,PROD0059,20,150
OIID28339,ORD75534,PROD0055,8,160
OIID98049,ORD75534,PROD0075,54,20
OIID44765,ORD75534,PROD0145,191,9
OIID15156,ORD44445,PROD0083,14,30
OIID53298,ORD44445,PROD0065,17,180
OIID15271,ORD44445,PROD0043,11,20
OIID71422,ORD44445,PROD0059,9,150
OIID37123,ORD44445,PROD0122,16,6
OIID83945,ORD44445,PROD0101,85,35
OIID59320,ORD51886,PROD0136,177,10
OIID17749,ORD51886,PROD0034,20,89
OIID57439,ORD45124,PROD0083,22,30
OIID75686,ORD45124,PROD0081,15,45
OIID82310,ORD45124,PROD0092,44,35
OIID69194,ORD45124,PROD0103,9,50
OIID54240,ORD45124,PROD0116,133,9
OIID36905,ORD45124,PROD0087,14,90
OIID23963,ORD53031,PROD0059,11,150
OIID63222,ORD53031,PROD0142,14,25
OIID82984,ORD53031,PROD0002,23,90
OIID78071,ORD53031,PROD0005,54,80
OIID19503,ORD53031,PROD0139,10,15
OIID57681,ORD84344,PROD0056,6,210
OIID85082,ORD84344,PROD0116,152,9
OIID59846,ORD84344,PROD0076,39,15
OIID56239,ORD84344,PROD0136,101,10
OIID39417,ORD84344,PROD0018,100,16
OIID13065,ORD84344,PROD0038,172,13
OIID99727,ORD45761,PROD0145,153,9
OIID62025,ORD45761,PROD0065,28,180
OIID36611,ORD45761,PROD0126,59,24
OIID30936,ORD45761,PROD0046,460,5
OIID28353,ORD45761,PROD0052,14,330
OIID43508,ORD45761,PROD0106,9,150
OIID90026,ORD69012,PROD0016,35,45
OIID31536,ORD69012,PROD0120,24,23
OIID20242,ORD69012,PROD0047,63,17
OIID52722,ORD69012,PROD0042,55,22
OIID28707,ORD69012,PROD0119,79,20
OIID60294,ORD69012,PROD0008,23,200
OIID18510,ORD98249,PROD0038,41,13
OIID77483,ORD98249,PROD0056,3,210
OIID31835,ORD98249,PROD0112,18,25
OIID20696,ORD25684,PROD0145,148,9
OIID41632,ORD25684,PROD0132,60,18
OIID55607,ORD47648,PROD0072,54,13
OIID92759,ORD47648,PROD0147,36,100
OIID19674,ORD47648,PROD0028,39,115
OIID81505,ORD99471,PROD0099,23,100
OIID13706,ORD99471,PROD0094,8,15
OIID96521,ORD99471,PROD0066,6,400
OIID77995,ORD32808,PROD0061,6,550
OIID73664,ORD32808,PROD0116,77,9
OIID79048,ORD32808,PROD0093,25,28
OIID45709,ORD34098,PROD0014,1,120
OIID74906,ORD34098,PROD0027,7,90
OIID73661,ORD34098,PROD0034,1,89
OIID86570,ORD77229,PROD0075,37,20
OIID18182,ORD77229,PROD0148,19,27
OIID35244,ORD77229,PROD0012,67,85
OIID12827,ORD77229,PROD0131,65,12
OIID78685,ORD77229,PROD0040,117,16
OIID19222,ORD88398,PROD0122,97,6
OIID78778,ORD88398,PROD0094,56,15
OIID24713,ORD88398,PROD0076,94,15
OIID38943,ORD12651,PROD0045,446,7
OIID44318,ORD12651,PROD0012,27,85
OIID49101,ORD12651,PROD0109,9,35
OIID96835,ORD42740,PROD0034,13,89
OIID18768,ORD42740,PROD0132,19,18
OIID95584,ORD42740,PROD0063,25,10
OIID82095,ORD93561,PROD0136,170,10
OIID27298,ORD93561,PROD0122,42,6
OIID52883,ORD19977,PROD0007,25,60
OIID42557,ORD19977,PROD0102,7,7
OIID62216,ORD19977,PROD0005,1,80
OIID97275,ORD19977,PROD0103,8,50
OIID52026,ORD19977,PROD0032,7,30
OIID37034,ORD57208,PROD0126,65,24
OIID75916,ORD57208,PROD0014,20,120
OIID84602,ORD57208,PROD0112,40,25
OIID10830,ORD72174,PROD0147,35,100
OIID75380,ORD72174,PROD0081,94,45
OIID28116,ORD33643,PROD0134,37,16
OIID59663,ORD33643,PROD0059,1,150
OIID55095,ORD63948,PROD0105,32,80
OIID71641,ORD63948,PROD0123,74,12
OIID34104,ORD36639,PROD0005,15,80
OIID73933,ORD36639,PROD0090,6,210
OIID98330,ORD36639,PROD0080,42,9
OIID37225,ORD36639,PROD0140,22,12
OIID65717,ORD36639,PROD0079,114,10
OIID25541,ORD36639,PROD0099,1,100
OIID86603,ORD65675,PROD0061,1,550
OIID40387,ORD65675,PROD0045,312,7
OIID69356,ORD65675,PROD0121,38,28
OIID19595,ORD65675,PROD0125,1,42
OIID18949,ORD79371,PROD0139,58,15
OIID87440,ORD79371,PROD0053,10,219
OIID21177,ORD79371,PROD0065,24,180
OIID37603,ORD29853,PROD0090,9,210
OIID72156,ORD29853,PROD0038,100,13
OIID30540,ORD62844,PROD0011,35,65
OIID98819,ORD62844,PROD0069,29,25
OIID89066,ORD62844,PROD0110,18,50
OIID64835,ORD62844,PROD0038,142,13
OIID91130,ORD62844,PROD0035,25,25
OIID65254,ORD62844,PROD0004,19,50
OIID19750,ORD62370,PROD0014,26,120
OIID59098,ORD62370,PROD0107,7,130
OIID34971,ORD62370,PROD0052,1,330
OIID47214,ORD62370,PROD0012,11,85
OIID29647,ORD93534,PROD0147,27,100
OIID38449,ORD93534,PROD0072,107,13
OIID75257,ORD93534,PROD0025,1,140
OIID81154,ORD98602,PROD0105,39,80
OIID22197,ORD98602,PROD0100,2,90
OIID87718,ORD98602,PROD0003,15,350
OIID61352,ORD98602,PROD0042,40,22
OIID92945,ORD98602,PROD0036,52,9
OIID25786,ORD43603,PROD0092,43,35
OIID69700,ORD43603,PROD0038,18,13
OIID64512,ORD43603,PROD0062,51,35
OIID10480,ORD43603,PROD0018,113,16
OIID42026,ORD43603,PROD0139,73,15
OIID72292,ORD43603,PROD0059,20,150
OIID52491,ORD33895,PROD0086,4,50
OIID92070,ORD33895,PROD0052,9,330
OIID54423,ORD33895,PROD0112,66,25
OIID25699,ORD33895,PROD0023,166,19
OIID49409,ORD33895,PROD0136,183,10
OIID29485,ORD33895,PROD0106,8,150
OIID57024,ORD99159,PROD0001,3,25
OIID75262,ORD99159,PROD0136,146,10
OIID39842,ORD99159,PROD0139,2,15
OIID81716,ORD99159,PROD0133,54,7
OIID42129,ORD19723,PROD0007,35,60
OIID38923,ORD19723,PROD0060,19,100
OIID35945,ORD19723,PROD0011,11,65
OIID41034,ORD86516,PROD0002,17,90
OIID67802,ORD86516,PROD0035,38,25
OIID19170,ORD86516,PROD0140,5,12
OIID31152,ORD61107,PROD0063,58,10
OIID87020,ORD61107,PROD0085,15,40
OIID27869,ORD61107,PROD0008,20,200
OIID92388,ORD53448,PROD0025,11,140
OIID58499,ORD53448,PROD0054,18,289
OIID51000,ORD53448,PROD0063,16,10
OIID21655,ORD53448,PROD0043,84,20
OIID89455,ORD53448,PROD0066,11,400
OIID40274,ORD53448,PROD0126,30,24
OIID83863,ORD21886,PROD0109,44,35
OIID13698,ORD21886,PROD0072,105,13
OIID13975,ORD21886,PROD0062,31,35
OIID76596,ORD21886,PROD0034,30,89
OIID17315,ORD21886,PROD0130,47,10
OIID56221,ORD72613,PROD0121,39,28
OIID89452,ORD72613,PROD0136,168,10
OIID57746,ORD72613,PROD0146,137,15
OIID73710,ORD53409,PROD0136,205,10
OIID69981,ORD53409,PROD0034,14,89
OIID26823,ORD53409,PROD0076,9,15
OIID21007,ORD53409,PROD0072,113,13
OIID75969,ORD53409,PROD0132,44,18
OIID60160,ORD56242,PROD0117,35,15
OIID37520,ORD56242,PROD0136,191,10
OIID43708,ORD56242,PROD0140,138,12
OIID88586,ORD56242,PROD0141,18,22
OIID98431,ORD56242,PROD0057,110,8
OIID49116,ORD56242,PROD0089,72,12
OIID47936,ORD68111,PROD0005,27,80
OIID47169,ORD68111,PROD0038,35,13
OIID69211,ORD68111,PROD0150,33,35
OIID60165,ORD68111,PROD0136,58,10
OIID68208,ORD68111,PROD0142,2,25
OIID42175,ORD68111,PROD0074,56,20
OIID16494,ORD90592,PROD0074,38,20
OIID19869,ORD90592,PROD0041,78,6
OIID37032,ORD90506,PROD0081,84,45
OIID74395,ORD90506,PROD0014,23,120
OIID78546,ORD23374,PROD0086,4,50
OIID39613,ORD23374,PROD0116,128,9
OIID13562,ORD34165,PROD0029,283,7
OIID79299,ORD34165,PROD0072,144,13
OIID11778,ORD34165,PROD0016,39,45
OIID31126,ORD98306,PROD0076,26,15
OIID74464,ORD98306,PROD0072,27,13
OIID18115,ORD98306,PROD0014,10,120
OIID52481,ORD98306,PROD0032,18,30
OIID50205,ORD98306,PROD0133,3,7
OIID21481,ORD75830,PROD0139,22,15
OIID64368,ORD75830,PROD0103,11,50
OIID11308,ORD75830,PROD0121,6,28
OIID14090,ORD75830,PROD0066,4,400
OIID62569,ORD75830,PROD0060,8,100
OIID38865,ORD75830,PROD0096,7,130
OIID82870,ORD91591,PROD0106,16,150
OIID64365,ORD91591,PROD0054,14,289
OIID82449,ORD28132,PROD0112,8,25
OIID69698,ORD28132,PROD0140,17,12
OIID13831,ORD16942,PROD0134,28,16
OIID67241,ORD16942,PROD0126,52,24
OIID65512,ORD58289,PROD0112,75,25
OIID66190,ORD58289,PROD0028,23,115
OIID97813,ORD58289,PROD0125,8,42
OIID62470,ORD58289,PROD0027,3,90
OIID81764,ORD58289,PROD0076,84,15
OIID63452,ORD58289,PROD0132,78,18
OIID47283,ORD80966,PROD0139,56,15
OIID25726,ORD80966,PROD0050,44,10
OIID24107,ORD66951,PROD0034,15,89
OIID92318,ORD66951,PROD0068,4,170
OIID42859,ORD66951,PROD0147,28,100
OIID78803,ORD66951,PROD0074,64,20
OIID83899,ORD66951,PROD0076,163,15
OIID76718,ORD66951,PROD0105,1,80
OIID59557,ORD46438,PROD0046,303,5
OIID11795,ORD46438,PROD0045,411,7
OIID12997,ORD46438,PROD0112,93,25
OIID23485,ORD46438,PROD0106,8,150
OIID78220,ORD46438,PROD0014,15,120
OIID52937,ORD46438,PROD0038,100,13
OIID38936,ORD90541,PROD0093,4,28
OIID29480,ORD90541,PROD0094,166,15
OIID91149,ORD90541,PROD0027,1,90
OIID32942,ORD90541,PROD0123,146,12
OIID10135,ORD96868,PROD0108,11,30
OIID28623,ORD96868,PROD0008,22,200
OIID85952,ORD96868,PROD0011,34,65
OIID10172,ORD96868,PROD0112,52,25
OIID78888,ORD96868,PROD0114,1,45
OIID35417,ORD96868,PROD0081,29,45
OIID51711,ORD82451,PROD0106,8,150
OIID20699,ORD82451,PROD0119,12,20
OIID18707,ORD82451,PROD0116,36,9
OIID51092,ORD82451,PROD0012,19,85
OIID27582,ORD82451,PROD0094,82,15
OIID13936,ORD82451,PROD0141,45,22
OIID89938,ORD86149,PROD0092,41,35
OIID62568,ORD86149,PROD0076,99,15
OIID92512,ORD86149,PROD0001,31,25
OIID77251,ORD86149,PROD0059,18,150
OIID43312,ORD86149,PROD0100,10,90
OIID21804,ORD86149,PROD0145,14,9
OIID77383,ORD32392,PROD0147,39,100
OIID23278,ORD32392,PROD0010,45,35
OIID48977,ORD32392,PROD0030,37,35
OIID44333,ORD32392,PROD0005,8,80
OIID93283,ORD32392,PROD0081,13,45
OIID24326,ORD32392,PROD0068,1,170
OIID47050,ORD62588,PROD0092,48,35
OIID21735,ORD62588,PROD0056,8,210
OIID72083,ORD62588,PROD0096,5,130
OIID19478,ORD62588,PROD0034,34,89
OIID83985,ORD62588,PROD0018,113,16
OIID79979,ORD62588,PROD0038,164,13
OIID49109,ORD76946,PROD0085,5,40
OIID15352,ORD76946,PROD0086,29,50
OIID77252,ORD76946,PROD0081,74,45
OIID82577,ORD68113,PROD0014,8,120
OIID43787,ORD68113,PROD0096,12,130
OIID47445,ORD68113,PROD0112,84,25
OIID20290,ORD86909,PROD0106,4,150
OIID92575,ORD86909,PROD0074,83,20
OIID69870,ORD86909,PROD0035,42,25
OIID25379,ORD86909,PROD0053,10,219
OIID90498,ORD32007,PROD0049,17,9
OIID21065,ORD32007,PROD0045,176,7
OIID26319,ORD32007,PROD0011,25,65
OIID32643,ORD32007,PROD0104,5,90
OIID78068,ORD32007,PROD0016,26,45
OIID59670,ORD43194,PROD0014,20,120
OIID29028,ORD43194,PROD0027,19,90
OIID47999,ORD43194,PROD0145,159,9
OIID62241,ORD43194,PROD0076,58,15
OIID77545,ORD43194,PROD0004,32,50
OIID31768,ORD87547,PROD0061,5,550
OIID41368,ORD87547,PROD0014,28,120
OIID73407,ORD87547,PROD0090,14,210
OIID91071,ORD87547,PROD0132,45,18
OIID44967,ORD87547,PROD0123,111,12
OIID50457,ORD87547,PROD0083,4,30
OIID86409,ORD11510,PROD0054,14,289
OIID75049,ORD11510,PROD0116,176,9
OIID62967,ORD11510,PROD0016,2,45
OIID41349,ORD80565,PROD0061,6,550
OIID24292,ORD80565,PROD0023,5,19
OIID64864,ORD80565,PROD0122,275,6
OIID80997,ORD80565,PROD0046,299,5
OIID45666,ORD80565,PROD0034,18,89
OIID61981,ORD70537,PROD0044,57,12
OIID44490,ORD70537,PROD0047,68,17
OIID64912,ORD70537,PROD0125,22,42
OIID21510,ORD70537,PROD0074,64,20
OIID84774,ORD67867,PROD0127,145,9
OIID45788,ORD67867,PROD0129,14,8
OIID22244,ORD67867,PROD0009,9,250
OIID17724,ORD67867,PROD0105,8,80
OIID65713,ORD67867,PROD0014,8,120
OIID29334,ORD67867,PROD0062,53,35
OIID24268,ORD67959,PROD0022,52,50
OIID29509,ORD67959,PROD0146,186,15
OIID98806,ORD67959,PROD0070,53,40
OIID49129,ORD90517,PROD0001,79,25
OIID15945,ORD90517,PROD0063,65,10
OIID60780,ORD77236,PROD0136,120,10
OIID94222,ORD77236,PROD0034,10,89
OIID95103,ORD77236,PROD0072,54,13
OIID33253,ORD77236,PROD0076,68,15
OIID49110,ORD77236,PROD0132,115,18
OIID18280,ORD42080,PROD0140,57,12
OIID15966,ORD42080,PROD0046,377,5
OIID25327,ORD42080,PROD0121,5,28
OIID56747,ORD42080,PROD0022,62,50
OIID23931,ORD42080,PROD0027,18,90
OIID40964,ORD89331,PROD0062,49,35
OIID15227,ORD89331,PROD0038,142,13
OIID58250,ORD89331,PROD0085,8,40
OIID53041,ORD89331,PROD0034,17,89
OIID17525,ORD89331,PROD0140,121,12
OIID29842,ORD89331,PROD0017,40,20
OIID85180,ORD57460,PROD0081,63,45
OIID85051,ORD57460,PROD0046,93,5
OIID18749,ORD87226,PROD0038,120,13
OIID17619,ORD87226,PROD0085,24,40
OIID47152,ORD87226,PROD0106,9,150
OIID68815,ORD87226,PROD0139,71,15
OIID87676,ORD87226,PROD0132,29,18
OIID72262,ORD87226,PROD0066,11,400
OIID50854,ORD42630,PROD0074,65,20
OIID85349,ORD42630,PROD0056,13,210
OIID28174,ORD42630,PROD0093,14,28
OIID86888,ORD80638,PROD0066,10,400
OIID27822,ORD80638,PROD0072,57,13
OIID43294,ORD80638,PROD0018,115,16
OIID59126,ORD47429,PROD0052,10,330
OIID52628,ORD47429,PROD0146,178,15
OIID19824,ORD30720,PROD0054,6,289
OIID59794,ORD30720,PROD0073,16,13
OIID26188,ORD24460,PROD0119,95,20
OIID63814,ORD24460,PROD0127,92,9
OIID67866,ORD24460,PROD0063,53,10
OIID26321,ORD24460,PROD0086,8,50
OIID53983,ORD24460,PROD0090,4,210
OIID44471,ORD24460,PROD0038,6,13
OIID12670,ORD71288,PROD0055,9,160
OIID38652,ORD71288,PROD0129,49,8
OIID91777,ORD71288,PROD0115,85,14
OIID39977,ORD71288,PROD0141,26,22
OIID77650,ORD78659,PROD0106,16,150
OIID20162,ORD78659,PROD0112,26,25
OIID63824,ORD52169,PROD0101,70,35
OIID62965,ORD52169,PROD0142,9,25
OIID14092,ORD23163,PROD0054,3,289
OIID12100,ORD23163,PROD0004,36,50
OIID16328,ORD23163,PROD0047,66,17
OIID51528,ORD23163,PROD0060,15,100
OIID92027,ORD23163,PROD0021,17,300
OIID80746,ORD23163,PROD0118,34,17
OIID16437,ORD20751,PROD0116,173,9
OIID92923,ORD20751,PROD0076,36,15
OIID32316,ORD70214,PROD0065,24,180
OIID77859,ORD70214,PROD0096,14,130
OIID16941,ORD70214,PROD0125,19,42
OIID22038,ORD70214,PROD0074,73,20
OIID85184,ORD70214,PROD0004,24,50
OIID70324,ORD80255,PROD0095,29,50
OIID51330,ORD80255,PROD0142,42,25
OIID35219,ORD34902,PROD0052,11,330
OIID13745,ORD34902,PROD0056,4,210
OIID22155,ORD34902,PROD0112,42,25
OIID19263,ORD46084,PROD0116,231,9
OIID81430,ORD46084,PROD0112,11,25
OIID82728,ORD46084,PROD0004,55,50
OIID45791,ORD95940,PROD0116,210,9
OIID42185,ORD95940,PROD0112,16,25
OIID61699,ORD95940,PROD0034,22,89
OIID56333,ORD95940,PROD0072,87,13
OIID76102,ORD31402,PROD0132,36,18
OIID43404,ORD31402,PROD0023,106,19
OIID94590,ORD31402,PROD0141,35,22
OIID30282,ORD68646,PROD0004,49,50
OIID53892,ORD68646,PROD0074,33,20
OIID66898,ORD68646,PROD0024,35,10
OIID86240,ORD68646,PROD0060,22,100
OIID97121,ORD68646,PROD0042,12,22
OIID96283,ORD68646,PROD0113,50,19
OIID20134,ORD63069,PROD0124,4,60
OIID27835,ORD63069,PROD0039,6,280
OIID66404,ORD63069,PROD0111,33,16
OIID85585,ORD66090,PROD0070,44,40
OIID52018,ORD66090,PROD0079,119,10
OIID88577,ORD66090,PROD0145,83,9
OIID70918,ORD66090,PROD0052,12,330
OIID63582,ORD66090,PROD0103,14,50
OIID63386,ORD96335,PROD0103,16,50
OIID59527,ORD96335,PROD0031,12,43
OIID61631,ORD96335,PROD0083,60,30
OIID80880,ORD96335,PROD0039,3,280
OIID59472,ORD16738,PROD0119,9,20
OIID95010,ORD16738,PROD0059,17,150
OIID93173,ORD16738,PROD0125,20,42
OIID57967,ORD16738,PROD0139,2,15
OIID71267,ORD16738,PROD0045,25,7
OIID67643,ORD16738,PROD0038,131,13
OIID20955,ORD43161,PROD0022,38,50
OIID16637,ORD43161,PROD0003,12,350
OIID25508,ORD43161,PROD0116,39,9
OIID75596,ORD43161,PROD0138,28,7
OIID63480,ORD43161,PROD0058,63,35
OIID60051,ORD59188,PROD0114,39,45
OIID61930,ORD59188,PROD0034,18,89
OIID82127,ORD59188,PROD0136,137,10
OIID27397,ORD59188,PROD0025,4,140
OIID15889,ORD59188,PROD0090,12,210
OIID32546,ORD41725,PROD0129,31,8
OIID94109,ORD41725,PROD0076,131,15
OIID79006,ORD41725,PROD0072,89,13
OIID34114,ORD41725,PROD0109,44,35
OIID24452,ORD41725,PROD0029,368,7
OIID11104,ORD50424,PROD0100,4,90
OIID89795,ORD50424,PROD0096,2,130
OIID14923,ORD18713,PROD0025,1,140
OIID81995,ORD18713,PROD0027,5,90
OIID16623,ORD18713,PROD0079,80,10
OIID51105,ORD18713,PROD0066,10,400
OIID45484,ORD18713,PROD0014,4,120
OIID45878,ORD18713,PROD0003,10,350
OIID26325,ORD63569,PROD0032,13,30
OIID58833,ORD63569,PROD0023,166,19
OIID66580,ORD63569,PROD0053,3,219
OIID13494,ORD63569,PROD0109,46,35
OIID41687,ORD63569,PROD0011,7,65
OIID13705,ORD63569,PROD0132,74,18
OIID24827,ORD49575,PROD0116,163,9
OIID86936,ORD49575,PROD0023,78,19
OIID54901,ORD49575,PROD0112,82,25
OIID87428,ORD49575,PROD0018,8,16
OIID38327,ORD49575,PROD0066,10,400
OIID11469,ORD49575,PROD0105,34,80
OIID82269,ORD65683,PROD0034,9,89
OIID81014,ORD65683,PROD0066,1,400
OIID16482,ORD65683,PROD0140,46,12
OIID66441,ORD86953,PROD0095,6,50
OIID51797,ORD86953,PROD0011,11,65
OIID21331,ORD55999,PROD0123,8,12
OIID60380,ORD55999,PROD0074,46,20
OIID81320,ORD55999,PROD0086,6,50
OIID82042,ORD55999,PROD0012,14,85
OIID61229,ORD55999,PROD0087,12,90
OIID13217,ORD55999,PROD0114,23,45
OIID49237,ORD99829,PROD0147,40,100
OIID71078,ORD99829,PROD0089,94,12
OIID36927,ORD99829,PROD0057,100,8
OIID62183,ORD26376,PROD0085,40,40
OIID60573,ORD26376,PROD0007,15,60
OIID85586,ORD26376,PROD0145,132,9
OIID65247,ORD26376,PROD0002,44,90
OIID20412,ORD26376,PROD0125,19,42
OIID28561,ORD26376,PROD0106,12,150
OIID95356,ORD49747,PROD0018,46,16
OIID32954,ORD49747,PROD0027,10,90
OIID13448,ORD49747,PROD0121,25,28
OIID59054,ORD49747,PROD0079,22,10
OIID60877,ORD49747,PROD0105,32,80
OIID49078,ORD49747,PROD0090,13,210
OIID64135,ORD68770,PROD0080,187,9
OIID32181,ORD68770,PROD0031,2,43
OIID95988,ORD68770,PROD0130,269,10
OIID54359,ORD68770,PROD0136,225,10
OIID95707,ORD68770,PROD0014,20,120
OIID58129,ORD68770,PROD0128,170,6
OIID47976,ORD99871,PROD0038,52,13
OIID41308,ORD99871,PROD0086,18,50
OIID44963,ORD99871,PROD0045,364,7
OIID28855,ORD99871,PROD0092,34,35
OIID23992,ORD99871,PROD0065,1,180
OIID18185,ORD99871,PROD0125,28,42
OIID63964,ORD29689,PROD0038,169,13
OIID23527,ORD29689,PROD0076,7,15
OIID12397,ORD93177,PROD0134,76,16
OIID29761,ORD93177,PROD0004,9,50
OIID50178,ORD93177,PROD0114,9,45
OIID59241,ORD93177,PROD0116,195,9
OIID50892,ORD93177,PROD0140,163,12
OIID54120,ORD31311,PROD0082,54,33
OIID69491,ORD31311,PROD0110,50,50
OIID54136,ORD31311,PROD0113,30,19
OIID90320,ORD85632,PROD0115,108,14
OIID92641,ORD85632,PROD0025,6,140
OIID67794,ORD85632,PROD0014,9,120
OIID20960,ORD85632,PROD0121,29,28
OIID81689,ORD85632,PROD0042,22,22
OIID62447,ORD85445,PROD0008,25,200
OIID17771,ORD85445,PROD0075,31,20
OIID98393,ORD85445,PROD0082,84,33
OIID26249,ORD85445,PROD0097,34,20
OIID10454,ORD85445,PROD0114,17,45
OIID40646,ORD85445,PROD0041,25,6
OIID30134,ORD78325,PROD0076,152,15
OIID51510,ORD78325,PROD0020,50,40
OIID47806,ORD62264,PROD0139,40,15
OIID25117,ORD62264,PROD0121,9,28
OIID43716,ORD62264,PROD0005,78,80
OIID58705,ORD62264,PROD0142,10,25
OIID48823,ORD30178,PROD0086,27,50
OIID24658,ORD30178,PROD0136,28,10
OIID20437,ORD30178,PROD0106,5,150
OIID92421,ORD62685,PROD0036,16,9
OIID13912,ORD62685,PROD0110,60,50
OIID65000,ORD62685,PROD0089,69,12
OIID83664,ORD62685,PROD0024,16,10
OIID26719,ORD82795,PROD0045,171,7
OIID38950,ORD82795,PROD0141,24,22
OIID97257,ORD82795,PROD0076,147,15
OIID38134,ORD82795,PROD0061,4,550
OIID20842,ORD82795,PROD0132,96,18
OIID75140,ORD82795,PROD0038,100,13
OIID53798,ORD91394,PROD0028,17,115
OIID78343,ORD91394,PROD0061,7,550
OIID82546,ORD91394,PROD0001,24,25
OIID15849,ORD72752,PROD0063,120,10
OIID97196,ORD72752,PROD0095,18,50
OIID26809,ORD72752,PROD0082,60,33
OIID84003,ORD72752,PROD0090,3,210
OIID27781,ORD72752,PROD0142,83,25
OIID21874,ORD72752,PROD0055,18,160
OIID50399,ORD67672,PROD0110,16,50
OIID59063,ORD67672,PROD0070,86,40
OIID43205,ORD67672,PROD0015,212,13
OIID68573,ORD63062,PROD0072,10,13
OIID55652,ORD63062,PROD0038,149,13
OIID96958,ORD63062,PROD0052,1,330
OIID57613,ORD17716,PROD0001,85,25
OIID83744,ORD17716,PROD0140,176,12
OIID46659,ORD97216,PROD0018,121,16
OIID92133,ORD97216,PROD0034,1,89
OIID54010,ORD97216,PROD0046,374,5
OIID34851,ORD97216,PROD0014,28,120
OIID29683,ORD97216,PROD0028,36,115
OIID99854,ORD97216,PROD0116,159,9
OIID74551,ORD55205,PROD0032,12,30
OIID47880,ORD55205,PROD0009,6,250
OIID26211,ORD55205,PROD0120,74,23
OIID54998,ORD55205,PROD0105,14,80
OIID89009,ORD58481,PROD0059,7,150
OIID56784,ORD58481,PROD0056,13,210
OIID46527,ORD58481,PROD0140,171,12
OIID88597,ORD58481,PROD0015,27,13
OIID42537,ORD58481,PROD0125,2,42
OIID53097,ORD58481,PROD0053,11,219
OIID29170,ORD87289,PROD0110,52,50
OIID18784,ORD87289,PROD0116,248,9
OIID28034,ORD73968,PROD0035,59,25
OIID33697,ORD73968,PROD0036,1,9
OIID33449,ORD73968,PROD0074,79,20
OIID36996,ORD73968,PROD0003,5,350
OIID55905,ORD73968,PROD0043,52,20
OIID35552,ORD73968,PROD0086,19,50
OIID42638,ORD33568,PROD0052,7,330
OIID84790,ORD33568,PROD0066,10,400
OIID81170,ORD33568,PROD0146,87,15
OIID11657,ORD33568,PROD0092,31,35
OIID50259,ORD33568,PROD0023,20,19
OIID85747,ORD33568,PROD0105,7,80
OIID14612,ORD72234,PROD0028,44,115
OIID99881,ORD72234,PROD0067,14,90
OIID81108,ORD79569,PROD0004,3,50
OIID22321,ORD79569,PROD0012,5,85
OIID68934,ORD79569,PROD0029,361,7
OIID60574,ORD79569,PROD0099,22,100
OIID37693,ORD79569,PROD0023,150,19
OIID43474,ORD79569,PROD0141,46,22
OIID98731,ORD80013,PROD0043,32,20
OIID88218,ORD80013,PROD0140,33,12
OIID67047,ORD80013,PROD0007,5,60
OIID13988,ORD80013,PROD0005,14,80
OIID11168,ORD69623,PROD0133,62,7
OIID54257,ORD69623,PROD0146,72,15
OIID14044,ORD69623,PROD0062,33,35
OIID74869,ORD69623,PROD0011,37,65
OIID77373,ORD69623,PROD0024,234,10
OIID57957,ORD69623,PROD0017,64,20
OIID98799,ORD64932,PROD0141,60,22
OIID72307,ORD64932,PROD0056,2,210
OIID52820,ORD64932,PROD0014,28,120
OIID65272,ORD65070,PROD0081,86,45
OIID96959,ORD65070,PROD0014,23,120
OIID84795,ORD65070,PROD0018,140,16
OIID20029,ORD71610,PROD0141,32,22
OIID93381,ORD71610,PROD0145,28,9
OIID64065,ORD71610,PROD0046,319,5
OIID83628,ORD71610,PROD0061,7,550
OIID24777,ORD71610,PROD0072,113,13
OIID57438,ORD60799,PROD0126,53,24
OIID60340,ORD60799,PROD0079,112,10
OIID59870,ORD60799,PROD0065,19,180
OIID17847,ORD16103,PROD0045,465,7
OIID17349,ORD16103,PROD0028,16,115
OIID14409,ORD16103,PROD0067,16,90
OIID17810,ORD51025,PROD0100,13,90
OIID73305,ORD51025,PROD0008,25,200
OIID39237,ORD51025,PROD0004,12,50
OIID46343,ORD51025,PROD0070,34,40
OIID93830,ORD51025,PROD0031,23,43
OIID78611,ORD47504,PROD0149,63,15
OIID52339,ORD47504,PROD0105,22,80
OIID87092,ORD47504,PROD0089,18,12
OIID69968,ORD47504,PROD0024,14,10
OIID81659,ORD47504,PROD0110,59,50
OIID41229,ORD77531,PROD0072,116,13
OIID72455,ORD77531,PROD0038,98,13
OIID19681,ORD98094,PROD0045,297,7
OIID89052,ORD98094,PROD0056,4,210
OIID51110,ORD49795,PROD0079,130,10
OIID22838,ORD49795,PROD0066,10,400
OIID57119,ORD49795,PROD0052,11,330
OIID55373,ORD49795,PROD0045,214,7
OIID56891,ORD49795,PROD0036,117,9
OIID34026,ORD39420,PROD0092,11,35
OIID50832,ORD39420,PROD0085,3,40
OIID65176,ORD39420,PROD0008,10,200
OIID98877,ORD39420,PROD0038,220,13
OIID81268,ORD39420,PROD0146,78,15
OIID21668,ORD35025,PROD0092,32,35
OIID37525,ORD35025,PROD0043,2,20
OIID28996,ORD24012,PROD0018,43,16
OIID12467,ORD24012,PROD0112,26,25
OIID87080,ORD12474,PROD0063,30,10
OIID22292,ORD12474,PROD0149,29,15
OIID49524,ORD12474,PROD0069,61,25
OIID48707,ORD12474,PROD0100,9,90
OIID23332,ORD12474,PROD0120,69,23
OIID38696,ORD12474,PROD0036,76,9
OIID75273,ORD22816,PROD0144,32,30
OIID68978,ORD22816,PROD0020,42,40
OIID63112,ORD22816,PROD0109,54,35
OIID35212,ORD73459,PROD0054,13,289
OIID56998,ORD73459,PROD0019,7,160
OIID22157,ORD73459,PROD0118,61,17
OIID80234,ORD47674,PROD0096,1,130
OIID13003,ORD47674,PROD0081,35,45
OIID48126,ORD47674,PROD0132,119,18
OIID40800,ORD47674,PROD0125,9,42
OIID98669,ORD90660,PROD0007,15,60
OIID75465,ORD90660,PROD0016,39,45
OIID69062,ORD90660,PROD0099,28,100
OIID74531,ORD89746,PROD0021,14,300
OIID23351,ORD89746,PROD0059,5,150
OIID63490,ORD89746,PROD0066,11,400
OIID88412,ORD89746,PROD0146,30,15
OIID75020,ORD79120,PROD0038,26,13
OIID21407,ORD79120,PROD0132,91,18
OIID65992,ORD79120,PROD0092,10,35
OIID12353,ORD79120,PROD0072,164,13
OIID87835,ORD79120,PROD0034,24,89
OIID39513,ORD67084,PROD0004,21,50
OIID31179,ORD67084,PROD0074,13,20
OIID70842,ORD67084,PROD0114,5,45
OIID81999,ORD67084,PROD0096,7,130
OIID84812,ORD44354,PROD0106,8,150
OIID56703,ORD44354,PROD0025,3,140
OIID29027,ORD44354,PROD0099,20,100
OIID23627,ORD44354,PROD0132,20,18
OIID30475,ORD44354,PROD0076,80,15
OIID58876,ORD99580,PROD0091,24,160
OIID16671,ORD99580,PROD0090,6,210
OIID82371,ORD99580,PROD0003,1,350
OIID48279,ORD99580,PROD0020,29,40
OIID49121,ORD46153,PROD0008,25,200
OIID72956,ORD46153,PROD0041,19,6
OIID94490,ORD46153,PROD0075,81,20
OIID50104,ORD46153,PROD0105,2,80
OIID46726,ORD20905,PROD0028,30,115
OIID34436,ORD20905,PROD0081,58,45
OIID33215,ORD20905,PROD0110,47,50
OIID60430,ORD20905,PROD0053,12,219
OIID84392,ORD96096,PROD0060,18,100
OIID33042,ORD96096,PROD0027,13,90
OIID85748,ORD96096,PROD0090,13,210
OIID88595,ORD96096,PROD0081,7,45
OIID66811,ORD96096,PROD0016,26,45
OIID92198,ORD96096,PROD0080,100,9
OIID59200,ORD90482,PROD0028,25,115
OIID15659,ORD90482,PROD0145,176,9
OIID74699,ORD90482,PROD0136,88,10
OIID56689,ORD66328,PROD0081,8,45
OIID15084,ORD66328,PROD0126,68,24
OIID47099,ORD66328,PROD0092,48,35
OIID19575,ORD66328,PROD0036,8,9
OIID76978,ORD30007,PROD0123,59,12
OIID73941,ORD30007,PROD0038,214,13
OIID93928,ORD30007,PROD0004,33,50
OIID60542,ORD30007,PROD0070,22,40
OIID47675,ORD30007,PROD0093,71,28
OIID68548,ORD63123,PROD0126,56,24
OIID82918,ORD63123,PROD0114,22,45
OIID26483,ORD63123,PROD0041,91,6
OIID22944,ORD63123,PROD0092,24,35
OIID77002,ORD86302,PROD0023,36,19
OIID39429,ORD86302,PROD0119,93,20
OIID92132,ORD86302,PROD0112,48,25
OIID36261,ORD47402,PROD0116,238,9
OIID81839,ORD47402,PROD0014,7,120
OIID19148,ORD47402,PROD0076,118,15
OIID37296,ORD47402,PROD0018,64,16
OIID64755,ORD66087,PROD0049,208,9
OIID88819,ORD66087,PROD0021,20,300
OIID23123,ORD66087,PROD0077,2,16
OIID28598,ORD66087,PROD0074,35,20
OIID84744,ORD16966,PROD0045,111,7
OIID14879,ORD16966,PROD0086,20,50
OIID58091,ORD16966,PROD0056,8,210
OIID55631,ORD16966,PROD0096,9,130
OIID42767,ORD16966,PROD0065,10,180
OIID40581,ORD53457,PROD0086,7,50
OIID11287,ORD53457,PROD0122,330,6
OIID89344,ORD53457,PROD0011,23,65
OIID75230,ORD53457,PROD0005,37,80
OIID17795,ORD53457,PROD0125,17,42
OIID65508,ORD43035,PROD0008,2,200
OIID78403,ORD43035,PROD0047,8,17
OIID38628,ORD43035,PROD0090,5,210
OIID24431,ORD43035,PROD0135,144,9
OIID25571,ORD43035,PROD0070,23,40
OIID62453,ORD33871,PROD0139,44,15
OIID83090,ORD33871,PROD0061,5,550
OIID34563,ORD33871,PROD0014,23,120
OIID22010,ORD33871,PROD0132,113,18
OIID22756,ORD33871,PROD0052,7,330
OIID41257,ORD51565,PROD0009,8,250
OIID72175,ORD51565,PROD0144,7,30
OIID76290,ORD51565,PROD0084,47,25
OIID50181,ORD51565,PROD0074,89,20
OIID76165,ORD86050,PROD0112,17,25
OIID36661,ORD86050,PROD0028,39,115
OIID88685,ORD59196,PROD0012,56,85
OIID97319,ORD59196,PROD0081,68,45
OIID85938,ORD59196,PROD0070,79,40
OIID15501,ORD59196,PROD0007,32,60
OIID78615,ORD29540,PROD0041,61,6
OIID47128,ORD29540,PROD0042,29,22
OIID87990,ORD29540,PROD0113,18,19
OIID48091,ORD29540,PROD0018,61,16
OIID26736,ORD29540,PROD0146,131,15
OIID90329,ORD46270,PROD0038,11,13
OIID66809,ORD46270,PROD0056,4,210
OIID25749,ORD46270,PROD0061,3,550
OIID46041,ORD46270,PROD0128,103,6
OIID86487,ORD91594,PROD0105,28,80
OIID25860,ORD91594,PROD0001,1,25
OIID26061,ORD91594,PROD0038,118,13
OIID49538,ORD91594,PROD0126,27,24
OIID33810,ORD51246,PROD0016,19,45
OIID71796,ORD51246,PROD0005,61,80
OIID47140,ORD51246,PROD0023,165,19
OIID80595,ORD53238,PROD0038,51,13
OIID81194,ORD53238,PROD0023,58,19
OIID51182,ORD53238,PROD0027,6,90
OIID49958,ORD53238,PROD0092,51,35
OIID22316,ORD53238,PROD0086,25,50
OIID26540,ORD53238,PROD0008,2,200
OIID79366,ORD36269,PROD0012,34,85
OIID80969,ORD36269,PROD0034,20,89
OIID59097,ORD36269,PROD0066,6,400
OIID41431,ORD36269,PROD0067,21,90
OIID16369,ORD36269,PROD0130,26,10
OIID44581,ORD22724,PROD0003,7,350
OIID66472,ORD22724,PROD0014,12,120
OIID61902,ORD22724,PROD0148,23,27
OIID16771,ORD22724,PROD0032,17,30
OIID79200,ORD54662,PROD0036,109,9
OIID44775,ORD54662,PROD0038,98,13
OIID93837,ORD54662,PROD0130,50,10
OIID35504,ORD54662,PROD0094,16,15
OIID42967,ORD54662,PROD0114,29,45
OIID65743,ORD54662,PROD0143,123,11
OIID37946,ORD37200,PROD0076,115,15
OIID44764,ORD37200,PROD0140,70,12
OIID44888,ORD89368,PROD0064,19,130
OIID30795,ORD89368,PROD0062,49,35
OIID81753,ORD89368,PROD0104,20,90
OIID43054,ORD89368,PROD0060,13,100
OIID20970,ORD89368,PROD0065,17,180
OIID13113,ORD73903,PROD0113,73,19
OIID10373,ORD73903,PROD0125,21,42
OIID67594,ORD73903,PROD0135,10,9
OIID39899,ORD17460,PROD0105,7,80
OIID92448,ORD17460,PROD0034,1,89
OIID66192,ORD56286,PROD0123,76,12
OIID39688,ORD56286,PROD0073,78,13
OIID79009,ORD49812,PROD0076,116,15
OIID11635,ORD49812,PROD0065,4,180
OIID16292,ORD49812,PROD0121,20,28
OIID82070,ORD49812,PROD0081,61,45
OIID87819,ORD49812,PROD0105,24,80
OIID94242,ORD49812,PROD0125,11,42
OIID42555,ORD75549,PROD0066,2,400
OIID26058,ORD75549,PROD0023,6,19
OIID57961,ORD75549,PROD0115,40,14
OIID10791,ORD75549,PROD0104,9,90
OIID38933,ORD75549,PROD0039,1,280
OIID94748,ORD29833,PROD0116,246,9
OIID88119,ORD29833,PROD0102,198,7
OIID93147,ORD29833,PROD0070,77,40
OIID13728,ORD29833,PROD0134,20,16
OIID51878,ORD29833,PROD0095,22,50
OIID41109,ORD29833,PROD0079,74,10
OIID25660,ORD43891,PROD0099,2,100
OIID12190,ORD43891,PROD0028,29,115
OIID29118,ORD43891,PROD0096,7,130
OIID80542,ORD43891,PROD0034,3,89
OIID80722,ORD43891,PROD0061,8,550
OIID16584,ORD45637,PROD0027,8,90
OIID46720,ORD45637,PROD0021,11,300
OIID34857,ORD45637,PROD0050,140,10
OIID97975,ORD31017,PROD0142,68,25
OIID50220,ORD31017,PROD0032,21,30
OIID21649,ORD31017,PROD0048,39,24
OIID80349,ORD31017,PROD0047,7,17
OIID38209,ORD31017,PROD0006,27,70
OIID57320,ORD41098,PROD0032,21,30
OIID96931,ORD41098,PROD0115,53,14
OIID52102,ORD41098,PROD0073,138,13
OIID11321,ORD41098,PROD0135,39,9
OIID33502,ORD41098,PROD0008,12,200
OIID39379,ORD41098,PROD0018,14,16
OIID65265,ORD98392,PROD0034,13,89
OIID61885,ORD98392,PROD0052,6,330
OIID13802,ORD98392,PROD0136,166,10
OIID66958,ORD98392,PROD0132,51,18
OIID20278,ORD98392,PROD0014,27,120
OIID29370,ORD98392,PROD0096,4,130
OIID49214,ORD81307,PROD0047,28,17
OIID52038,ORD81307,PROD0092,6,35
OIID41463,ORD81307,PROD0002,39,90
OIID41608,ORD81307,PROD0062,2,35
OIID12605,ORD81307,PROD0029,52,7
OIID44145,ORD30746,PROD0113,44,19
OIID94809,ORD30746,PROD0100,10,90
OIID10659,ORD23891,PROD0010,12,35
OIID91824,ORD23891,PROD0024,42,10
OIID39064,ORD23891,PROD0030,45,35
OIID78945,ORD23891,PROD0035,57,25
OIID82741,ORD57562,PROD0134,48,16
OIID78782,ORD57562,PROD0015,6,13
OIID15456,ORD57562,PROD0146,82,15
OIID20475,ORD50443,PROD0022,10,50
OIID94115,ORD50443,PROD0004,3,50
OIID54634,ORD50443,PROD0029,128,7
OIID91469,ORD50443,PROD0015,134,13
OIID72516,ORD20678,PROD0112,88,25
OIID10616,ORD20678,PROD0052,4,330
OIID44606,ORD20678,PROD0034,12,89
OIID49401,ORD20678,PROD0056,3,210
OIID53797,ORD20678,PROD0072,72,13
OIID89646,ORD20678,PROD0096,10,130
OIID59270,ORD38388,PROD0049,186,9
OIID54145,ORD38388,PROD0123,144,12
OIID42590,ORD38388,PROD0042,45,22
OIID75698,ORD73916,PROD0115,40,14
OIID38096,ORD73916,PROD0002,31,90
OIID80943,ORD73916,PROD0016,38,45
OIID86636,ORD73916,PROD0085,14,40
OIID32485,ORD70892,PROD0072,76,13
OIID15650,ORD70892,PROD0121,30,28
OIID11347,ORD70892,PROD0101,61,35
OIID76880,ORD70892,PROD0125,22,42
OIID91846,ORD31145,PROD0037,2,15
OIID65273,ORD31145,PROD0035,18,25
OIID49501,ORD31145,PROD0070,27,40
OIID78789,ORD36899,PROD0060,15,100
OIID47376,ORD36899,PROD0051,19,27
OIID79633,ORD36899,PROD0043,65,20
OIID18787,ORD36899,PROD0009,8,250
OIID43704,ORD79361,PROD0070,82,40
OIID41307,ORD79361,PROD0095,18,50
OIID17511,ORD85673,PROD0018,110,16
OIID92590,ORD85673,PROD0041,61,6
OIID41157,ORD85673,PROD0035,53,25
OIID18836,ORD85673,PROD0050,208,10
OIID46968,ORD85673,PROD0038,55,13
OIID87079,ORD85673,PROD0072,61,13
OIID97924,ORD46086,PROD0008,17,200
OIID80805,ORD46086,PROD0085,41,40
OIID89769,ORD46086,PROD0106,8,150
OIID52170,ORD91967,PROD0066,10,400
OIID11113,ORD91967,PROD0073,123,13
OIID79404,ORD91967,PROD0133,89,7
OIID79999,ORD91967,PROD0065,9,180
OIID78878,ORD52189,PROD0004,37,50
OIID46764,ORD52189,PROD0120,56,23
OIID65630,ORD52189,PROD0081,9,45
OIID78178,ORD52189,PROD0007,4,60
OIID46911,ORD52189,PROD0065,2,180
OIID31797,ORD52189,PROD0141,47,22
OIID78028,ORD87078,PROD0093,71,28
OIID11674,ORD87078,PROD0066,9,400
OIID21456,ORD87078,PROD0087,7,90
OIID13672,ORD35912,PROD0136,26,10
OIID91474,ORD35912,PROD0001,106,25
OIID54954,ORD35912,PROD0065,20,180
OIID75540,ORD35912,PROD0086,19,50
OIID47547,ORD76066,PROD0092,50,35
OIID24739,ORD76066,PROD0036,5,9
OIID54854,ORD47508,PROD0080,191,9
OIID58253,ORD47508,PROD0123,95,12
OIID50313,ORD47508,PROD0101,29,35
OIID83212,ORD47508,PROD0037,91,15
OIID47177,ORD87088,PROD0036,31,9
OIID52433,ORD87088,PROD0076,154,15
OIID73801,ORD87088,PROD0034,10,89
OIID63623,ORD87088,PROD0149,50,15
OIID17551,ORD83452,PROD0119,45,20
OIID69221,ORD83452,PROD0074,55,20
OIID47876,ORD83452,PROD0060,17,100
OIID69233,ORD83452,PROD0037,104,15
OIID48827,ORD83452,PROD0054,11,289
OIID68546,ORD99009,PROD0009,7,250
OIID33974,ORD99009,PROD0080,99,9
OIID85537,ORD99009,PROD0029,311,7
OIID52279,ORD85239,PROD0082,67,33
OIID60541,ORD85239,PROD0143,139,11
OIID15056,ORD63027,PROD0027,14,90
OIID41103,ORD63027,PROD0059,19,150
OIID53472,ORD58690,PROD0074,48,20
OIID78366,ORD58690,PROD0015,71,13
OIID97688,ORD41064,PROD0149,87,15
OIID63546,ORD41064,PROD0076,112,15
OIID94852,ORD41064,PROD0063,70,10
OIID64878,ORD41064,PROD0014,14,120
OIID69784,ORD41064,PROD0035,32,25
OIID23860,ORD41064,PROD0005,2,80
OIID22489,ORD48593,PROD0076,135,15
OIID80146,ORD48593,PROD0092,6,35
OIID10957,ORD37068,PROD0096,8,130
OIID50855,ORD37068,PROD0001,73,25
OIID54621,ORD37068,PROD0027,7,90
OIID36447,ORD37068,PROD0125,23,42
OIID95423,ORD37068,PROD0141,50,22
OIID48840,ORD68058,PROD0116,227,9
OIID13350,ORD68058,PROD0073,155,13
OIID45211,ORD68058,PROD0029,91,7
OIID62297,ORD68058,PROD0146,143,15
OIID73273,ORD68058,PROD0019,6,160
OIID77089,ORD53072,PROD0121,11,28
OIID13275,ORD53072,PROD0106,16,150
OIID17950,ORD53072,PROD0021,8,300
OIID54911,ORD23751,PROD0001,106,25
OIID48791,ORD23751,PROD0027,12,90
OIID10962,ORD23751,PROD0043,83,20
OIID75389,ORD23751,PROD0014,9,120
OIID44649,ORD23751,PROD0136,9,10
OIID59899,ORD23751,PROD0032,19,30
OIID92544,ORD35833,PROD0028,39,115
OIID55310,ORD35833,PROD0001,1,25
OIID80874,ORD35833,PROD0065,17,180
OIID59185,ORD35833,PROD0072,47,13
OIID30808,ORD35833,PROD0136,162,10
OIID82341,ORD35833,PROD0085,5,40
OIID40336,ORD12674,PROD0014,15,120
OIID15142,ORD12674,PROD0021,3,300
OIID43719,ORD12674,PROD0037,52,15
OIID77864,ORD12674,PROD0098,141,10
OIID48934,ORD12674,PROD0006,10,70
OIID58098,ORD91080,PROD0136,74,10
OIID99936,ORD91080,PROD0066,6,400
OIID60148,ORD91080,PROD0112,26,25
OIID19351,ORD91080,PROD0081,34,45
OIID89554,ORD91080,PROD0126,60,24
OIID50585,ORD91080,PROD0052,13,330
OIID61926,ORD82873,PROD0035,36,25
OIID72973,ORD82873,PROD0005,27,80
OIID41369,ORD82873,PROD0016,35,45
OIID11350,ORD28897,PROD0096,9,130
OIID71339,ORD28897,PROD0066,1,400
OIID56480,ORD28897,PROD0004,60,50
OIID17428,ORD28897,PROD0052,7,330
OIID72932,ORD28897,PROD0046,478,5
OIID15040,ORD28897,PROD0001,113,25
OIID54463,ORD33216,PROD0126,57,24
OIID95723,ORD33216,PROD0127,71,9
OIID50366,ORD33216,PROD0080,41,9
OIID55728,ORD52657,PROD0114,17,45
OIID44711,ORD52657,PROD0105,35,80
OIID44476,ORD52657,PROD0119,87,20
OIID13849,ORD85589,PROD0018,91,16
OIID23363,ORD85589,PROD0083,53,30
OIID25389,ORD26054,PROD0016,14,45
OIID85860,ORD26054,PROD0059,22,150
OIID91002,ORD26054,PROD0036,59,9
OIID39685,ORD26054,PROD0106,6,150
OIID21499,ORD26054,PROD0083,9,30
OIID19134,ORD26054,PROD0146,76,15
OIID78749,ORD98487,PROD0067,1,90
OIID55733,ORD98487,PROD0009,6,250
OIID94346,ORD98487,PROD0049,34,9
OIID69302,ORD98487,PROD0116,114,9
OIID81936,ORD98487,PROD0130,189,10
OIID96995,ORD55960,PROD0073,12,13
OIID35814,ORD55960,PROD0049,175,9
OIID63042,ORD59143,PROD0032,4,30
OIID81823,ORD59143,PROD0055,8,160
OIID11802,ORD79076,PROD0125,18,42
OIID62715,ORD79076,PROD0072,161,13
OIID48080,ORD79076,PROD0028,40,115
OIID48997,ORD61083,PROD0116,200,9
OIID50922,ORD61083,PROD0076,137,15
OIID86609,ORD61083,PROD0136,80,10
OIID10382,ORD61083,PROD0096,9,130
OIID16764,ORD16117,PROD0090,8,210
OIID42134,ORD16117,PROD0116,121,9
OIID65162,ORD16117,PROD0125,4,42
OIID31891,ORD16117,PROD0041,35,6
OIID17703,ORD16117,PROD0107,9,130
OIID51630,ORD16117,PROD0115,112,14
OIID98448,ORD73405,PROD0141,50,22
OIID14423,ORD73405,PROD0101,39,35
OIID62460,ORD73405,PROD0081,78,45
OIID96355,ORD73405,PROD0072,78,13
OIID54910,ORD73405,PROD0092,29,35
OIID42507,ORD44982,PROD0085,34,40
OIID54823,ORD44982,PROD0150,30,35
OIID97245,ORD31004,PROD0059,9,150
OIID40252,ORD31004,PROD0123,101,12
OIID63481,ORD47179,PROD0018,35,16
OIID36539,ORD47179,PROD0076,91,15
OIID98440,ORD47179,PROD0034,36,89
OIID65182,ORD47179,PROD0096,13,130
OIID21369,ORD47179,PROD0052,1,330
OIID48084,ORD47179,PROD0072,110,13
OIID45959,ORD46386,PROD0076,130,15
OIID82983,ORD46386,PROD0023,99,19
OIID59918,ORD46386,PROD0034,25,89
OIID22203,ORD46386,PROD0018,5,16
OIID39886,ORD64850,PROD0026,24,105
OIID31043,ORD64850,PROD0015,108,13
OIID68605,ORD64850,PROD0058,12,35
OIID44625,ORD64850,PROD0105,5,80
OIID31540,ORD97406,PROD0059,14,150
OIID92725,ORD97406,PROD0114,25,45
OIID10530,ORD97406,PROD0141,60,22
OIID96199,ORD97406,PROD0007,24,60
OIID19237,ORD97406,PROD0072,27,13
OIID25433,ORD72939,PROD0004,35,50
OIID45348,ORD72939,PROD0059,8,150
OIID29093,ORD38457,PROD0108,88,30
OIID71665,ORD38457,PROD0070,17,40
OIID76271,ORD38457,PROD0147,16,100
OIID16104,ORD38457,PROD0060,24,100
OIID85878,ORD16839,PROD0136,183,10
OIID75779,ORD16839,PROD0018,24,16
OIID34628,ORD16839,PROD0056,10,210
OIID16489,ORD16839,PROD0096,2,130
OIID32366,ORD31194,PROD0095,18,50
OIID11217,ORD31194,PROD0062,16,35
OIID50048,ORD31194,PROD0035,60,25
OIID48923,ORD52744,PROD0118,31,17
OIID85314,ORD52744,PROD0144,36,30
OIID91037,ORD52744,PROD0081,1,45
OIID96236,ORD52744,PROD0012,60,85
OIID44702,ORD73576,PROD0070,71,40
OIID21939,ORD73576,PROD0140,46,12
OIID25498,ORD73576,PROD0083,28,30
OIID13574,ORD73576,PROD0056,6,210
OIID18423,ORD73576,PROD0146,68,15
OIID10337,ORD73576,PROD0052,2,330
OIID64491,ORD97197,PROD0082,9,33
OIID39048,ORD97197,PROD0150,34,35
OIID63798,ORD97197,PROD0001,76,25
OIID31625,ORD97197,PROD0063,21,10
OIID91434,ORD98589,PROD0016,38,45
OIID77014,ORD98589,PROD0014,23,120
OIID19110,ORD98589,PROD0103,7,50
OIID92710,ORD36236,PROD0119,69,20
OIID40391,ORD36236,PROD0099,19,100
OIID22481,ORD36236,PROD0080,75,9
OIID43134,ORD36236,PROD0145,220,9
OIID92378,ORD36236,PROD0021,12,300
OIID22405,ORD36236,PROD0101,30,35
OIID35318,ORD14444,PROD0134,12,16
OIID59754,ORD14444,PROD0066,12,400
OIID81150,ORD38526,PROD0041,76,6
OIID79325,ORD38526,PROD0081,109,45
OIID56843,ORD38526,PROD0035,10,25
OIID27782,ORD38526,PROD0112,57,25
OIID51183,ORD84528,PROD0004,39,50
OIID43995,ORD84528,PROD0046,263,5
OIID97871,ORD84528,PROD0048,16,24
OIID37350,ORD84528,PROD0026,29,105
OIID80663,ORD84528,PROD0042,70,22
OIID93856,ORD84528,PROD0099,16,100
OIID80831,ORD46175,PROD0014,9,120
OIID89043,ORD46175,PROD0096,10,130
OIID14278,ORD72380,PROD0039,3,280
OIID65013,ORD72380,PROD0047,38,17
OIID82788,ORD61096,PROD0027,9,90
OIID72107,ORD61096,PROD0086,17,50
OIID62739,ORD61096,PROD0112,69,25
OIID14309,ORD86069,PROD0141,12,22
OIID13248,ORD86069,PROD0056,5,210
OIID75750,ORD86069,PROD0130,273,10
OIID13168,ORD86069,PROD0072,9,13
OIID61545,ORD86069,PROD0007,29,60
OIID98749,ORD86069,PROD0070,7,40
OIID79202,ORD23110,PROD0090,12,210
OIID23865,ORD23110,PROD0052,9,330
OIID43683,ORD86407,PROD0096,14,130
OIID21189,ORD86407,PROD0125,9,42
OIID62357,ORD18168,PROD0106,18,150
OIID28325,ORD18168,PROD0037,100,15
OIID71803,ORD51824,PROD0038,173,13
OIID82843,ORD51824,PROD0024,308,10
OIID53497,ORD51824,PROD0003,11,350
OIID89188,ORD51824,PROD0032,3,30
OIID19941,ORD56593,PROD0133,104,7
OIID98316,ORD56593,PROD0034,36,89
OIID14963,ORD56593,PROD0065,9,180
OIID36318,ORD56593,PROD0056,11,210
OIID18163,ORD56593,PROD0042,40,22
OIID21354,ORD56593,PROD0123,20,12
OIID85308,ORD71474,PROD0127,102,9
OIID95540,ORD71474,PROD0107,9,130
OIID63983,ORD71474,PROD0119,28,20
OIID35762,ORD71474,PROD0140,23,12
OIID66061,ORD71474,PROD0081,33,45
OIID21251,ORD55036,PROD0029,188,7
OIID74987,ORD55036,PROD0141,6,22
OIID65734,ORD55036,PROD0105,3,80
OIID63779,ORD66422,PROD0093,52,28
OIID29751,ORD66422,PROD0014,3,120
OIID83272,ORD66422,PROD0069,45,25
OIID18293,ORD66422,PROD0125,23,42
OIID24142,ORD42318,PROD0124,25,60
OIID56409,ORD42318,PROD0025,9,140
OIID84072,ORD67667,PROD0027,21,90
OIID12331,ORD67667,PROD0150,3,35
OIID70486,ORD48403,PROD0146,86,15
OIID41944,ORD48403,PROD0056,2,210
OIID40695,ORD48403,PROD0106,7,150
OIID47855,ORD48403,PROD0139,14,15
OIID80781,ORD39212,PROD0136,62,10
OIID34841,ORD39212,PROD0008,14,200
OIID40070,ORD68193,PROD0142,49,25
OIID38013,ORD68193,PROD0116,164,9
OIID47818,ORD67125,PROD0076,34,15
OIID57514,ORD67125,PROD0105,28,80
OIID92480,ORD34016,PROD0052,9,330
OIID49982,ORD34016,PROD0012,73,85
OIID90173,ORD34016,PROD0130,108,10
OIID44660,ORD34016,PROD0033,24,40
OIID87552,ORD34016,PROD0105,26,80
OIID28197,ORD34016,PROD0054,4,289
OIID66479,ORD17790,PROD0115,78,14
OIID48124,ORD17790,PROD0149,104,15
OIID19436,ORD44660,PROD0056,8,210
OIID90396,ORD44660,PROD0034,13,89
OIID49410,ORD44660,PROD0038,127,13
OIID63070,ORD44660,PROD0116,217,9
OIID72015,ORD46134,PROD0123,51,12
OIID55484,ORD46134,PROD0061,3,550
OIID22852,ORD60365,PROD0145,40,9
OIID86978,ORD60365,PROD0136,85,10
OIID61037,ORD68143,PROD0132,72,18
OIID70198,ORD68143,PROD0018,5,16
OIID64657,ORD68081,PROD0072,26,13
OIID33131,ORD68081,PROD0136,220,10
OIID15223,ORD95827,PROD0028,3,115
OIID70108,ORD95827,PROD0106,12,150
OIID92036,ORD99537,PROD0023,103,19
OIID25061,ORD99537,PROD0034,22,89
OIID92532,ORD99537,PROD0028,6,115
OIID94672,ORD99537,PROD0106,7,150
OIID39788,ORD62348,PROD0001,58,25
OIID58747,ORD62348,PROD0139,34,15
OIID62857,ORD62348,PROD0052,3,330
OIID14677,ORD96837,PROD0086,21,50
OIID77979,ORD96837,PROD0066,4,400
OIID88684,ORD96837,PROD0096,2,130
OIID89513,ORD75122,PROD0052,3,330
OIID52206,ORD75122,PROD0034,38,89
OIID79772,ORD75122,PROD0018,9,16
OIID95772,ORD88425,PROD0056,2,210
OIID65027,ORD88425,PROD0132,2,18
OIID34620,ORD88425,PROD0025,7,140
OIID11621,ORD88425,PROD0089,36,12
OIID99073,ORD88425,PROD0021,5,300
OIID58111,ORD88425,PROD0053,7,219
OIID39516,ORD68085,PROD0136,120,10
OIID35894,ORD68085,PROD0014,5,120
OIID26102,ORD68085,PROD0023,125,19
OIID58884,ORD68085,PROD0076,64,15
OIID13883,ORD69428,PROD0105,33,80
OIID40742,ORD69428,PROD0046,5,5
OIID96021,ORD69428,PROD0139,65,15
OIID24050,ORD69428,PROD0132,8,18
OIID42486,ORD72082,PROD0133,72,7
OIID19901,ORD72082,PROD0127,163,9
OIID11436,ORD72082,PROD0066,9,400
OIID48888,ORD72082,PROD0115,17,14
OIID95613,ORD72082,PROD0123,92,12
OIID70547,ORD56411,PROD0045,325,7
OIID37796,ORD56411,PROD0072,71,13
OIID26208,ORD56411,PROD0081,104,45
OIID83207,ORD56411,PROD0042,23,22
OIID83169,ORD56411,PROD0110,3,50
OIID95959,ORD33701,PROD0105,25,80
OIID10759,ORD33701,PROD0070,50,40
OIID12122,ORD95497,PROD0149,30,15
OIID49117,ORD95497,PROD0129,86,8
OIID25207,ORD95497,PROD0017,93,20
OIID16550,ORD95497,PROD0101,40,35
OIID74196,ORD95497,PROD0109,65,35
OIID92313,ORD95497,PROD0055,11,160
OIID89349,ORD26287,PROD0103,7,50
OIID98897,ORD26287,PROD0003,10,350
OIID43076,ORD26287,PROD0106,12,150
OIID79914,ORD26287,PROD0100,17,90
OIID21163,ORD57106,PROD0105,14,80
OIID76553,ORD57106,PROD0100,5,90
OIID88639,ORD80660,PROD0079,23,10
OIID32061,ORD80660,PROD0087,14,90
OIID61476,ORD80660,PROD0061,2,550
OIID43308,ORD80660,PROD0062,4,35
OIID51743,ORD58788,PROD0133,50,7
OIID35096,ORD58788,PROD0009,1,250
OIID77747,ORD53928,PROD0022,9,50
OIID71351,ORD53928,PROD0110,43,50
OIID45090,ORD53928,PROD0078,67,16
OIID70521,ORD53928,PROD0003,5,350
OIID72486,ORD53928,PROD0137,77,14
OIID41205,ORD53928,PROD0061,6,550
OIID20803,ORD58752,PROD0115,47,14
OIID11898,ORD58752,PROD0136,233,10
OIID36228,ORD58752,PROD0001,107,25
OIID97918,ORD58752,PROD0020,2,40
OIID11471,ORD58752,PROD0043,94,20
OIID56060,ORD58752,PROD0052,14,330
OIID61673,ORD55242,PROD0112,16,25
OIID35034,ORD55242,PROD0025,7,140
OIID99726,ORD55242,PROD0050,33,10
OIID16932,ORD55242,PROD0105,40,80
OIID19859,ORD55242,PROD0134,62,16
OIID75206,ORD55242,PROD0096,14,130
OIID83824,ORD48664,PROD0059,13,150
OIID99288,ORD48664,PROD0065,1,180
OIID92974,ORD48664,PROD0150,50,35
OIID62632,ORD48664,PROD0134,40,16
OIID94638,ORD45273,PROD0116,123,9
OIID94654,ORD45273,PROD0035,20,25
OIID41351,ORD45273,PROD0147,34,100
OIID40916,ORD45273,PROD0032,5,30
OIID87898,ORD45273,PROD0023,123,19
OIID38782,ORD25369,PROD0050,17,10
OIID61031,ORD25369,PROD0121,5,28
OIID44310,ORD25369,PROD0049,204,9
OIID76606,ORD20489,PROD0112,33,25
OIID74910,ORD20489,PROD0016,6,45
OIID60990,ORD20489,PROD0052,1,330
OIID53944,ORD20489,PROD0028,42,115
OIID49388,ORD20489,PROD0047,48,17
OIID55051,ORD18200,PROD0094,122,15
OIID24660,ORD18200,PROD0071,119,17
OIID22255,ORD18200,PROD0072,27,13
OIID52059,ORD18200,PROD0140,88,12
OIID28654,ORD73396,PROD0046,480,5
OIID17156,ORD73396,PROD0065,4,180
OIID70791,ORD73396,PROD0050,17,10
OIID57811,ORD73396,PROD0002,33,90
OIID94233,ORD60450,PROD0132,115,18
OIID11583,ORD60450,PROD0121,33,28
OIID60381,ORD60450,PROD0008,13,200
OIID58171,ORD60450,PROD0018,145,16
OIID79876,ORD28648,PROD0129,71,8
OIID63876,ORD28648,PROD0057,75,8
OIID74721,ORD30060,PROD0056,9,210
OIID16762,ORD30060,PROD0014,18,120
OIID34526,ORD30060,PROD0105,36,80
OIID62414,ORD30060,PROD0061,1,550
OIID39702,ORD30060,PROD0065,10,180
OIID60668,ORD30060,PROD0132,115,18
OIID65442,ORD20799,PROD0085,40,40
OIID87133,ORD20799,PROD0086,21,50
OIID27219,ORD20799,PROD0121,7,28
OIID29463,ORD20799,PROD0001,40,25
OIID90237,ORD71647,PROD0109,27,35
OIID97563,ORD71647,PROD0061,1,550
OIID72371,ORD71647,PROD0011,23,65
OIID97443,ORD71647,PROD0062,48,35
OIID14821,ORD71647,PROD0080,90,9
OIID66091,ORD71647,PROD0119,81,20
OIID33292,ORD76473,PROD0130,147,10
OIID49435,ORD76473,PROD0136,17,10
OIID52085,ORD28352,PROD0085,28,40
OIID80732,ORD28352,PROD0008,23,200
OIID81574,ORD28352,PROD0105,26,80
OIID24688,ORD28352,PROD0096,8,130
OIID78529,ORD37230,PROD0115,11,14
OIID33523,ORD37230,PROD0045,151,7
OIID23202,ORD37230,PROD0086,1,50
OIID36101,ORD37230,PROD0145,13,9
OIID14452,ORD37230,PROD0143,43,11
OIID90494,ORD37230,PROD0067,13,90
OIID23748,ORD31234,PROD0008,1,200
OIID65767,ORD31234,PROD0132,129,18
OIID95631,ORD31234,PROD0145,182,9
OIID36285,ORD31234,PROD0101,30,35
OIID34928,ORD31234,PROD0046,222,5
OIID91425,ORD31234,PROD0081,38,45
OIID77097,ORD38337,PROD0092,27,35
OIID97613,ORD38337,PROD0132,109,18
OIID59910,ORD38337,PROD0054,1,289
OIID12412,ORD38337,PROD0150,30,35
OIID92687,ORD38337,PROD0025,7,140
OIID17752,ORD95912,PROD0059,7,150
OIID35587,ORD95912,PROD0141,38,22
OIID17959,ORD95912,PROD0056,11,210
OIID92639,ORD95912,PROD0075,67,20
OIID39037,ORD95912,PROD0017,13,20
OIID66067,ORD23790,PROD0086,16,50
OIID93336,ORD23790,PROD0085,20,40
OIID56948,ORD23790,PROD0141,52,22
OIID89079,ORD69793,PROD0090,11,210
OIID26510,ORD69793,PROD0106,9,150
OIID47329,ORD69793,PROD0114,22,45
OIID66077,ORD40120,PROD0069,59,25
OIID58676,ORD40120,PROD0028,26,115
OIID74606,ORD40120,PROD0067,12,90
OIID65626,ORD32721,PROD0005,2,80
OIID35419,ORD32721,PROD0009,8,250
OIID70898,ORD32721,PROD0109,24,35
OIID40218,ORD32721,PROD0066,2,400
OIID94803,ORD32721,PROD0065,15,180
OIID90471,ORD32721,PROD0083,28,30
OIID80809,ORD69768,PROD0143,3,11
OIID37357,ORD69768,PROD0020,44,40
OIID35559,ORD69768,PROD0016,3,45
OIID15502,ORD69768,PROD0029,107,7
OIID48200,ORD69768,PROD0141,31,22
OIID62131,ORD45050,PROD0132,89,18
OIID84712,ORD45050,PROD0023,108,19
OIID61972,ORD45050,PROD0112,3,25
OIID44671,ORD20477,PROD0092,29,35
OIID95187,ORD20477,PROD0099,18,100
OIID74469,ORD20477,PROD0090,7,210
OIID44632,ORD28234,PROD0134,25,16
OIID63197,ORD28234,PROD0100,15,90
OIID45674,ORD28234,PROD0112,41,25
OIID53194,ORD85434,PROD0065,6,180
OIID93400,ORD85434,PROD0060,33,100
OIID44659,ORD85434,PROD0126,45,24
OIID68645,ORD85434,PROD0140,17,12
OIID48985,ORD85434,PROD0045,289,7
OIID51317,ORD91975,PROD0045,130,7
OIID22448,ORD91975,PROD0105,13,80
OIID11787,ORD91975,PROD0018,119,16
OIID92241,ORD22767,PROD0021,3,300
OIID81130,ORD22767,PROD0067,3,90
OIID50807,ORD33849,PROD0085,1,40
OIID76680,ORD33849,PROD0109,6,35
OIID12240,ORD33849,PROD0002,34,90
OIID33217,ORD33849,PROD0052,1,330
OIID74963,ORD70894,PROD0052,5,330
OIID84601,ORD70894,PROD0046,373,5
OIID69573,ORD70894,PROD0028,7,115
OIID65164,ORD70894,PROD0092,20,35
OIID35609,ORD70894,PROD0056,2,210
OIID76315,ORD19285,PROD0125,10,42
OIID60849,ORD19285,PROD0036,104,9
OIID37698,ORD19285,PROD0135,41,9
OIID88766,ORD19285,PROD0099,27,100
OIID32799,ORD19285,PROD0038,36,13
OIID53120,ORD19112,PROD0085,14,40
OIID62072,ORD19112,PROD0049,171,9
OIID10491,ORD43205,PROD0074,13,20
OIID14968,ORD43205,PROD0112,90,25
OIID60614,ORD43205,PROD0060,22,100
OIID19401,ORD43205,PROD0141,3,22
OIID36435,ORD43205,PROD0037,85,15
OIID70869,ORD43205,PROD0129,30,8
OIID85425,ORD13497,PROD0016,14,45
OIID96172,ORD13497,PROD0141,33,22
OIID29674,ORD13497,PROD0056,7,210
OIID84017,ORD51809,PROD0008,8,200
OIID68941,ORD51809,PROD0105,32,80
OIID65036,ORD51809,PROD0101,23,35
OIID95287,ORD51809,PROD0047,79,17
OIID48286,ORD51809,PROD0086,21,50
OIID88187,ORD18681,PROD0100,15,90
OIID14537,ORD18681,PROD0028,24,115
OIID30851,ORD18681,PROD0052,12,330
OIID49651,ORD97688,PROD0141,4,22
OIID45207,ORD97688,PROD0011,16,65
OIID71357,ORD97688,PROD0041,16,6
OIID56939,ORD70792,PROD0094,31,15
OIID24423,ORD70792,PROD0048,16,24
OIID10017,ORD70792,PROD0075,111,20
OIID31554,ORD21381,PROD0085,5,40
OIID42350,ORD21381,PROD0076,66,15
OIID98350,ORD86897,PROD0007,35,60
OIID73820,ORD86897,PROD0034,39,89
OIID46783,ORD86897,PROD0099,17,100
OIID28916,ORD86897,PROD0133,19,7
OIID96785,ORD86897,PROD0150,38,35
OIID73978,ORD86897,PROD0090,1,210
OIID69096,ORD63408,PROD0081,103,45
OIID22519,ORD63408,PROD0116,27,9
OIID59440,ORD73539,PROD0075,59,20
OIID38578,ORD73539,PROD0070,68,40
OIID30984,ORD73539,PROD0032,4,30
OIID16808,ORD52323,PROD0081,36,45
OIID40943,ORD52323,PROD0054,11,289
OIID67856,ORD52323,PROD0059,20,150
OIID91650,ORD53910,PROD0034,16,89
OIID78765,ORD53910,PROD0092,1,35
OIID83186,ORD53910,PROD0060,15,100
OIID84963,ORD53910,PROD0119,97,20
OIID13586,ORD88973,PROD0074,7,20
OIID71711,ORD88973,PROD0096,14,130
OIID47964,ORD88973,PROD0043,75,20
OIID52494,ORD75105,PROD0007,13,60
OIID24563,ORD75105,PROD0046,451,5
OIID34486,ORD63036,PROD0038,110,13
OIID56349,ORD63036,PROD0072,61,13
OIID32556,ORD69919,PROD0045,49,7
OIID37830,ORD69919,PROD0070,41,40
OIID38162,ORD69919,PROD0147,1,100
OIID84255,ORD69919,PROD0041,36,6
OIID77893,ORD45059,PROD0027,6,90
OIID88816,ORD45059,PROD0009,2,250
OIID59543,ORD45059,PROD0001,39,25
OIID81982,ORD11502,PROD0114,16,45
OIID43505,ORD11502,PROD0079,8,10
OIID25102,ORD11502,PROD0123,101,12
OIID20264,ORD48951,PROD0015,2,13
OIID25325,ORD48951,PROD0045,177,7
OIID35200,ORD48951,PROD0093,80,28
OIID52968,ORD13601,PROD0027,14,90
OIID15612,ORD13601,PROD0069,11,25
OIID62683,ORD13601,PROD0079,15,10
OIID84627,ORD99108,PROD0009,9,250
OIID59628,ORD99108,PROD0062,43,35
OIID20769,ORD99108,PROD0123,61,12
OIID60994,ORD99108,PROD0069,5,25
OIID78599,ORD99108,PROD0083,28,30
OIID19809,ORD63629,PROD0035,11,25
OIID64937,ORD63629,PROD0004,31,50
OIID72682,ORD63629,PROD0027,21,90
OIID67770,ORD63629,PROD0143,139,11
OIID88057,ORD63629,PROD0045,121,7
OIID80208,ORD58992,PROD0105,30,80
OIID26816,ORD58992,PROD0118,9,17
OIID63064,ORD86695,PROD0093,30,28
OIID19271,ORD86695,PROD0112,93,25
OIID90864,ORD86695,PROD0035,47,25
OIID21383,ORD86695,PROD0141,21,22
OIID15970,ORD74851,PROD0018,19,16
OIID80490,ORD74851,PROD0001,55,25
OIID70966,ORD32626,PROD0107,7,130
OIID96988,ORD32626,PROD0136,197,10
OIID18870,ORD32626,PROD0099,28,100
OIID17163,ORD27173,PROD0101,41,35
OIID18715,ORD27173,PROD0038,103,13
OIID10973,ORD27173,PROD0056,13,210
OIID22616,ORD61343,PROD0118,59,17
OIID27969,ORD61343,PROD0134,14,16
OIID42654,ORD61343,PROD0140,9,12
OIID41747,ORD61343,PROD0050,14,10
OIID59509,ORD17485,PROD0018,8,16
OIID84423,ORD17485,PROD0094,68,15
OIID77076,ORD85788,PROD0092,19,35
OIID83588,ORD85788,PROD0133,121,7
OIID65111,ORD85788,PROD0052,4,330
OIID84210,ORD85788,PROD0028,20,115
OIID46945,ORD61859,PROD0121,27,28
OIID40405,ORD61859,PROD0022,36,50
OIID35042,ORD61859,PROD0032,10,30
OIID95551,ORD61859,PROD0092,54,35
OIID85324,ORD94850,PROD0092,43,35
OIID23975,ORD94850,PROD0034,22,89
OIID17782,ORD94850,PROD0116,35,9
OIID34554,ORD94850,PROD0072,74,13
OIID65053,ORD94850,PROD0096,7,130
OIID78652,ORD92150,PROD0106,9,150
OIID52776,ORD92150,PROD0034,13,89
OIID81476,ORD92150,PROD0132,110,18
OIID75468,ORD92150,PROD0014,1,120
OIID90569,ORD92150,PROD0001,100,25
OIID78998,ORD92150,PROD0056,10,210
OIID34024,ORD29457,PROD0053,6,219
OIID67174,ORD29457,PROD0073,86,13
OIID83502,ORD29457,PROD0015,207,13
OIID54393,ORD26910,PROD0080,160,9
OIID33902,ORD26910,PROD0116,133,9
OIID96577,ORD26910,PROD0056,14,210
OIID74421,ORD26910,PROD0140,7,12
OIID90287,ORD26910,PROD0141,38,22
OIID94525,ORD27132,PROD0014,24,120
OIID88446,ORD27132,PROD0055,15,160
OIID72049,ORD27132,PROD0088,24,27
OIID23897,ORD27132,PROD0096,5,130
OIID69047,ORD27132,PROD0109,49,35
OIID48458,ORD45566,PROD0008,20,200
OIID64632,ORD45566,PROD0076,69,15
OIID14003,ORD45566,PROD0072,51,13
OIID63153,ORD45566,PROD0038,177,13
OIID91399,ORD45566,PROD0126,13,24
OIID93208,ORD45566,PROD0139,42,15
OIID59619,ORD35055,PROD0053,9,219
OIID19508,ORD35055,PROD0041,94,6
OIID92691,ORD35055,PROD0085,38,40
OIID37582,ORD35055,PROD0076,169,15
OIID33961,ORD52177,PROD0038,42,13
OIID44316,ORD52177,PROD0028,29,115
OIID78689,ORD52177,PROD0120,85,23
OIID87899,ORD52177,PROD0083,9,30
OIID60425,ORD52177,PROD0150,5,35
OIID64642,ORD38299,PROD0116,1,9
OIID52662,ORD38299,PROD0146,171,15
OIID50985,ORD38299,PROD0034,39,89
OIID94011,ORD76498,PROD0004,15,50
OIID79196,ORD76498,PROD0021,2,300
OIID52046,ORD76498,PROD0023,121,19
OIID19312,ORD76498,PROD0016,30,45
OIID79811,ORD76498,PROD0103,5,50
OIID90434,ORD76498,PROD0029,51,7
OIID49615,ORD32348,PROD0086,21,50
OIID66767,ORD32348,PROD0041,18,6
OIID52841,ORD32348,PROD0134,77,16
OIID64276,ORD32348,PROD0072,56,13
OIID83842,ORD32348,PROD0085,9,40
OIID84448,ORD82799,PROD0030,50,35
OIID78816,ORD82799,PROD0015,183,13
OIID84132,ORD82799,PROD0128,79,6
OIID76064,ORD64717,PROD0079,15,10
OIID71821,ORD64717,PROD0069,29,25
OIID10692,ORD64717,PROD0034,17,89
OIID49609,ORD11515,PROD0130,86,10
OIID98632,ORD11515,PROD0080,105,9
OIID75306,ORD11515,PROD0086,29,50
OIID58674,ORD81551,PROD0141,3,22
OIID81677,ORD81551,PROD0136,223,10
OIID20519,ORD91536,PROD0038,23,13
OIID55172,ORD91536,PROD0034,31,89
OIID71054,ORD91536,PROD0076,5,15
OIID29791,ORD91536,PROD0132,56,18
OIID66079,ORD74357,PROD0110,58,50
OIID24492,ORD74357,PROD0014,13,120
OIID27117,ORD74357,PROD0018,101,16
OIID68325,ORD74357,PROD0093,74,28
OIID76855,ORD74357,PROD0072,1,13
OIID48801,ORD74357,PROD0049,156,9
OIID66559,ORD91802,PROD0061,6,550
OIID28554,ORD91802,PROD0117,23,15
OIID68715,ORD91802,PROD0059,9,150
OIID46735,ORD50985,PROD0106,7,150
OIID65391,ORD50985,PROD0085,29,40
OIID65045,ORD50985,PROD0060,17,100
OIID15880,ORD50985,PROD0099,7,100
OIID71266,ORD75017,PROD0059,19,150
OIID47246,ORD75017,PROD0095,10,50
OIID66569,ORD75017,PROD0011,28,65
OIID28144,ORD75017,PROD0114,46,45
OIID15281,ORD75017,PROD0073,125,13
OIID88999,ORD43804,PROD0022,15,50
OIID71696,ORD43804,PROD0135,57,9
OIID18213,ORD43804,PROD0042,23,22
OIID11759,ORD43804,PROD0037,109,15
OIID48828,ORD43804,PROD0050,224,10
OIID39511,ORD43804,PROD0066,8,400
OIID21832,ORD36696,PROD0092,15,35
OIID78416,ORD36696,PROD0028,30,115
OIID25926,ORD36696,PROD0023,111,19
OIID90559,ORD36696,PROD0086,9,50
OIID84636,ORD36696,PROD0066,7,400
OIID86205,ORD37207,PROD0066,8,400
OIID56166,ORD37207,PROD0056,4,210
OIID74933,ORD37207,PROD0086,5,50
OIID50964,ORD37207,PROD0028,11,115
OIID66688,ORD37207,PROD0052,1,330
OIID37077,ORD43507,PROD0066,5,400
OIID15356,ORD43507,PROD0072,147,13
OIID69012,ORD43507,PROD0046,31,5
OIID66024,ORD43507,PROD0014,26,120
OIID30305,ORD43507,PROD0096,7,130
OIID99867,ORD31800,PROD0140,48,12
OIID88367,ORD31800,PROD0011,20,65
OIID82279,ORD31800,PROD0012,53,85
OIID16257,ORD31800,PROD0088,6,27
OIID46497,ORD31800,PROD0031,2,43
OIID67322,ORD31800,PROD0106,7,150
OIID24649,ORD41557,PROD0105,15,80
OIID19707,ORD41557,PROD0070,72,40
OIID83980,ORD41557,PROD0007,5,60
OIID19324,ORD34365,PROD0136,61,10
OIID71985,ORD34365,PROD0004,23,50
OIID18123,ORD34365,PROD0092,50,35
OIID88750,ORD34365,PROD0008,7,200
OIID99811,ORD34365,PROD0126,49,24
OIID16097,ORD45447,PROD0036,69,9
OIID39680,ORD45447,PROD0023,169,19
OIID46803,ORD45447,PROD0105,37,80
OIID27093,ORD45447,PROD0014,2,120
OIID88067,ORD45447,PROD0150,8,35
OIID39331,ORD61423,PROD0075,1,20
OIID11412,ORD61423,PROD0096,7,130
OIID66982,ORD61423,PROD0126,21,24
OIID17767,ORD11010,PROD0121,31,28
OIID10942,ORD11010,PROD0080,116,9
OIID78586,ORD11010,PROD0072,155,13
OIID93551,ORD99498,PROD0014,1,120
OIID65536,ORD99498,PROD0132,100,18
OIID38048,ORD64139,PROD0123,78,12
OIID25835,ORD64139,PROD0038,3,13
OIID80181,ORD64139,PROD0112,13,25
OIID38689,ORD64139,PROD0141,31,22
OIID15964,ORD26068,PROD0060,27,100
OIID68209,ORD26068,PROD0022,27,50
OIID64851,ORD26068,PROD0076,121,15
OIID67787,ORD71839,PROD0032,22,30
OIID16448,ORD71839,PROD0079,133,10
OIID88430,ORD71839,PROD0140,121,12
OIID10506,ORD71839,PROD0085,2,40
OIID41240,ORD32997,PROD0079,60,10
OIID59489,ORD32997,PROD0125,24,42
OIID10130,ORD32997,PROD0077,111,16
OIID39786,ORD32997,PROD0144,3,30
OIID10733,ORD32997,PROD0089,47,12
OIID49369,ORD19701,PROD0080,87,9
OIID82325,ORD19701,PROD0092,24,35
OIID69706,ORD19701,PROD0114,1,45
OIID57158,ORD19701,PROD0027,10,90
OIID39845,ORD23510,PROD0038,48,13
OIID66053,ORD23510,PROD0126,18,24
OIID40908,ORD21216,PROD0086,30,50
OIID46375,ORD21216,PROD0042,25,22
OIID54077,ORD21216,PROD0146,46,15
OIID67894,ORD21216,PROD0134,12,16
OIID84357,ORD21216,PROD0051,14,27
OIID57285,ORD79898,PROD0029,157,7
OIID33631,ORD79898,PROD0038,131,13
OIID70431,ORD79898,PROD0041,97,6
OIID44487,ORD79898,PROD0126,25,24
OIID49251,ORD79898,PROD0127,122,9
OIID76486,ORD29462,PROD0145,203,9
OIID39923,ORD29462,PROD0114,27,45
OIID32450,ORD29462,PROD0014,1,120
OIID98784,ORD29462,PROD0139,68,15
OIID55895,ORD29462,PROD0119,26,20
OIID46009,ORD81487,PROD0021,19,300
OIID38822,ORD81487,PROD0125,13,42
OIID26320,ORD76319,PROD0101,11,35
OIID60101,ORD76319,PROD0145,187,9
OIID31208,ORD76319,PROD0046,327,5
OIID62589,ORD24534,PROD0023,20,19
OIID96169,ORD24534,PROD0052,1,330
OIID53826,ORD24534,PROD0106,13,150
OIID14340,ORD24534,PROD0008,6,200
OIID88706,ORD24534,PROD0027,16,90
OIID57383,ORD24534,PROD0045,60,7
OIID40856,ORD27466,PROD0076,35,15
OIID15304,ORD27466,PROD0066,7,400
OIID53334,ORD27466,PROD0136,86,10
OIID85609,ORD27466,PROD0065,30,180
OIID28889,ORD27466,PROD0116,157,9
OIID31957,ORD27466,PROD0014,17,120
OIID34053,ORD80886,PROD0046,487,5
OIID92681,ORD80886,PROD0079,33,10
OIID30102,ORD80886,PROD0076,14,15
OIID89419,ORD80886,PROD0001,14,25
OIID67743,ORD80886,PROD0060,23,100
OIID73776,ORD80886,PROD0041,13,6
OIID78741,ORD54323,PROD0150,6,35
OIID16545,ORD54323,PROD0058,34,35
OIID84391,ORD54323,PROD0124,18,60
OIID57414,ORD54323,PROD0035,58,25
OIID88434,ORD51085,PROD0061,4,550
OIID31752,ORD51085,PROD0041,79,6
OIID86619,ORD51085,PROD0079,55,10
OIID62090,ORD51085,PROD0092,34,35
OIID42127,ORD59533,PROD0127,176,9
OIID16090,ORD59533,PROD0052,11,330
OIID98933,ORD59533,PROD0074,56,20
OIID19201,ORD59533,PROD0023,69,19
OIID25643,ORD59533,PROD0089,88,12
OIID33054,ORD21231,PROD0002,20,90
OIID53337,ORD21231,PROD0129,66,8
OIID38560,ORD21231,PROD0035,18,25
OIID79249,ORD21231,PROD0072,121,13
OIID91219,ORD21231,PROD0022,61,50
OIID49571,ORD21231,PROD0063,43,10
OIID96352,ORD69528,PROD0034,33,89
OIID19021,ORD69528,PROD0116,101,9
OIID53116,ORD69528,PROD0066,11,400
OIID76730,ORD69528,PROD0081,107,45
OIID12004,ORD69528,PROD0141,27,22
OIID98720,ORD69528,PROD0125,1,42
OIID47299,ORD44673,PROD0052,9,330
OIID17203,ORD44673,PROD0092,32,35
OIID37846,ORD44673,PROD0018,106,16
OIID70003,ORD44673,PROD0056,4,210
OIID66002,ORD44673,PROD0096,12,130
OIID45548,ORD44673,PROD0014,5,120
OIID84116,ORD38709,PROD0103,6,50
OIID20632,ORD38709,PROD0032,11,30
OIID53480,ORD38709,PROD0133,47,7
OIID23471,ORD38709,PROD0069,5,25
OIID62488,ORD38709,PROD0102,254,7
OIID31299,ORD88597,PROD0022,41,50
OIID29067,ORD88597,PROD0081,104,45
OIID56168,ORD88597,PROD0123,101,12
OIID91441,ORD88597,PROD0070,23,40
OIID98912,ORD53943,PROD0073,129,13
OIID90035,ORD53943,PROD0032,8,30
OIID43342,ORD53943,PROD0004,45,50
OIID56426,ORD53943,PROD0014,8,120
OIID96359,ORD53943,PROD0102,261,7
OIID26449,ORD64766,PROD0117,63,15
OIID96001,ORD64766,PROD0133,39,7
OIID80697,ORD64766,PROD0051,17,27
OIID66803,ORD64766,PROD0084,56,25
OIID99384,ORD64766,PROD0150,11,35
OIID57466,ORD64766,PROD0005,37,80
OIID27486,ORD15705,PROD0140,132,12
OIID10846,ORD15705,PROD0015,78,13
OIID77765,ORD15705,PROD0023,39,19
OIID19077,ORD15705,PROD0035,25,25
OIID40481,ORD65265,PROD0077,375,16
OIID56620,ORD65265,PROD0145,91,9
OIID42985,ORD28130,PROD0063,63,10
OIID24024,ORD28130,PROD0086,19,50
OIID29556,ORD28130,PROD0055,13,160
OIID10890,ORD28130,PROD0076,131,15
OIID74276,ORD15364,PROD0081,73,45
OIID70861,ORD15364,PROD0001,30,25
OIID30324,ORD15364,PROD0061,6,550
OIID73092,ORD15364,PROD0146,134,15
OIID70589,ORD15364,PROD0145,72,9
OIID86405,ORD28080,PROD0093,47,28
OIID69837,ORD28080,PROD0076,45,15
OIID41765,ORD93943,PROD0059,15,150
OIID19375,ORD93943,PROD0126,55,24
OIID12166,ORD93943,PROD0136,185,10
OIID90470,ORD93943,PROD0063,52,10
OIID10498,ORD79016,PROD0076,75,15
OIID79580,ORD79016,PROD0096,9,130
OIID10237,ORD38901,PROD0105,36,80
OIID47355,ORD38901,PROD0056,6,210
OIID67595,ORD38901,PROD0076,135,15
OIID73817,ORD38901,PROD0065,27,180
OIID38912,ORD38901,PROD0052,10,330
OIID50359,ORD38901,PROD0092,36,35
OIID82163,ORD86952,PROD0149,101,15
OIID94697,ORD86952,PROD0113,30,19
OIID30270,ORD86952,PROD0114,5,45
OIID65609,ORD86952,PROD0042,74,22
OIID38446,ORD79704,PROD0085,6,40
OIID84927,ORD79704,PROD0146,45,15
OIID72653,ORD41429,PROD0014,11,120
OIID54029,ORD41429,PROD0027,16,90
OIID23186,ORD41429,PROD0028,40,115
OIID34396,ORD56816,PROD0087,13,90
OIID92700,ORD56816,PROD0106,16,150
OIID40969,ORD56816,PROD0137,14,14
OIID51821,ORD86697,PROD0045,102,7
OIID12005,ORD86697,PROD0113,32,19
OIID53401,ORD86697,PROD0120,82,23
OIID85083,ORD86697,PROD0031,23,43
OIID73494,ORD86697,PROD0119,5,20
OIID21922,ORD68963,PROD0023,100,19
OIID26989,ORD68963,PROD0038,138,13
OIID36759,ORD68963,PROD0072,99,13
OIID71116,ORD16023,PROD0092,11,35
OIID13474,ORD16023,PROD0007,17,60
OIID47201,ORD16023,PROD0133,64,7
OIID93646,ORD16023,PROD0072,35,13
OIID19498,ORD16023,PROD0125,13,42
OIID76369,ORD90089,PROD0085,10,40
OIID71089,ORD90089,PROD0136,107,10
OIID41998,ORD90089,PROD0056,5,210
OIID32152,ORD90089,PROD0028,16,115
OIID53971,ORD90089,PROD0052,6,330
OIID25806,ORD36210,PROD0001,98,25
OIID40437,ORD36210,PROD0077,78,16
OIID40715,ORD26683,PROD0119,53,20
OIID97900,ORD26683,PROD0096,7,130
OIID56912,ORD26683,PROD0061,7,550
OIID83157,ORD26683,PROD0063,49,10
OIID79998,ORD26683,PROD0126,17,24
OIID10162,ORD90259,PROD0092,1,35
OIID99193,ORD90259,PROD0105,4,80
OIID42235,ORD90259,PROD0081,33,45
OIID56411,ORD90259,PROD0085,12,40
OIID15344,ORD90259,PROD0014,25,120
OIID21508,ORD90259,PROD0027,15,90
OIID98503,ORD70141,PROD0126,4,24
OIID26742,ORD70141,PROD0129,91,8
OIID67180,ORD70141,PROD0032,14,30
OIID51535,ORD70141,PROD0022,32,50
OIID44126,ORD70141,PROD0122,154,6
OIID19506,ORD70141,PROD0118,49,17
OIID65056,ORD68971,PROD0022,38,50
OIID62847,ORD68971,PROD0038,138,13
OIID70870,ORD64585,PROD0090,15,210
OIID29889,ORD64585,PROD0041,35,6
OIID34511,ORD46912,PROD0076,22,15
OIID53522,ORD46912,PROD0147,15,100
OIID67646,ORD46912,PROD0139,39,15
OIID46301,ORD46912,PROD0143,112,11
OIID86758,ORD16758,PROD0075,68,20
OIID83164,ORD16758,PROD0054,5,289
OIID19167,ORD19964,PROD0059,20,150
OIID25402,ORD19964,PROD0117,54,15
OIID85854,ORD19964,PROD0150,48,35
OIID78145,ORD19964,PROD0074,62,20
OIID17293,ORD19964,PROD0039,3,280
OIID39268,ORD29598,PROD0038,155,13
OIID96689,ORD29598,PROD0018,4,16
OIID95137,ORD29598,PROD0136,48,10
OIID63676,ORD30980,PROD0125,18,42
OIID96029,ORD30980,PROD0101,18,35
OIID98438,ORD30980,PROD0062,3,35
OIID26785,ORD14963,PROD0063,85,10
OIID97913,ORD14963,PROD0119,2,20
OIID97033,ORD14963,PROD0034,6,89
OIID54147,ORD14963,PROD0112,15,25
OIID17801,ORD22234,PROD0127,117,9
OIID28809,ORD22234,PROD0100,13,90
OIID81962,ORD22234,PROD0062,55,35
OIID16837,ORD22234,PROD0079,89,10
OIID90466,ORD22234,PROD0027,14,90
OIID88035,ORD22234,PROD0022,17,50
OIID72296,ORD93975,PROD0081,79,45
OIID81202,ORD93975,PROD0092,31,35
OIID94001,ORD93975,PROD0116,95,9
OIID50657,ORD93975,PROD0018,58,16
OIID96948,ORD43311,PROD0038,205,13
OIID60961,ORD43311,PROD0150,2,35
OIID81709,ORD43311,PROD0012,32,85
OIID65625,ORD43311,PROD0041,74,6
OIID83475,ORD21906,PROD0140,71,12
OIID51606,ORD21906,PROD0045,400,7
OIID39135,ORD14925,PROD0038,31,13
OIID95217,ORD14925,PROD0015,184,13
OIID29756,ORD14925,PROD0049,21,9
OIID32019,ORD14925,PROD0136,94,10
OIID58297,ORD84891,PROD0018,45,16
OIID47288,ORD84891,PROD0105,22,80
OIID58879,ORD84891,PROD0070,18,40
OIID22626,ORD84891,PROD0028,45,115
OIID23663,ORD84891,PROD0050,128,10
OIID55020,ORD49082,PROD0110,12,50
OIID12944,ORD49082,PROD0056,14,210
OIID20136,ORD49082,PROD0070,56,40
OIID10690,ORD49082,PROD0146,47,15
OIID48929,ORD49082,PROD0032,11,30
OIID80378,ORD59578,PROD0141,31,22
OIID17900,ORD59578,PROD0136,161,10
OIID17429,ORD59578,PROD0146,129,15
OIID88183,ORD59578,PROD0056,9,210
OIID17143,ORD10553,PROD0116,131,9
OIID17493,ORD10553,PROD0145,57,9
OIID69866,ORD10553,PROD0018,57,16
OIID11110,ORD10553,PROD0072,108,13
OIID16287,ORD41805,PROD0132,32,18
OIID63951,ORD41805,PROD0096,1,130
OIID54447,ORD41805,PROD0092,26,35
OIID18842,ORD41805,PROD0018,46,16
OIID35327,ORD41805,PROD0056,14,210
OIID76843,ORD41805,PROD0136,17,10
OIID71152,ORD71499,PROD0054,16,289
OIID36408,ORD71499,PROD0016,14,45
OIID52728,ORD71499,PROD0067,13,90
OIID49218,ORD60321,PROD0105,19,80
OIID12674,ORD60321,PROD0085,17,40
OIID94619,ORD60321,PROD0099,18,100
OIID55825,ORD60321,PROD0141,57,22
OIID87488,ORD89250,PROD0085,9,40
OIID17747,ORD89250,PROD0065,4,180
OIID59171,ORD89250,PROD0093,66,28
OIID24478,ORD89250,PROD0053,1,219
OIID36986,ORD89250,PROD0132,113,18
OIID99390,ORD45355,PROD0120,43,23
OIID70497,ORD45355,PROD0065,30,180
OIID54336,ORD65997,PROD0053,2,219
OIID45393,ORD65997,PROD0129,7,8
OIID65118,ORD65997,PROD0108,42,30
OIID81700,ORD65997,PROD0034,37,89
OIID65670,ORD65997,PROD0109,57,35
OIID89429,ORD41749,PROD0052,6,330
OIID28800,ORD41749,PROD0018,140,16
OIID27680,ORD41749,PROD0120,53,23
OIID26010,ORD41749,PROD0008,5,200
OIID30940,ORD41749,PROD0092,32,35
OIID60831,ORD41749,PROD0105,19,80
OIID91819,ORD48468,PROD0086,29,50
OIID92706,ORD48468,PROD0056,15,210
OIID17576,ORD48468,PROD0060,17,100
OIID70569,ORD24903,PROD0099,2,100
OIID94723,ORD24903,PROD0150,10,35
OIID18124,ORD24903,PROD0046,102,5
OIID14880,ORD24903,PROD0092,25,35
OIID12231,ORD87420,PROD0034,10,89
OIID61182,ORD87420,PROD0063,59,10
OIID75960,ORD87420,PROD0135,44,9
OIID20849,ORD87420,PROD0012,49,85
OIID92893,ORD87420,PROD0028,10,115
OIID28029,ORD40728,PROD0056,11,210
OIID41562,ORD40728,PROD0144,29,30
OIID50877,ORD40728,PROD0053,14,219
OIID97395,ORD40728,PROD0113,55,19
OIID28342,ORD23882,PROD0122,327,6
OIID22260,ORD23882,PROD0112,68,25
OIID23489,ORD23882,PROD0121,33,28
OIID82637,ORD23882,PROD0105,36,80
OIID91740,ORD23882,PROD0046,571,5
OIID72297,ORD23882,PROD0028,35,115
OIID25189,ORD16094,PROD0021,2,300
OIID69585,ORD16094,PROD0132,36,18
OIID95353,ORD16094,PROD0126,52,24
OIID45705,ORD16094,PROD0066,2,400
OIID44164,ORD16094,PROD0007,20,60
OIID56601,ORD16094,PROD0004,56,50
OIID58328,ORD25263,PROD0110,40,50
OIID90615,ORD25263,PROD0140,61,12
OIID15693,ORD25263,PROD0027,5,90
OIID16730,ORD12074,PROD0121,39,28
OIID19239,ORD12074,PROD0072,103,13
OIID48804,ORD12074,PROD0112,46,25
OIID97085,ORD12074,PROD0025,7,140
OIID18632,ORD35577,PROD0096,12,130
OIID75851,ORD35577,PROD0063,2,10
OIID58185,ORD35577,PROD0042,2,22
OIID30401,ORD35577,PROD0136,129,10
OIID10200,ORD35577,PROD0109,42,35
OIID93938,ORD91209,PROD0022,25,50
OIID25782,ORD91209,PROD0123,80,12
OIID29771,ORD91209,PROD0050,58,10
OIID89620,ORD91209,PROD0016,33,45
OIID49298,ORD41406,PROD0001,98,25
OIID43108,ORD41406,PROD0085,8,40
OIID47091,ORD41406,PROD0034,15,89
OIID79431,ORD41406,PROD0086,13,50
OIID86776,ORD41406,PROD0056,6,210
OIID91107,ORD41406,PROD0105,27,80
OIID58166,ORD37954,PROD0023,10,19
OIID10350,ORD37954,PROD0014,21,120
OIID52520,ORD98424,PROD0018,5,16
OIID56117,ORD98424,PROD0052,14,330
OIID29619,ORD98424,PROD0134,7,16
OIID21789,ORD98424,PROD0047,56,17
OIID67547,ORD98424,PROD0003,11,350
OIID58655,ORD98424,PROD0139,21,15
OIID47942,ORD55614,PROD0015,69,13
OIID88204,ORD55614,PROD0136,111,10
OIID64620,ORD55614,PROD0081,102,45
OIID70764,ORD55614,PROD0139,11,15
OIID78668,ORD24166,PROD0016,37,45
OIID15158,ORD24166,PROD0028,26,115
OIID51738,ORD24166,PROD0034,12,89
OIID96905,ORD24166,PROD0045,413,7
OIID80228,ORD24166,PROD0106,15,150
OIID65420,ORD97360,PROD0116,3,9
OIID51216,ORD97360,PROD0086,26,50
OIID61178,ORD97360,PROD0092,47,35
OIID82891,ORD97360,PROD0141,38,22
OIID13230,ORD97360,PROD0105,19,80
OIID51566,ORD97360,PROD0136,227,10
OIID50010,ORD61478,PROD0099,17,100
OIID44294,ORD61478,PROD0021,6,300
OIID35379,ORD61478,PROD0141,53,22
OIID82951,ORD61478,PROD0073,22,13
OIID13404,ORD15052,PROD0064,1,130
OIID24588,ORD15052,PROD0026,5,105
OIID51999,ORD15052,PROD0102,85,7
OIID99676,ORD15052,PROD0110,23,50
OIID70042,ORD15052,PROD0075,99,20
OIID69561,ORD15052,PROD0016,33,45
OIID50308,ORD78405,PROD0081,26,45
OIID65603,ORD78405,PROD0069,15,25
OIID71857,ORD27994,PROD0056,12,210
OIID74219,ORD27994,PROD0134,24,16
OIID43288,ORD27994,PROD0081,75,45
OIID37555,ORD51535,PROD0093,8,28
OIID10561,ORD51535,PROD0116,132,9
OIID99957,ORD51535,PROD0063,88,10
OIID80373,ORD51535,PROD0016,24,45
OIID88417,ORD51535,PROD0059,16,150
OIID52258,ORD82013,PROD0058,36,35
OIID25320,ORD82013,PROD0045,59,7
OIID64502,ORD82013,PROD0133,88,7
OIID75226,ORD82013,PROD0121,31,28
OIID93847,ORD77094,PROD0034,25,89
OIID37316,ORD77094,PROD0116,22,9
OIID50551,ORD52359,PROD0114,41,45
OIID36215,ORD52359,PROD0036,100,9
OIID24603,ORD72429,PROD0119,27,20
OIID83887,ORD72429,PROD0012,65,85
OIID16657,ORD27004,PROD0136,104,10
OIID29319,ORD27004,PROD0096,2,130
OIID82560,ORD54895,PROD0086,24,50
OIID94186,ORD54895,PROD0027,4,90
OIID21541,ORD84501,PROD0034,33,89
OIID88343,ORD84501,PROD0106,16,150
OIID76981,ORD53765,PROD0043,83,20
OIID59243,ORD53765,PROD0022,32,50
OIID66914,ORD53765,PROD0094,109,15
OIID79429,ORD53765,PROD0133,20,7
OIID52933,ORD78839,PROD0052,2,330
OIID92949,ORD78839,PROD0072,119,13
OIID25727,ORD78839,PROD0113,21,19
OIID60667,ORD78839,PROD0043,61,20
OIID51215,ORD26143,PROD0105,11,80
OIID75986,ORD26143,PROD0052,11,330
OIID35844,ORD26143,PROD0116,141,9
OIID97109,ORD94920,PROD0141,13,22
OIID76541,ORD94920,PROD0045,163,7
OIID67396,ORD94920,PROD0035,9,25
OIID82160,ORD94920,PROD0034,24,89
OIID79064,ORD94920,PROD0134,79,16
OIID96632,ORD94920,PROD0065,13,180
OIID19693,ORD23196,PROD0065,4,180
OIID48054,ORD23196,PROD0086,12,50
OIID11990,ORD23196,PROD0132,106,18
OIID17320,ORD23196,PROD0096,7,130
OIID92990,ORD23196,PROD0004,10,50
OIID54483,ORD12493,PROD0002,25,90
OIID69953,ORD12493,PROD0140,173,12
OIID30712,ORD12493,PROD0087,12,90
OIID45902,ORD68851,PROD0105,33,80
OIID25989,ORD68851,PROD0082,47,33
OIID50562,ORD68851,PROD0132,39,18
OIID24493,ORD90943,PROD0027,11,90
OIID76303,ORD90943,PROD0065,7,180
OIID93478,ORD90943,PROD0141,18,22
OIID12597,ORD77525,PROD0094,57,15
OIID43855,ORD77525,PROD0016,7,45
OIID11108,ORD77525,PROD0132,13,18
OIID70750,ORD77525,PROD0055,7,160
OIID36188,ORD77525,PROD0076,144,15
OIID23850,ORD83101,PROD0025,8,140
OIID19250,ORD83101,PROD0079,37,10
OIID21242,ORD83101,PROD0139,40,15
OIID11952,ORD72906,PROD0061,7,550
OIID96843,ORD72906,PROD0067,5,90
OIID24363,ORD72906,PROD0101,84,35
OIID45009,ORD72906,PROD0086,26,50
OIID71270,ORD24820,PROD0079,44,10
OIID93481,ORD24820,PROD0081,33,45
OIID24863,ORD24820,PROD0082,37,33
OIID84841,ORD24820,PROD0063,124,10
OIID94047,ORD24820,PROD0074,4,20
OIID31107,ORD69289,PROD0027,2,90
OIID41131,ORD69289,PROD0130,168,10
OIID80934,ORD69289,PROD0080,115,9
OIID29884,ORD69289,PROD0014,17,120
OIID96619,ORD69289,PROD0150,38,35
OIID27001,ORD20408,PROD0061,7,550
OIID74007,ORD20408,PROD0008,14,200
OIID25032,ORD20408,PROD0145,32,9
OIID82009,ORD20408,PROD0034,1,89
OIID31833,ORD20408,PROD0004,43,50
OIID19190,ORD20408,PROD0065,21,180
OIID82002,ORD21269,PROD0014,25,120
OIID55116,ORD21269,PROD0027,21,90
OIID37817,ORD21269,PROD0038,37,13
OIID30583,ORD29956,PROD0101,77,35
OIID17364,ORD29956,PROD0141,30,22
OIID60835,ORD67809,PROD0034,7,89
OIID89914,ORD67809,PROD0018,54,16
OIID69132,ORD67809,PROD0132,42,18
OIID16390,ORD67809,PROD0038,46,13
OIID62602,ORD67809,PROD0052,12,330
OIID51322,ORD74403,PROD0046,478,5
OIID87124,ORD74403,PROD0086,17,50
OIID73076,ORD74403,PROD0073,42,13
OIID78398,ORD78356,PROD0101,31,35
OIID35481,ORD78356,PROD0022,45,50
OIID71490,ORD78356,PROD0139,29,15
OIID11092,ORD80842,PROD0123,128,12
OIID84916,ORD80842,PROD0113,34,19
OIID65470,ORD80842,PROD0070,3,40
OIID85204,ORD80842,PROD0096,3,130
OIID85278,ORD80842,PROD0002,9,90
OIID97475,ORD80842,PROD0107,7,130
OIID48258,ORD45157,PROD0014,24,120
OIID55921,ORD45157,PROD0028,27,115
OIID62042,ORD45157,PROD0050,6,10
OIID11757,ORD45157,PROD0100,1,90
OIID82820,ORD45157,PROD0025,7,140
OIID54687,ORD45157,PROD0085,35,40
OIID96218,ORD88015,PROD0013,30,95
OIID65062,ORD88015,PROD0028,38,115
OIID20869,ORD88015,PROD0133,65,7
OIID87485,ORD88015,PROD0122,45,6
OIID72720,ORD53952,PROD0147,13,100
OIID55064,ORD53952,PROD0090,5,210
OIID86902,ORD53952,PROD0093,7,28
OIID14742,ORD53952,PROD0005,63,80
OIID68240,ORD53952,PROD0061,1,550
OIID48018,ORD62084,PROD0099,11,100
OIID71157,ORD62084,PROD0043,45,20
OIID86563,ORD62084,PROD0028,44,115
OIID73831,ORD62084,PROD0113,27,19
OIID13552,ORD62084,PROD0046,538,5
OIID21748,ORD52129,PROD0121,7,28
OIID25182,ORD52129,PROD0016,17,45
OIID53385,ORD52129,PROD0065,26,180
OIID24971,ORD52129,PROD0081,40,45
OIID62452,ORD52129,PROD0116,54,9
OIID84643,ORD54326,PROD0139,42,15
OIID89774,ORD54326,PROD0056,3,210
OIID85146,ORD54326,PROD0004,44,50
OIID73934,ORD79449,PROD0018,9,16
OIID11266,ORD79449,PROD0099,21,100
OIID30112,ORD79449,PROD0072,97,13
OIID16863,ORD59595,PROD0050,189,10
OIID91692,ORD59595,PROD0021,15,300
OIID46114,ORD59595,PROD0018,80,16
OIID33547,ORD34518,PROD0145,199,9
OIID58263,ORD34518,PROD0046,399,5
OIID18791,ORD34518,PROD0038,163,13
OIID86213,ORD14104,PROD0053,13,219
OIID92351,ORD14104,PROD0092,32,35
OIID85941,ORD14104,PROD0110,52,50
OIID27715,ORD14104,PROD0086,26,50
OIID44994,ORD95514,PROD0029,55,7
OIID79445,ORD95514,PROD0094,55,15
OIID51252,ORD95514,PROD0136,76,10
OIID26561,ORD95514,PROD0100,15,90
OIID47139,ORD95514,PROD0027,21,90
OIID57462,ORD95514,PROD0086,6,50
OIID29433,ORD64897,PROD0085,15,40
OIID28486,ORD64897,PROD0070,21,40
OIID90918,ORD64897,PROD0110,54,50
OIID45932,ORD22525,PROD0136,233,10
OIID48759,ORD22525,PROD0096,3,130
OIID47534,ORD22525,PROD0056,13,210
OIID44781,ORD56991,PROD0072,63,13
OIID53925,ORD56991,PROD0028,20,115
OIID63595,ORD56991,PROD0038,203,13
OIID14123,ORD69815,PROD0034,20,89
OIID21110,ORD69815,PROD0036,30,9
OIID62493,ORD69815,PROD0059,21,150
OIID11184,ORD69815,PROD0134,2,16
OIID42281,ORD64275,PROD0027,9,90
OIID40509,ORD64275,PROD0143,48,11
OIID99171,ORD64275,PROD0056,9,210
OIID34040,ORD64275,PROD0043,78,20
OIID65225,ORD64275,PROD0050,106,10
OIID93758,ORD64275,PROD0082,21,33
OIID98882,ORD53082,PROD0094,162,15
OIID99572,ORD53082,PROD0036,58,9
OIID57475,ORD53082,PROD0129,48,8
OIID35240,ORD53082,PROD0127,150,9
OIID62628,ORD53082,PROD0010,40,35
OIID80538,ORD93160,PROD0032,22,30
OIID43693,ORD93160,PROD0002,8,90
OIID17603,ORD93160,PROD0073,110,13
OIID28526,ORD93160,PROD0090,15,210
OIID67901,ORD93160,PROD0119,63,20
OIID96766,ORD93160,PROD0036,42,9
OIID66348,ORD21125,PROD0124,23,60
OIID89585,ORD21125,PROD0123,3,12
OIID26178,ORD21125,PROD0102,51,7
OIID71952,ORD21125,PROD0053,11,219
OIID71865,ORD21125,PROD0040,20,16
OIID46817,ORD21125,PROD0006,35,70
OIID68963,ORD64909,PROD0126,38,24
OIID50454,ORD64909,PROD0120,19,23
OIID92157,ORD64909,PROD0102,37,7
OIID97208,ORD64909,PROD0123,70,12
OIID68324,ORD38096,PROD0136,107,10
OIID55657,ORD38096,PROD0056,15,210
OIID66756,ORD38096,PROD0038,25,13
OIID32662,ORD38096,PROD0096,4,130
OIID76517,ORD42626,PROD0003,6,350
OIID24237,ORD42626,PROD0007,22,60
OIID58740,ORD54349,PROD0103,15,50
OIID45845,ORD54349,PROD0098,159,10
OIID14248,ORD54349,PROD0018,103,16
OIID12062,ORD63026,PROD0146,23,15
OIID86438,ORD63026,PROD0005,27,80
OIID79913,ORD41101,PROD0139,31,15
OIID30740,ORD41101,PROD0142,57,25
OIID48454,ORD41101,PROD0120,34,23
OIID22763,ORD41101,PROD0009,4,250
OIID44343,ORD41101,PROD0128,270,6
OIID69124,ORD41101,PROD0073,16,13
OIID18405,ORD33897,PROD0034,19,89
OIID59281,ORD33897,PROD0147,38,100
OIID54633,ORD33897,PROD0047,22,17
OIID56489,ORD33897,PROD0132,4,18
OIID36852,ORD33897,PROD0009,7,250
OIID66942,ORD38185,PROD0052,14,330
OIID91848,ORD38185,PROD0056,4,210
OIID76659,ORD38185,PROD0018,126,16
OIID39335,ORD38185,PROD0034,11,89
OIID47558,ORD38185,PROD0014,6,120
OIID17970,ORD21402,PROD0091,3,160
OIID87936,ORD21402,PROD0052,10,330
OIID73649,ORD21402,PROD0136,132,10
OIID51972,ORD21402,PROD0036,14,9
OIID77614,ORD32881,PROD0133,106,7
OIID71306,ORD32881,PROD0114,14,45
OIID20171,ORD32881,PROD0147,13,100
OIID70664,ORD32881,PROD0139,69,15
OIID90104,ORD32881,PROD0069,37,25
OIID45197,ORD28370,PROD0034,28,89
OIID93875,ORD28370,PROD0052,12,330
OIID43726,ORD28370,PROD0072,180,13
OIID32589,ORD28370,PROD0096,9,130
OIID72005,ORD28370,PROD0112,87,25
OIID20936,ORD28370,PROD0092,35,35
OIID25664,ORD25331,PROD0121,27,28
OIID31030,ORD25331,PROD0047,29,17
OIID76949,ORD25331,PROD0097,6,20
OIID31695,ORD25331,PROD0150,19,35
OIID18785,ORD25331,PROD0081,25,45
OIID60556,ORD80509,PROD0132,16,18
OIID74455,ORD80509,PROD0096,13,130
OIID98870,ORD80509,PROD0076,105,15
OIID89628,ORD35930,PROD0008,17,200
OIID37537,ORD35930,PROD0070,48,40
OIID12831,ORD35930,PROD0053,7,219
OIID14858,ORD35930,PROD0121,3,28
OIID29037,ORD42586,PROD0132,55,18
OIID81828,ORD42586,PROD0149,40,15
OIID21834,ORD42586,PROD0047,24,17
OIID44068,ORD42586,PROD0070,15,40
OIID78568,ORD42586,PROD0093,33,28
OIID28694,ORD42586,PROD0114,21,45
OIID68744,ORD91601,PROD0132,29,18
OIID15640,ORD91601,PROD0148,51,27
OIID30308,ORD91601,PROD0149,86,15
OIID22949,ORD91601,PROD0066,12,400
OIID45353,ORD38277,PROD0084,30,25
OIID59774,ORD38277,PROD0087,13,90
OIID66650,ORD77842,PROD0067,1,90
OIID73530,ORD77842,PROD0142,21,25
OIID93314,ORD77842,PROD0003,15,350
OIID91193,ORD77842,PROD0069,61,25
OIID41658,ORD77842,PROD0134,44,16
OIID39917,ORD77842,PROD0100,16,90
OIID16965,ORD94581,PROD0035,59,25
OIID22011,ORD94581,PROD0066,9,400
OIID55137,ORD94581,PROD0130,159,10
OIID14112,ORD94581,PROD0054,2,289
OIID95595,ORD94581,PROD0086,14,50
OIID21871,ORD11324,PROD0113,3,19
OIID23810,ORD11324,PROD0133,13,7
OIID73850,ORD11324,PROD0126,7,24
OIID89867,ORD36227,PROD0038,67,13
OIID28668,ORD36227,PROD0041,57,6
OIID66378,ORD36227,PROD0070,93,40
OIID72896,ORD36227,PROD0027,12,90
OIID80144,ORD36227,PROD0080,126,9
OIID13855,ORD36227,PROD0053,7,219
OIID36113,ORD87962,PROD0029,345,7
OIID16853,ORD87962,PROD0113,25,19
OIID56499,ORD96277,PROD0052,7,330
OIID49448,ORD96277,PROD0056,9,210
OIID44976,ORD96277,PROD0112,57,25
OIID88490,ORD96277,PROD0116,90,9
OIID10002,ORD26582,PROD0034,26,89
OIID69977,ORD26582,PROD0136,205,10
OIID84234,ORD26582,PROD0116,178,9
OIID70458,ORD26582,PROD0132,44,18
OIID96971,ORD26582,PROD0096,6,130
OIID33650,ORD26582,PROD0072,117,13
OIID71735,ORD44378,PROD0038,165,13
OIID82496,ORD44378,PROD0140,110,12
OIID76034,ORD44378,PROD0150,1,35
OIID90012,ORD44378,PROD0036,96,9
OIID48283,ORD44378,PROD0056,9,210
OIID15028,ORD44378,PROD0141,50,22
OIID38090,ORD49025,PROD0012,11,85
OIID20949,ORD49025,PROD0019,12,160
OIID33652,ORD49025,PROD0063,82,10
OIID78272,ORD49025,PROD0029,104,7
OIID75848,ORD85622,PROD0112,20,25
OIID98378,ORD85622,PROD0120,43,23
OIID75243,ORD85622,PROD0114,50,45
OIID39178,ORD85622,PROD0061,8,550
OIID67239,ORD85622,PROD0119,49,20
OIID77169,ORD97872,PROD0081,39,45
OIID85131,ORD97872,PROD0002,16,90
OIID47018,ORD97872,PROD0083,30,30
OIID33508,ORD97872,PROD0105,18,80
OIID14938,ORD35895,PROD0072,77,13
OIID87393,ORD35895,PROD0099,16,100
OIID84507,ORD26817,PROD0081,52,45
OIID20256,ORD26817,PROD0074,79,20
OIID40806,ORD26817,PROD0126,65,24
OIID41563,ORD26817,PROD0021,13,300
OIID70514,ORD26817,PROD0007,10,60
OIID47638,ORD12176,PROD0066,1,400
OIID24956,ORD12176,PROD0081,103,45
OIID56308,ORD12176,PROD0046,69,5
OIID14015,ORD12176,PROD0114,10,45
OIID56584,ORD73013,PROD0072,148,13
OIID38562,ORD73013,PROD0079,81,10
OIID88741,ORD73013,PROD0046,315,5
OIID37358,ORD73013,PROD0029,16,7
OIID72294,ORD21916,PROD0120,13,23
OIID52719,ORD21916,PROD0076,105,15
OIID73734,ORD21916,PROD0059,14,150
OIID55381,ORD54240,PROD0085,31,40
OIID33247,ORD54240,PROD0066,12,400
OIID17802,ORD54240,PROD0112,57,25
OIID18459,ORD54240,PROD0065,7,180
OIID76089,ORD37717,PROD0124,3,60
OIID37601,ORD37717,PROD0127,49,9
OIID56176,ORD37717,PROD0081,85,45
OIID57051,ORD37717,PROD0054,12,289
OIID19162,ORD70861,PROD0150,40,35
OIID59860,ORD70861,PROD0074,49,20
OIID96273,ORD70861,PROD0070,2,40
OIID68652,ORD70861,PROD0029,368,7
OIID22670,ORD71083,PROD0150,40,35
OIID22097,ORD71083,PROD0107,7,130
OIID50272,ORD71083,PROD0061,8,550
OIID26836,ORD71083,PROD0013,10,95
OIID17379,ORD68978,PROD0072,165,13
OIID79899,ORD68978,PROD0076,168,15
OIID38348,ORD68978,PROD0052,8,330
OIID97529,ORD68978,PROD0056,13,210
OIID66913,ORD68978,PROD0096,8,130
OIID63312,ORD90289,PROD0120,47,23
OIID63877,ORD90289,PROD0114,29,45
OIID70786,ORD90289,PROD0125,16,42
OIID61291,ORD21803,PROD0023,73,19
OIID21181,ORD21803,PROD0036,10,9
OIID80906,ORD21803,PROD0114,21,45
OIID80753,ORD21803,PROD0147,8,100
OIID88498,ORD21803,PROD0029,389,7
OIID38557,ORD21803,PROD0105,4,80
OIID19236,ORD98290,PROD0062,44,35
OIID21718,ORD98290,PROD0113,4,19
OIID45047,ORD98290,PROD0045,230,7
OIID23261,ORD98290,PROD0032,19,30
OIID48158,ORD24645,PROD0066,2,400
OIID35808,ORD24645,PROD0146,79,15
OIID26938,ORD24645,PROD0096,11,130
OIID67749,ORD24645,PROD0008,10,200
OIID45996,ORD24645,PROD0136,40,10
OIID53377,ORD84142,PROD0136,198,10
OIID25602,ORD84142,PROD0141,28,22
OIID81374,ORD84142,PROD0132,5,18
OIID66590,ORD84142,PROD0076,161,15
OIID39508,ORD84142,PROD0125,12,42
OIID82518,ORD84142,PROD0027,8,90
OIID90009,ORD49614,PROD0121,40,28
OIID89754,ORD49614,PROD0077,337,16
OIID29910,ORD49614,PROD0097,62,20
OIID43181,ORD49614,PROD0019,14,160
OIID58078,ORD49614,PROD0134,1,16
OIID62070,ORD67329,PROD0085,40,40
OIID64683,ORD67329,PROD0007,3,60
OIID95056,ORD16456,PROD0145,24,9
OIID39360,ORD16456,PROD0072,110,13
OIID15196,ORD68990,PROD0001,107,25
OIID49146,ORD68990,PROD0126,43,24
OIID45276,ORD68990,PROD0145,5,9
OIID56585,ORD35582,PROD0018,143,16
OIID95112,ORD35582,PROD0126,41,24
OIID95844,ORD35582,PROD0120,85,23
OIID30469,ORD35582,PROD0123,61,12
OIID69151,ORD35582,PROD0089,54,12
OIID60790,ORD31469,PROD0023,137,19
OIID77178,ORD31469,PROD0126,13,24
OIID33646,ORD31469,PROD0056,15,210
OIID10920,ORD31469,PROD0150,1,35
OIID55696,ORD93381,PROD0141,30,22
OIID79072,ORD93381,PROD0130,74,10
OIID68746,ORD93381,PROD0054,18,289
OIID21911,ORD93381,PROD0034,32,89
OIID90641,ORD93381,PROD0055,7,160
OIID59159,ORD93381,PROD0050,235,10
OIID98416,ORD34629,PROD0120,63,23
OIID89345,ORD34629,PROD0139,26,15
OIID86161,ORD34629,PROD0035,14,25
OIID69269,ORD34629,PROD0028,31,115
OIID34907,ORD34629,PROD0083,24,30
OIID42530,ORD34629,PROD0050,80,10
OIID22737,ORD10950,PROD0029,88,7
OIID75157,ORD10950,PROD0087,7,90
OIID88777,ORD10950,PROD0065,9,180
OIID74191,ORD10950,PROD0113,37,19
OIID50921,ORD51465,PROD0095,11,50
OIID98702,ORD51465,PROD0052,7,330
OIID70778,ORD51465,PROD0141,48,22
OIID68130,ORD89844,PROD0125,2,42
OIID81382,ORD89844,PROD0010,20,35
OIID79738,ORD66397,PROD0072,76,13
OIID52848,ORD66397,PROD0096,4,130
OIID72983,ORD24168,PROD0050,240,10
OIID61300,ORD24168,PROD0060,8,100
OIID99461,ORD31466,PROD0119,58,20
OIID80474,ORD31466,PROD0086,4,50
OIID54623,ORD18466,PROD0113,21,19
OIID81380,ORD18466,PROD0111,71,16
OIID25251,ORD48855,PROD0113,43,19
OIID84338,ORD48855,PROD0022,11,50
OIID45579,ORD48855,PROD0047,11,17
OIID54290,ORD48855,PROD0103,16,50
OIID88330,ORD66544,PROD0095,8,50
OIID56412,ORD66544,PROD0101,85,35
OIID47345,ORD37670,PROD0089,107,12
OIID82346,ORD37670,PROD0121,30,28
OIID74008,ORD37670,PROD0022,27,50
OIID24511,ORD37670,PROD0052,8,330
OIID53719,ORD37670,PROD0076,141,15
OIID93511,ORD37670,PROD0147,30,100
OIID22047,ORD55767,PROD0076,72,15
OIID85563,ORD55767,PROD0065,13,180
OIID30863,ORD55767,PROD0027,19,90
OIID57032,ORD55767,PROD0045,384,7
OIID35447,ORD55767,PROD0110,43,50
OIID79255,ORD55767,PROD0139,48,15
OIID20494,ORD75167,PROD0060,17,100
OIID18792,ORD75167,PROD0102,2,7
OIID42293,ORD89458,PROD0136,93,10
OIID77978,ORD89458,PROD0096,9,130
OIID64957,ORD35196,PROD0001,24,25
OIID77541,ORD35196,PROD0120,34,23
OIID43915,ORD35196,PROD0050,231,10
OIID25896,ORD35196,PROD0022,58,50
OIID68015,ORD81309,PROD0004,46,50
OIID59967,ORD81309,PROD0149,50,15
OIID18252,ORD81309,PROD0030,3,35
OIID47572,ORD81309,PROD0129,67,8
OIID88069,ORD92044,PROD0110,40,50
OIID18821,ORD92044,PROD0109,64,35
OIID51866,ORD92044,PROD0004,27,50
OIID91980,ORD65413,PROD0081,15,45
OIID30465,ORD65413,PROD0038,39,13
OIID74376,ORD89346,PROD0018,35,16
OIID18779,ORD89346,PROD0096,12,130
OIID88169,ORD89346,PROD0016,29,45
OIID68179,ORD89346,PROD0072,5,13
OIID63295,ORD89346,PROD0100,11,90
OIID22680,ORD43959,PROD0053,12,219
OIID10824,ORD43959,PROD0114,32,45
OIID94041,ORD43959,PROD0042,38,22
OIID75014,ORD30008,PROD0127,27,9
OIID29635,ORD30008,PROD0037,7,15
OIID53898,ORD30008,PROD0059,1,150
OIID11400,ORD36172,PROD0102,64,7
OIID93261,ORD36172,PROD0031,2,43
OIID18935,ORD36172,PROD0025,1,140
OIID28551,ORD20406,PROD0092,53,35
OIID42480,ORD20406,PROD0094,125,15
OIID11577,ORD20406,PROD0050,32,10
OIID32624,ORD44592,PROD0050,162,10
OIID31252,ORD44592,PROD0110,51,50
OIID81165,ORD44592,PROD0150,44,35
OIID98346,ORD44592,PROD0008,23,200
OIID65538,ORD15532,PROD0004,30,50
OIID52069,ORD15532,PROD0034,29,89
OIID84588,ORD81617,PROD0105,6,80
OIID46137,ORD81617,PROD0056,2,210
OIID58792,ORD50791,PROD0099,28,100
OIID24786,ORD50791,PROD0086,21,50
OIID83020,ORD50791,PROD0018,92,16
OIID40323,ORD50791,PROD0074,37,20
OIID86146,ORD50791,PROD0002,40,90
OIID73935,ORD72841,PROD0025,7,140
OIID36331,ORD72841,PROD0041,50,6
OIID10720,ORD15876,PROD0032,16,30
OIID40182,ORD15876,PROD0008,16,200
OIID43085,ORD15876,PROD0082,43,33
OIID18819,ORD15876,PROD0150,47,35
OIID68569,ORD15876,PROD0037,79,15
OIID55114,ORD76501,PROD0136,59,10
OIID31866,ORD76501,PROD0130,2,10
OIID94401,ORD76501,PROD0132,54,18
OIID29920,ORD91443,PROD0029,317,7
OIID39946,ORD91443,PROD0005,19,80
OIID52080,ORD91443,PROD0054,18,289
OIID41935,ORD91443,PROD0025,1,140
OIID46485,ORD91443,PROD0053,13,219
OIID15007,ORD91443,PROD0142,30,25
OIID64111,ORD31840,PROD0147,24,100
OIID71321,ORD31840,PROD0066,11,400
OIID53935,ORD31840,PROD0114,50,45
OIID37931,ORD31840,PROD0041,28,6
OIID20069,ORD31840,PROD0021,17,300
OIID17288,ORD31840,PROD0070,40,40
OIID68931,ORD56521,PROD0074,52,20
OIID42701,ORD56521,PROD0027,14,90
OIID68971,ORD56521,PROD0121,21,28
OIID63245,ORD56521,PROD0100,2,90
OIID93880,ORD71799,PROD0110,64,50
OIID87904,ORD71799,PROD0107,9,130
OIID65264,ORD62271,PROD0002,31,90
OIID92382,ORD62271,PROD0130,73,10
OIID54207,ORD15353,PROD0081,89,45
OIID62506,ORD15353,PROD0004,26,50
OIID42938,ORD72276,PROD0121,8,28
OIID90714,ORD72276,PROD0116,245,9
OIID30594,ORD72276,PROD0061,8,550
OIID72787,ORD72276,PROD0145,145,9
OIID91404,ORD72276,PROD0065,15,180
OIID16429,ORD72276,PROD0125,7,42
OIID49694,ORD60908,PROD0150,42,35
OIID22714,ORD60908,PROD0085,2,40
OIID19384,ORD12323,PROD0143,19,11
OIID76867,ORD12323,PROD0014,14,120
OIID19016,ORD12323,PROD0076,78,15
OIID67211,ORD12323,PROD0043,93,20
OIID42803,ORD12323,PROD0150,31,35
OIID67110,ORD88853,PROD0052,10,330
OIID73617,ORD88853,PROD0022,46,50
OIID76232,ORD88853,PROD0140,166,12
OIID66444,ORD96722,PROD0045,354,7
OIID68697,ORD96722,PROD0140,62,12
OIID25068,ORD96722,PROD0002,43,90
OIID64888,ORD96722,PROD0123,2,12
OIID98435,ORD96722,PROD0130,106,10
OIID76239,ORD59983,PROD0067,6,90
OIID45661,ORD59983,PROD0116,85,9
OIID38420,ORD59983,PROD0007,1,60
OIID76049,ORD81832,PROD0032,22,30
OIID55462,ORD81832,PROD0112,50,25
OIID71831,ORD81832,PROD0014,13,120
OIID79736,ORD81832,PROD0134,55,16
OIID80259,ORD81832,PROD0120,73,23
OIID92961,ORD84373,PROD0116,3,9
OIID27256,ORD84373,PROD0046,599,5
OIID12600,ORD84373,PROD0061,1,550
OIID30900,ORD84373,PROD0136,236,10
OIID75401,ORD84373,PROD0085,6,40
OIID21411,ORD75302,PROD0105,3,80
OIID41284,ORD75302,PROD0085,10,40
OIID58973,ORD75302,PROD0106,6,150
OIID25701,ORD75302,PROD0132,115,18
OIID28553,ORD75302,PROD0100,7,90
OIID34663,ORD75302,PROD0050,202,10
OIID98439,ORD55487,PROD0090,13,210
OIID65615,ORD55487,PROD0047,67,17
OIID26872,ORD55487,PROD0078,120,16
OIID21275,ORD55487,PROD0058,7,35
OIID20148,ORD55487,PROD0131,99,12
OIID37065,ORD84677,PROD0045,464,7
OIID76588,ORD84677,PROD0126,63,24
OIID67571,ORD84677,PROD0038,70,13
OIID69227,ORD85569,PROD0034,40,89
OIID86775,ORD85569,PROD0042,58,22
OIID39806,ORD85569,PROD0012,71,85
OIID23357,ORD96890,PROD0087,19,90
OIID17019,ORD96890,PROD0092,20,35
OIID62375,ORD21654,PROD0037,86,15
OIID20259,ORD21654,PROD0008,17,200
OIID97866,ORD38083,PROD0123,132,12
OIID69749,ORD38083,PROD0086,29,50
OIID63558,ORD38083,PROD0060,15,100
OIID41880,ORD93337,PROD0028,37,115
OIID31960,ORD93337,PROD0136,61,10
OIID99801,ORD93337,PROD0106,9,150
OIID45269,ORD93337,PROD0145,136,9
OIID48799,ORD93337,PROD0014,15,120
OIID38670,ORD93337,PROD0069,13,25
OIID32770,ORD51729,PROD0052,3,330
OIID41425,ORD51729,PROD0059,9,150
OIID89060,ORD51729,PROD0001,51,25
OIID59761,ORD51729,PROD0116,153,9
OIID23883,ORD51729,PROD0114,47,45
OIID10332,ORD51729,PROD0022,36,50
OIID53950,ORD66558,PROD0014,28,120
OIID67298,ORD66558,PROD0125,2,42
OIID42662,ORD98851,PROD0129,138,8
OIID90380,ORD98851,PROD0023,115,19
OIID42866,ORD98851,PROD0149,109,15
OIID61669,ORD98851,PROD0101,25,35
OIID70576,ORD98851,PROD0065,17,180
OIID54485,ORD98851,PROD0061,8,550
OIID91321,ORD94123,PROD0111,62,16
OIID86342,ORD94123,PROD0077,12,16
OIID50700,ORD82198,PROD0045,11,7
OIID58311,ORD82198,PROD0028,25,115
OIID63927,ORD82198,PROD0096,2,130
OIID25033,ORD96441,PROD0106,8,150
OIID64221,ORD96441,PROD0146,119,15
OIID92558,ORD96441,PROD0074,12,20
OIID31250,ORD96441,PROD0004,14,50
OIID42328,ORD96441,PROD0059,12,150
OIID36600,ORD96441,PROD0107,6,130
OIID28163,ORD94155,PROD0053,3,219
OIID66684,ORD94155,PROD0119,78,20
OIID87310,ORD94155,PROD0028,13,115
OIID10785,ORD94155,PROD0124,1,60
OIID81332,ORD94155,PROD0121,2,28
OIID19537,ORD60150,PROD0001,38,25
OIID31246,ORD60150,PROD0018,58,16
OIID94606,ORD60150,PROD0062,46,35
OIID20498,ORD60150,PROD0054,12,289
OIID25467,ORD60150,PROD0017,106,20
OIID89101,ORD60150,PROD0114,43,45
OIID85459,ORD47080,PROD0005,59,80
OIID36705,ORD47080,PROD0129,109,8
OIID37813,ORD47080,PROD0056,14,210
OIID22136,ORD47080,PROD0054,5,289
OIID34271,ORD65155,PROD0147,10,100
OIID35078,ORD65155,PROD0107,7,130
OIID14475,ORD65155,PROD0143,38,11
OIID44006,ORD65155,PROD0114,37,45
OIID90426,ORD65155,PROD0003,12,350
OIID29691,ORD29215,PROD0023,181,19
OIID85156,ORD29215,PROD0115,18,14
OIID10804,ORD29215,PROD0107,7,130
OIID11868,ORD29215,PROD0080,159,9
OIID60970,ORD54647,PROD0027,12,90
OIID60651,ORD54647,PROD0045,115,7
OIID67072,ORD54647,PROD0085,12,40
OIID81145,ORD54647,PROD0099,2,100
OIID40535,ORD87663,PROD0050,223,10
OIID11879,ORD87663,PROD0119,47,20
OIID11623,ORD73574,PROD0117,32,15
OIID17037,ORD73574,PROD0056,3,210
OIID88259,ORD14439,PROD0114,27,45
OIID29305,ORD14439,PROD0125,22,42
OIID24635,ORD14439,PROD0100,5,90
OIID50371,ORD14439,PROD0001,13,25
OIID83504,ORD84421,PROD0032,6,30
OIID78158,ORD84421,PROD0043,66,20
OIID72616,ORD84421,PROD0074,50,20
OIID55802,ORD84421,PROD0029,360,7
OIID57847,ORD99430,PROD0014,8,120
OIID83568,ORD99430,PROD0046,279,5
OIID19108,ORD99430,PROD0112,60,25
OIID67991,ORD99430,PROD0001,59,25
OIID57842,ORD32682,PROD0061,3,550
OIID48303,ORD32682,PROD0126,52,24
OIID59992,ORD32682,PROD0001,78,25
OIID43684,ORD32682,PROD0080,96,9
OIID42027,ORD32682,PROD0137,90,14
OIID54960,ORD47320,PROD0141,37,22
OIID34784,ORD47320,PROD0094,136,15
OIID39626,ORD47320,PROD0101,76,35
OIID65339,ORD47320,PROD0085,18,40
OIID20191,ORD47320,PROD0114,28,45
OIID85847,ORD47320,PROD0047,76,17
OIID93553,ORD31489,PROD0123,42,12
OIID74509,ORD31489,PROD0014,14,120
OIID19087,ORD19295,PROD0146,56,15
OIID67881,ORD19295,PROD0060,14,100
OIID23818,ORD19295,PROD0100,5,90
OIID76380,ORD63137,PROD0123,137,12
OIID68187,ORD63137,PROD0150,30,35
OIID70797,ORD35104,PROD0053,20,219
OIID54874,ORD35104,PROD0103,6,50
OIID71098,ORD35104,PROD0130,203,10
OIID43357,ORD35104,PROD0001,44,25
OIID87507,ORD23419,PROD0028,15,115
OIID18713,ORD23419,PROD0086,15,50
OIID16175,ORD23419,PROD0014,9,120
OIID47334,ORD72263,PROD0146,147,15
OIID35818,ORD72263,PROD0003,3,350
OIID71436,ORD63328,PROD0118,59,17
OIID77646,ORD63328,PROD0074,66,20
OIID59627,ORD48033,PROD0042,44,22
OIID36997,ORD48033,PROD0102,277,7
OIID35838,ORD48033,PROD0135,12,9
OIID24205,ORD51789,PROD0060,8,100
OIID76155,ORD51789,PROD0037,92,15
OIID65551,ORD82231,PROD0125,28,42
OIID99771,ORD82231,PROD0022,14,50
OIID23596,ORD82231,PROD0112,49,25
OIID49553,ORD23551,PROD0034,26,89
OIID42647,ORD23551,PROD0065,29,180
OIID98035,ORD50926,PROD0087,9,90
OIID50070,ORD50926,PROD0099,10,100
OIID37252,ORD50926,PROD0008,5,200
OIID58769,ORD50926,PROD0107,11,130
OIID86078,ORD50926,PROD0028,32,115
OIID88508,ORD58637,PROD0110,59,50
OIID55362,ORD58637,PROD0076,154,15
OIID93153,ORD33164,PROD0059,15,150
OIID73125,ORD33164,PROD0076,34,15
OIID74846,ORD33164,PROD0018,97,16
OIID37994,ORD29387,PROD0099,24,100
OIID44728,ORD29387,PROD0008,22,200
OIID28936,ORD29387,PROD0034,32,89
OIID23943,ORD81161,PROD0132,56,18
OIID91418,ORD81161,PROD0146,142,15
OIID33589,ORD40378,PROD0102,117,7
OIID44051,ORD40378,PROD0065,8,180
OIID73911,ORD91405,PROD0076,30,15
OIID49762,ORD91405,PROD0098,192,10
OIID24668,ORD91405,PROD0084,75,25
OIID61044,ORD91405,PROD0048,30,24
OIID40606,ORD91405,PROD0123,140,12
OIID25977,ORD31484,PROD0118,31,17
OIID53666,ORD31484,PROD0035,52,25
OIID16619,ORD31484,PROD0016,10,45
OIID75572,ORD31484,PROD0043,41,20
OIID45220,ORD31484,PROD0109,45,35
OIID93139,ORD31484,PROD0097,67,20
OIID73381,ORD61207,PROD0016,31,45
OIID47497,ORD61207,PROD0100,8,90
OIID44704,ORD61207,PROD0066,4,400
OIID19362,ORD61207,PROD0003,9,350
OIID29032,ORD61207,PROD0133,42,7
OIID60353,ORD22714,PROD0014,13,120
OIID26229,ORD22714,PROD0136,90,10
OIID26218,ORD11347,PROD0141,14,22
OIID27215,ORD11347,PROD0036,16,9
OIID55130,ORD11347,PROD0050,259,10
OIID78713,ORD11347,PROD0076,16,15
OIID40270,ORD11347,PROD0038,21,13
OIID44655,ORD33611,PROD0002,7,90
OIID43761,ORD33611,PROD0021,9,300
OIID63239,ORD33611,PROD0045,471,7
OIID71655,ORD33611,PROD0054,3,289
OIID42248,ORD33611,PROD0066,3,400
OIID31928,ORD33611,PROD0099,5,100
OIID23739,ORD64733,PROD0092,41,35
OIID60684,ORD64733,PROD0106,14,150
OIID70933,ORD64733,PROD0079,111,10
OIID76912,ORD45600,PROD0096,5,130
OIID44944,ORD45600,PROD0038,149,13
OIID38849,ORD45600,PROD0001,110,25
OIID79943,ORD49319,PROD0035,34,25
OIID68589,ORD49319,PROD0066,5,400
OIID90621,ORD49319,PROD0101,40,35
OIID78569,ORD49319,PROD0070,26,40
OIID82608,ORD49319,PROD0139,56,15
OIID21114,ORD49319,PROD0103,19,50
OIID27182,ORD21153,PROD0079,8,10
OIID47394,ORD21153,PROD0113,77,19
OIID13778,ORD85315,PROD0002,40,90
OIID26993,ORD85315,PROD0028,29,115
OIID81229,ORD17536,PROD0125,5,42
OIID34719,ORD17536,PROD0146,83,15
OIID66206,ORD17536,PROD0079,21,10
OIID51369,ORD17536,PROD0080,57,9
OIID93786,ORD17536,PROD0140,168,12
OIID10790,ORD97031,PROD0086,3,50
OIID96981,ORD97031,PROD0121,12,28
OIID94862,ORD97031,PROD0146,33,15
OIID23884,ORD97031,PROD0145,182,9
OIID48665,ORD97031,PROD0008,5,200
OIID89714,ORD72502,PROD0101,74,35
OIID92892,ORD72502,PROD0041,62,6
OIID85078,ORD72502,PROD0136,116,10
OIID36111,ORD72502,PROD0054,1,289
OIID35831,ORD72502,PROD0052,8,330
OIID14105,ORD72502,PROD0106,11,150
OIID75027,ORD33115,PROD0045,166,7
OIID98301,ORD33115,PROD0096,4,130
OIID47653,ORD33115,PROD0125,19,42
OIID65232,ORD72180,PROD0050,279,10
OIID57318,ORD72180,PROD0036,54,9
OIID54703,ORD72180,PROD0032,21,30
OIID84182,ORD72180,PROD0076,110,15
OIID25543,ORD72180,PROD0085,29,40
OIID17730,ORD32791,PROD0093,18,28
OIID12615,ORD32791,PROD0122,75,6
OIID68001,ORD32791,PROD0150,32,35
OIID44431,ORD32791,PROD0027,19,90
OIID35998,ORD32791,PROD0069,40,25
OIID60489,ORD32791,PROD0115,4,14
OIID67805,ORD17138,PROD0116,102,9
OIID57702,ORD17138,PROD0004,11,50
OIID15057,ORD17138,PROD0086,26,50
OIID69503,ORD17138,PROD0021,2,300
OIID47541,ORD17138,PROD0106,7,150
OIID72793,ORD68389,PROD0139,5,15
OIID85139,ORD68389,PROD0034,12,89
OIID56682,ORD14375,PROD0065,16,180
OIID56720,ORD14375,PROD0119,9,20
OIID31629,ORD14375,PROD0035,55,25
OIID50940,ORD67464,PROD0129,111,8
OIID89211,ORD67464,PROD0032,11,30
OIID91566,ORD67464,PROD0063,50,10
OIID69049,ORD67464,PROD0076,77,15
OIID27899,ORD67464,PROD0021,5,300
OIID25777,ORD44381,PROD0139,74,15
OIID21661,ORD44381,PROD0146,133,15
OIID49720,ORD66528,PROD0086,29,50
OIID88046,ORD66528,PROD0132,65,18
OIID30387,ORD66528,PROD0072,66,13
OIID72364,ORD90388,PROD0072,56,13
OIID88833,ORD90388,PROD0052,12,330
OIID20115,ORD90388,PROD0096,5,130
OIID88336,ORD90388,PROD0018,22,16
OIID54046,ORD69134,PROD0097,75,20
OIID67368,ORD69134,PROD0127,98,9
OIID12794,ORD75147,PROD0085,7,40
OIID56102,ORD75147,PROD0106,8,150
OIID44231,ORD17100,PROD0045,112,7
OIID12793,ORD17100,PROD0133,71,7
OIID85558,ORD17100,PROD0009,6,250
OIID67314,ORD17100,PROD0076,13,15
OIID63594,ORD98401,PROD0056,5,210
OIID50953,ORD98401,PROD0052,6,330
OIID56870,ORD98401,PROD0038,170,13
OIID28890,ORD98401,PROD0096,6,130
OIID64521,ORD98401,PROD0136,181,10
OIID72703,ORD98401,PROD0132,19,18
OIID66370,ORD90523,PROD0114,35,45
OIID81890,ORD90523,PROD0028,9,115
OIID68781,ORD90523,PROD0045,361,7
OIID29687,ORD90523,PROD0041,95,6
OIID61087,ORD77447,PROD0132,59,18
OIID85620,ORD77447,PROD0113,47,19
OIID19458,ORD77447,PROD0129,110,8
OIID96737,ORD77447,PROD0006,18,70
OIID83151,ORD79925,PROD0060,26,100
OIID66419,ORD79925,PROD0077,343,16
OIID61556,ORD79925,PROD0032,8,30
OIID27711,ORD61507,PROD0014,24,120
OIID82597,ORD61507,PROD0035,61,25
OIID92314,ORD61507,PROD0074,8,20
OIID71200,ORD77766,PROD0013,51,95
OIID98216,ORD77766,PROD0039,7,280
OIID65877,ORD77766,PROD0021,14,300
OIID21480,ORD77766,PROD0141,27,22
OIID45648,ORD39232,PROD0145,50,9
OIID48408,ORD39232,PROD0101,80,35
OIID51050,ORD39232,PROD0061,5,550
OIID27771,ORD39232,PROD0023,109,19
OIID87723,ORD39232,PROD0038,191,13
OIID75420,ORD39232,PROD0096,1,130
OIID84174,ORD79627,PROD0086,6,50
OIID55049,ORD79627,PROD0027,3,90
OIID60393,ORD79627,PROD0056,14,210
OIID78856,ORD79627,PROD0023,167,19
OIID82719,ORD79627,PROD0034,14,89
OIID60322,ORD72721,PROD0106,3,150
OIID66412,ORD72721,PROD0018,120,16
OIID71764,ORD89400,PROD0096,10,130
OIID42713,ORD89400,PROD0038,204,13
OIID96733,ORD89400,PROD0112,51,25
OIID57518,ORD89400,PROD0045,26,7
OIID98885,ORD89400,PROD0076,3,15
OIID97417,ORD89400,PROD0004,39,50
OIID49405,ORD66193,PROD0134,72,16
OIID17345,ORD66193,PROD0009,8,250
OIID36868,ORD75665,PROD0061,7,550
OIID71354,ORD75665,PROD0086,13,50
OIID42598,ORD75665,PROD0079,4,10
OIID66574,ORD53806,PROD0066,5,400
OIID38820,ORD53806,PROD0014,4,120
OIID57938,ORD53806,PROD0007,33,60
OIID49906,ORD70223,PROD0132,35,18
OIID59970,ORD70223,PROD0083,52,30
OIID99332,ORD70223,PROD0058,38,35
OIID81123,ORD70223,PROD0091,12,160
OIID58209,ORD70223,PROD0077,131,16
OIID87950,ORD54100,PROD0072,88,13
OIID32647,ORD54100,PROD0034,35,89
OIID70354,ORD54100,PROD0038,219,13
OIID65291,ORD27987,PROD0018,133,16
OIID17341,ORD27987,PROD0056,5,210
OIID95045,ORD27987,PROD0106,10,150
OIID93518,ORD27987,PROD0061,8,550
OIID55109,ORD27987,PROD0004,43,50
OIID40169,ORD92242,PROD0134,84,16
OIID34443,ORD92242,PROD0070,64,40
OIID71935,ORD71726,PROD0022,27,50
OIID60282,ORD71726,PROD0003,5,350
OIID82132,ORD71726,PROD0113,57,19
OIID73609,ORD71726,PROD0027,20,90
OIID93899,ORD65764,PROD0143,3,11
OIID51576,ORD65764,PROD0076,59,15
OIID48426,ORD65764,PROD0053,16,219
OIID67549,ORD65764,PROD0116,74,9
OIID36914,ORD86275,PROD0017,98,20
OIID53437,ORD86275,PROD0011,46,65
OIID58921,ORD93368,PROD0092,21,35
OIID14829,ORD93368,PROD0121,35,28
OIID52774,ORD93368,PROD0061,5,550
OIID36709,ORD93368,PROD0096,3,130
OIID74702,ORD93368,PROD0018,67,16
OIID37573,ORD93368,PROD0066,9,400
OIID67995,ORD18509,PROD0062,54,35
OIID18375,ORD18509,PROD0069,1,25
OIID16897,ORD18509,PROD0085,41,40
OIID90161,ORD18509,PROD0094,55,15
OIID13391,ORD18509,PROD0007,6,60
OIID99731,ORD55182,PROD0132,1,18
OIID57829,ORD55182,PROD0001,110,25
OIID85877,ORD55182,PROD0086,19,50
OIID12712,ORD55182,PROD0027,2,90
OIID51437,ORD75594,PROD0137,13,14
OIID97634,ORD75594,PROD0096,1,130
OIID21145,ORD75594,PROD0093,38,28
OIID71523,ORD93288,PROD0116,83,9
OIID57751,ORD93288,PROD0103,6,50
OIID95088,ORD93288,PROD0027,3,90
OIID70960,ORD93288,PROD0100,12,90
OIID57784,ORD69794,PROD0106,7,150
OIID71653,ORD69794,PROD0120,6,23
OIID69656,ORD41551,PROD0121,8,28
OIID37014,ORD41551,PROD0085,2,40
OIID24989,ORD58431,PROD0103,7,50
OIID60806,ORD58431,PROD0008,4,200
OIID31472,ORD58431,PROD0117,6,15
OIID12417,ORD72912,PROD0045,139,7
OIID43731,ORD72912,PROD0140,146,12
OIID50046,ORD31669,PROD0095,23,50
OIID29211,ORD31669,PROD0044,141,12
OIID24207,ORD31669,PROD0057,46,8
OIID55140,ORD31669,PROD0031,21,43
OIID71504,ORD22169,PROD0018,33,16
OIID14236,ORD22169,PROD0143,105,11
OIID80597,ORD22169,PROD0107,5,130
OIID55333,ORD22169,PROD0030,53,35
OIID36283,ORD22169,PROD0093,39,28
OIID29030,ORD22169,PROD0108,78,30
OIID80560,ORD84451,PROD0142,25,25
OIID30972,ORD84451,PROD0088,27,27
OIID60016,ORD84451,PROD0030,42,35
OIID28508,ORD43623,PROD0017,29,20
OIID21594,ORD43623,PROD0132,7,18
OIID65259,ORD43623,PROD0032,3,30
OIID75012,ORD41339,PROD0106,17,150
OIID12006,ORD41339,PROD0061,1,550
OIID86188,ORD41339,PROD0034,23,89
OIID79526,ORD41339,PROD0081,43,45
OIID32362,ORD41339,PROD0021,16,300
OIID69169,ORD80955,PROD0005,16,80
OIID22098,ORD80955,PROD0117,36,15
OIID99319,ORD10787,PROD0100,9,90
OIID53428,ORD10787,PROD0107,2,130
OIID56488,ORD10787,PROD0140,164,12
OIID34604,ORD10787,PROD0150,40,35
OIID68574,ORD10787,PROD0132,119,18
OIID88857,ORD21319,PROD0005,18,80
OIID84675,ORD21319,PROD0141,54,22
OIID59793,ORD21319,PROD0092,41,35
OIID58632,ORD21319,PROD0101,71,35
OIID38969,ORD21319,PROD0134,80,16
OIID54930,ORD21319,PROD0120,52,23
OIID47655,ORD67550,PROD0116,21,9
OIID69031,ORD67550,PROD0050,106,10
OIID70668,ORD76431,PROD0106,5,150
OIID19866,ORD76431,PROD0032,8,30
OIID94647,ORD76431,PROD0146,151,15
OIID96873,ORD71808,PROD0056,12,210
OIID65922,ORD71808,PROD0112,77,25
OIID40413,ORD71808,PROD0061,3,550
OIID15495,ORD64113,PROD0023,49,19
OIID79679,ORD64113,PROD0052,3,330
OIID91236,ORD64113,PROD0105,22,80
OIID52301,ORD64113,PROD0136,6,10
OIID96388,ORD64113,PROD0096,3,130
OIID57782,ORD76521,PROD0075,76,20
OIID37479,ORD76521,PROD0055,10,160
OIID61770,ORD76521,PROD0120,85,23
OIID61392,ORD55903,PROD0073,16,13
OIID11240,ORD55903,PROD0145,151,9
OIID83397,ORD55903,PROD0121,19,28
OIID55982,ORD55903,PROD0079,96,10
OIID42912,ORD55903,PROD0081,48,45
OIID51242,ORD79795,PROD0142,30,25
OIID55437,ORD79795,PROD0009,4,250
OIID78203,ORD79795,PROD0017,104,20
OIID72758,ORD62897,PROD0007,15,60
OIID84687,ORD62897,PROD0034,18,89
OIID59734,ORD62897,PROD0113,38,19
OIID88250,ORD62897,PROD0132,118,18
OIID11172,ORD62897,PROD0149,98,15
OIID77064,ORD67785,PROD0002,27,90
OIID23071,ORD67785,PROD0053,5,219
OIID88200,ORD23281,PROD0041,79,6
OIID53759,ORD23281,PROD0100,17,90
OIID78671,ORD23281,PROD0092,33,35
OIID73611,ORD25959,PROD0022,50,50
OIID76217,ORD25959,PROD0002,31,90
OIID29876,ORD25959,PROD0008,16,200
OIID61734,ORD42417,PROD0052,6,330
OIID14885,ORD42417,PROD0146,70,15
OIID89595,ORD42417,PROD0076,166,15
OIID54361,ORD42417,PROD0101,70,35
OIID51402,ORD33947,PROD0115,13,14
OIID32119,ORD33947,PROD0086,26,50
OIID72817,ORD68053,PROD0146,159,15
OIID39576,ORD68053,PROD0034,16,89
OIID96340,ORD17154,PROD0023,61,19
OIID29378,ORD17154,PROD0056,5,210
OIID90183,ORD17154,PROD0112,58,25
OIID16098,ORD82476,PROD0146,39,15
OIID39818,ORD82476,PROD0053,4,219
OIID93982,ORD82476,PROD0120,3,23
OIID36093,ORD82476,PROD0004,16,50
OIID92766,ORD82476,PROD0069,24,25
OIID44502,ORD82476,PROD0107,14,130
OIID96579,ORD51867,PROD0126,23,24
OIID34522,ORD51867,PROD0061,1,550
OIID48301,ORD51867,PROD0086,10,50
OIID88997,ORD51867,PROD0146,156,15
OIID63517,ORD38431,PROD0101,38,35
OIID78441,ORD38431,PROD0112,45,25
OIID13600,ORD38431,PROD0008,2,200
OIID62626,ORD38431,PROD0061,6,550
OIID81657,ORD38431,PROD0116,206,9
OIID52869,ORD93130,PROD0053,20,219
OIID44053,ORD93130,PROD0028,32,115
OIID47372,ORD93130,PROD0129,146,8
OIID70626,ORD60198,PROD0135,50,9
OIID66498,ORD60198,PROD0127,77,9
OIID30566,ORD60198,PROD0005,34,80
OIID66510,ORD60198,PROD0014,25,120
OIID99816,ORD59922,PROD0126,64,24
OIID19572,ORD59922,PROD0105,28,80
OIID48071,ORD59922,PROD0125,14,42
OIID74155,ORD59922,PROD0121,23,28
OIID21089,ORD20386,PROD0102,54,7
OIID61483,ORD20386,PROD0008,7,200
OIID11665,ORD20386,PROD0123,27,12
OIID15992,ORD20386,PROD0073,5,13
OIID99133,ORD20386,PROD0079,92,10
OIID49171,ORD20386,PROD0047,58,17
OIID14631,ORD25701,PROD0061,2,550
OIID36976,ORD25701,PROD0006,34,70
OIID56015,ORD25701,PROD0066,9,400
OIID60716,ORD25701,PROD0125,10,42
OIID48099,ORD25701,PROD0117,23,15
OIID82868,ORD28351,PROD0107,13,130
OIID41190,ORD28351,PROD0043,39,20
OIID90080,ORD28351,PROD0103,17,50
OIID56821,ORD97976,PROD0130,117,10
OIID67466,ORD97976,PROD0077,196,16
OIID94983,ORD97976,PROD0024,268,10
OIID11606,ORD97976,PROD0072,141,13
OIID98045,ORD68667,PROD0123,116,12
OIID19651,ORD68667,PROD0139,43,15
OIID59137,ORD68667,PROD0002,38,90
OIID95226,ORD68667,PROD0107,4,130
OIID62324,ORD68667,PROD0016,7,45
OIID40967,ORD68667,PROD0004,38,50
OIID90046,ORD80603,PROD0126,10,24
OIID52468,ORD80603,PROD0081,48,45
OIID24850,ORD80603,PROD0136,122,10
OIID25200,ORD80603,PROD0038,2,13
OIID90895,ORD80603,PROD0145,72,9
OIID61487,ORD12131,PROD0107,7,130
OIID13828,ORD12131,PROD0133,42,7
OIID61210,ORD72974,PROD0106,13,150
OIID27014,ORD72974,PROD0038,158,13
OIID79145,ORD72974,PROD0096,12,130
OIID21599,ORD72974,PROD0086,22,50
OIID98932,ORD90191,PROD0035,23,25
OIID79793,ORD90191,PROD0092,16,35
OIID22492,ORD90191,PROD0045,413,7
OIID53723,ORD90191,PROD0150,35,35
OIID24374,ORD90191,PROD0132,129,18
OIID35424,ORD86151,PROD0101,85,35
OIID73297,ORD86151,PROD0038,195,13
OIID81741,ORD96697,PROD0043,17,20
OIID31855,ORD96697,PROD0046,352,5
OIID18978,ORD96697,PROD0069,60,25
OIID37655,ORD96697,PROD0147,11,100
OIID10178,ORD96697,PROD0097,44,20
OIID97546,ORD96697,PROD0003,10,350
OIID73123,ORD69747,PROD0061,8,550
OIID68536,ORD69747,PROD0002,43,90
OIID30005,ORD29955,PROD0050,87,10
OIID31545,ORD29955,PROD0067,4,90
OIID72872,ORD29955,PROD0079,125,10
OIID93180,ORD29955,PROD0015,237,13
OIID89823,ORD29955,PROD0054,6,289
OIID13353,ORD77942,PROD0126,58,24
OIID10802,ORD77942,PROD0007,2,60
OIID40754,ORD77942,PROD0074,20,20
OIID97798,ORD77942,PROD0034,35,89
OIID88587,ORD77942,PROD0038,18,13
OIID69478,ORD77942,PROD0140,125,12
OIID78338,ORD40472,PROD0065,26,180
OIID45390,ORD40472,PROD0018,52,16
OIID90159,ORD40472,PROD0145,48,9
OIID78459,ORD40472,PROD0125,29,42
OIID81710,ORD40472,PROD0116,32,9
OIID63485,ORD56438,PROD0060,29,100
OIID83084,ORD56438,PROD0007,8,60
OIID81065,ORD56438,PROD0034,2,89
OIID40579,ORD56438,PROD0079,5,10
OIID39413,ORD56438,PROD0134,8,16
OIID28793,ORD25043,PROD0132,48,18
OIID15292,ORD25043,PROD0076,1,15
OIID21106,ORD25043,PROD0022,15,50
OIID45784,ORD25043,PROD0072,83,13
OIID25620,ORD79397,PROD0150,19,35
OIID29333,ORD79397,PROD0035,40,25
OIID83668,ORD79397,PROD0086,19,50
OIID75082,ORD79397,PROD0079,29,10
OIID42206,ORD79397,PROD0027,6,90
OIID61498,ORD66616,PROD0056,10,210
OIID85944,ORD66616,PROD0116,204,9
OIID37042,ORD66616,PROD0060,11,100
OIID96386,ORD66616,PROD0047,19,17
OIID26766,ORD66616,PROD0105,17,80
OIID95208,ORD27800,PROD0063,94,10
OIID32811,ORD27800,PROD0101,20,35
OIID48540,ORD27800,PROD0149,64,15
OIID21806,ORD27800,PROD0139,71,15
OIID97462,ORD51782,PROD0023,139,19
OIID37201,ORD51782,PROD0002,19,90
OIID25732,ORD51782,PROD0119,26,20
OIID90478,ORD51782,PROD0022,33,50
OIID50754,ORD51782,PROD0105,22,80
OIID96343,ORD36063,PROD0060,24,100
OIID10167,ORD36063,PROD0090,9,210
OIID67674,ORD36063,PROD0126,12,24
OIID74526,ORD74659,PROD0028,22,115
OIID35666,ORD74659,PROD0034,13,89
OIID52627,ORD74659,PROD0112,19,25
OIID87549,ORD74659,PROD0061,7,550
OIID79928,ORD98008,PROD0053,16,219
OIID72903,ORD98008,PROD0109,3,35
OIID82486,ORD98008,PROD0146,76,15
OIID63344,ORD98008,PROD0107,5,130
OIID67276,ORD98008,PROD0059,8,150
OIID72270,ORD98008,PROD0095,21,50
OIID75666,ORD57483,PROD0108,15,30
OIID15085,ORD57483,PROD0075,16,20
OIID55060,ORD57483,PROD0029,395,7
OIID37828,ORD57483,PROD0095,3,50
OIID72887,ORD57483,PROD0092,9,35
OIID10510,ORD20218,PROD0011,44,65
OIID45772,ORD20218,PROD0099,18,100
OIID84196,ORD20218,PROD0021,10,300
OIID56715,ORD20218,PROD0031,8,43
OIID12481,ORD64194,PROD0103,17,50
OIID75723,ORD64194,PROD0105,8,80
OIID61323,ORD64194,PROD0079,64,10
OIID62123,ORD64194,PROD0054,11,289
OIID40849,ORD64194,PROD0135,126,9
OIID20064,ORD64194,PROD0032,10,30
OIID20387,ORD60438,PROD0086,4,50
OIID34449,ORD60438,PROD0146,73,15
OIID44121,ORD60438,PROD0135,20,9
OIID64831,ORD60438,PROD0060,9,100
OIID61165,ORD60438,PROD0099,25,100
OIID69001,ORD60438,PROD0148,35,27
OIID28487,ORD99966,PROD0001,95,25
OIID55030,ORD99966,PROD0123,137,12
OIID72518,ORD99966,PROD0042,74,22
OIID31877,ORD99966,PROD0099,25,100
OIID24624,ORD27781,PROD0028,30,115
OIID10976,ORD27781,PROD0110,7,50
OIID81124,ORD27781,PROD0056,13,210
OIID91086,ORD75408,PROD0092,17,35
OIID42524,ORD75408,PROD0004,42,50
OIID73466,ORD71011,PROD0072,134,13
OIID42068,ORD71011,PROD0001,15,25
OIID21616,ORD71011,PROD0056,1,210
OIID90363,ORD91404,PROD0066,4,400
OIID88511,ORD91404,PROD0010,13,35
OIID82111,ORD91404,PROD0022,23,50
OIID71236,ORD91404,PROD0028,27,115
OIID81237,ORD65361,PROD0065,28,180
OIID73607,ORD65361,PROD0067,5,90
OIID92634,ORD65361,PROD0101,84,35
OIID80436,ORD65361,PROD0056,9,210
OIID46493,ORD65361,PROD0024,269,10
OIID76992,ORD41570,PROD0086,5,50
OIID87708,ORD41570,PROD0005,19,80
OIID39467,ORD41570,PROD0041,23,6
OIID43497,ORD41570,PROD0105,20,80
OIID14613,ORD41570,PROD0102,174,7
OIID83270,ORD53511,PROD0052,14,330
OIID95119,ORD53511,PROD0043,65,20
OIID49824,ORD53511,PROD0090,5,210
OIID37562,ORD53511,PROD0082,41,33
OIID54417,ORD53511,PROD0076,109,15
OIID53305,ORD24850,PROD0112,80,25
OIID77608,ORD24850,PROD0147,21,100
OIID67469,ORD24850,PROD0137,146,14
OIID16641,ORD98103,PROD0027,1,90
OIID56709,ORD98103,PROD0007,17,60
OIID33735,ORD98103,PROD0015,215,13
OIID63172,ORD98103,PROD0140,133,12
OIID19629,ORD98103,PROD0022,17,50
OIID57229,ORD98103,PROD0046,115,5
OIID67847,ORD44196,PROD0002,20,90
OIID17863,ORD44196,PROD0025,12,140
OIID24750,ORD16851,PROD0080,101,9
OIID74646,ORD16851,PROD0101,7,35
OIID49366,ORD16851,PROD0086,18,50
OIID11995,ORD16851,PROD0092,3,35
OIID18374,ORD16851,PROD0007,12,60
OIID34181,ORD52257,PROD0027,10,90
OIID37953,ORD52257,PROD0101,61,35
OIID64830,ORD52257,PROD0116,44,9
OIID34992,ORD52257,PROD0046,3,5
OIID25841,ORD52257,PROD0066,12,400
OIID42725,ORD18537,PROD0005,10,80
OIID87648,ORD18537,PROD0035,22,25
OIID74452,ORD18537,PROD0103,12,50
OIID61618,ORD18537,PROD0145,41,9
OIID51590,ORD18537,PROD0126,56,24
OIID92580,ORD18537,PROD0122,265,6
OIID97615,ORD27589,PROD0112,31,25
OIID50282,ORD27589,PROD0027,8,90
OIID95107,ORD27589,PROD0061,8,550
OIID13053,ORD27589,PROD0082,52,33
OIID39723,ORD27589,PROD0142,36,25
OIID30133,ORD34647,PROD0060,32,100
OIID96556,ORD34647,PROD0088,18,27
OIID35490,ORD34647,PROD0138,3,7
OIID34904,ORD34647,PROD0083,39,30
OIID62226,ORD34647,PROD0049,343,9
OIID75151,ORD58881,PROD0063,91,10
OIID51109,ORD58881,PROD0122,288,6
OIID38242,ORD58881,PROD0082,35,33
OIID99163,ORD58881,PROD0046,188,5
OIID13319,ORD58881,PROD0141,24,22
OIID56486,ORD58881,PROD0018,76,16
OIID78053,ORD38207,PROD0090,12,210
OIID14290,ORD38207,PROD0032,24,30
OIID24114,ORD38207,PROD0145,110,9
OIID81010,ORD38207,PROD0052,1,330
OIID81594,ORD84713,PROD0043,95,20
OIID91208,ORD84713,PROD0061,8,550
OIID91727,ORD56363,PROD0110,42,50
OIID74136,ORD56363,PROD0096,6,130
OIID21125,ORD42436,PROD0110,21,50
OIID17494,ORD42436,PROD0067,13,90
OIID21602,ORD42436,PROD0043,12,20
OIID15165,ORD42436,PROD0056,4,210
OIID28349,ORD42436,PROD0132,71,18
OIID55671,ORD86096,PROD0002,14,90
OIID18090,ORD86096,PROD0086,22,50
OIID10605,ORD86096,PROD0143,49,11
OIID70532,ORD86096,PROD0074,62,20
OIID56287,ORD36597,PROD0046,119,5
OIID16826,ORD36597,PROD0036,41,9
OIID30825,ORD36597,PROD0014,2,120
OIID66643,ORD36597,PROD0004,7,50
OIID68029,ORD36597,PROD0143,20,11
OIID16205,ORD82280,PROD0130,211,10
OIID96027,ORD82280,PROD0100,15,90
OIID66532,ORD82280,PROD0125,14,42
OIID42342,ORD87159,PROD0079,81,10
OIID97744,ORD87159,PROD0121,12,28
OIID61852,ORD87159,PROD0086,8,50
OIID71553,ORD87159,PROD0083,16,30
OIID39225,ORD23335,PROD0037,71,15
OIID77618,ORD23335,PROD0102,293,7
OIID93537,ORD23335,PROD0007,22,60
OIID98896,ORD23335,PROD0104,7,90
OIID51800,ORD57140,PROD0023,81,19
OIID55983,ORD57140,PROD0034,29,89
OIID54534,ORD57140,PROD0145,143,9
OIID43889,ORD57140,PROD0046,380,5
OIID17092,ORD57140,PROD0008,7,200
OIID33977,ORD57140,PROD0116,10,9
OIID75778,ORD91503,PROD0121,40,28
OIID78990,ORD91503,PROD0149,64,15
OIID25082,ORD91503,PROD0146,62,15
OIID61628,ORD91503,PROD0112,54,25
OIID68939,ORD91503,PROD0014,8,120
OIID53537,ORD91503,PROD0031,11,43
OIID10696,ORD54293,PROD0150,7,35
OIID93223,ORD54293,PROD0022,23,50
OIID54813,ORD97707,PROD0065,16,180
OIID35080,ORD97707,PROD0054,15,289
OIID28798,ORD97707,PROD0061,7,550
OIID42828,ORD97707,PROD0004,32,50
OIID49898,ORD46580,PROD0056,2,210
OIID23088,ORD46580,PROD0014,6,120
OIID60190,ORD46580,PROD0136,139,10
OIID21009,ORD46580,PROD0052,10,330
OIID55604,ORD46580,PROD0072,144,13
OIID35986,ORD76080,PROD0033,3,40
OIID91657,ORD76080,PROD0092,18,35
OIID93901,ORD76080,PROD0013,24,95
OIID16485,ORD76080,PROD0066,5,400
OIID35111,ORD76080,PROD0037,163,15
OIID40004,ORD96628,PROD0008,13,200
OIID60067,ORD96628,PROD0132,100,18
OIID51599,ORD72478,PROD0018,94,16
OIID55668,ORD72478,PROD0038,130,13
OIID68775,ORD28661,PROD0041,72,6
OIID73147,ORD28661,PROD0146,85,15
OIID65081,ORD28661,PROD0121,27,28
OIID14956,ORD77900,PROD0126,21,24
OIID73525,ORD77900,PROD0034,11,89
OIID98830,ORD80740,PROD0120,5,23
OIID11449,ORD80740,PROD0009,2,250
OIID34345,ORD25678,PROD0056,5,210
OIID12478,ORD25678,PROD0112,4,25
OIID33361,ORD25678,PROD0121,18,28
OIID20969,ORD25678,PROD0014,8,120
OIID81022,ORD25678,PROD0007,4,60
OIID95444,ORD16243,PROD0080,64,9
OIID39564,ORD16243,PROD0105,31,80
OIID70363,ORD72692,PROD0143,133,11
OIID50669,ORD72692,PROD0014,3,120
OIID76231,ORD53810,PROD0054,4,289
OIID73256,ORD53810,PROD0125,1,42
OIID53228,ORD53810,PROD0060,20,100
OIID12150,ORD59562,PROD0085,44,40
OIID83648,ORD59562,PROD0032,12,30
OIID43943,ORD59562,PROD0052,8,330
OIID32923,ORD59562,PROD0123,107,12
OIID54178,ORD59562,PROD0001,2,25
OIID51271,ORD10155,PROD0035,43,25
OIID41824,ORD10155,PROD0125,18,42
OIID59932,ORD10155,PROD0109,47,35
OIID49294,ORD10155,PROD0036,70,9
OIID64780,ORD77247,PROD0126,11,24
OIID13585,ORD77247,PROD0066,8,400
OIID56397,ORD77247,PROD0116,78,9
OIID74231,ORD77247,PROD0101,82,35
OIID31829,ORD77247,PROD0038,88,13
OIID15875,ORD10502,PROD0072,95,13
OIID29323,ORD10502,PROD0014,10,120
OIID67062,ORD10502,PROD0136,62,10
OIID83332,ORD10502,PROD0116,149,9
OIID10820,ORD85127,PROD0083,25,30
OIID71073,ORD85127,PROD0143,40,11
OIID66276,ORD83541,PROD0047,31,17
OIID65561,ORD83541,PROD0104,30,90
OIID51118,ORD83541,PROD0079,41,10
OIID95622,ORD42886,PROD0119,55,20
OIID72943,ORD42886,PROD0150,20,35
OIID17362,ORD42886,PROD0121,13,28
OIID45887,ORD42886,PROD0021,17,300
OIID62007,ORD42886,PROD0059,4,150
OIID23287,ORD42886,PROD0066,4,400
OIID36714,ORD18316,PROD0075,114,20
OIID55746,ORD18316,PROD0121,2,28
OIID88285,ORD18316,PROD0046,328,5
OIID90663,ORD53539,PROD0149,21,15
OIID89734,ORD53539,PROD0065,18,180
OIID68080,ORD53539,PROD0031,11,43
OIID83729,ORD53539,PROD0106,18,150
OIID13640,ORD88054,PROD0069,55,25
OIID63700,ORD88054,PROD0047,82,17
OIID42961,ORD88054,PROD0061,5,550
OIID97858,ORD88054,PROD0150,30,35
OIID79448,ORD88054,PROD0015,247,13
OIID32049,ORD31325,PROD0032,19,30
OIID36398,ORD31325,PROD0061,2,550
OIID69239,ORD31325,PROD0035,28,25
OIID57630,ORD36964,PROD0083,45,30
OIID74262,ORD36964,PROD0095,27,50
OIID60524,ORD51093,PROD0123,149,12
OIID97530,ORD51093,PROD0043,52,20
OIID91908,ORD51093,PROD0083,48,30
OIID56631,ORD51093,PROD0103,4,50
OIID38145,ORD51093,PROD0012,8,85
OIID72403,ORD17019,PROD0056,8,210
OIID55566,ORD17019,PROD0076,42,15
OIID18667,ORD17019,PROD0116,181,9
OIID46845,ORD17019,PROD0018,54,16
OIID51233,ORD17019,PROD0096,4,130
OIID65923,ORD90182,PROD0146,96,15
OIID37528,ORD90182,PROD0127,82,9
OIID18333,ORD90182,PROD0014,4,120
OIID96449,ORD55021,PROD0001,4,25
OIID49155,ORD55021,PROD0143,113,11
OIID39719,ORD41082,PROD0029,390,7
OIID66730,ORD41082,PROD0126,62,24
OIID33916,ORD41082,PROD0130,228,10
OIID17178,ORD41082,PROD0082,78,33
OIID84850,ORD41082,PROD0053,1,219
OIID51335,ORD28875,PROD0025,5,140
OIID35647,ORD28875,PROD0050,66,10
OIID50862,ORD53046,PROD0145,45,9
OIID68596,ORD53046,PROD0136,73,10
OIID22140,ORD53046,PROD0045,435,7
OIID80167,ORD53046,PROD0056,9,210
OIID27378,ORD41586,PROD0134,61,16
OIID50450,ORD41586,PROD0126,68,24
OIID80942,ORD41586,PROD0095,3,50
OIID41996,ORD41586,PROD0066,2,400
OIID24406,ORD41586,PROD0133,108,7
OIID19449,ORD53401,PROD0103,1,50
OIID20248,ORD53401,PROD0139,64,15
OIID68849,ORD53401,PROD0028,45,115
OIID52427,ORD53401,PROD0141,42,22
OIID72278,ORD91520,PROD0028,45,115
OIID26297,ORD91520,PROD0079,55,10
OIID13286,ORD99460,PROD0141,3,22
OIID53595,ORD99460,PROD0034,27,89
OIID97842,ORD95051,PROD0105,11,80
OIID78609,ORD95051,PROD0004,38,50
OIID31120,ORD95051,PROD0126,3,24
OIID93888,ORD95051,PROD0119,34,20
OIID63021,ORD53633,PROD0096,6,130
OIID75963,ORD53633,PROD0043,78,20
OIID84240,ORD53633,PROD0123,32,12
OIID64927,ORD53633,PROD0059,14,150
OIID37129,ORD53633,PROD0119,4,20
OIID14100,ORD38197,PROD0072,89,13
OIID91049,ORD38197,PROD0014,17,120
OIID78474,ORD28782,PROD0140,66,12
OIID55511,ORD28782,PROD0036,112,9
OIID53084,ORD28782,PROD0130,50,10
OIID51119,ORD28782,PROD0014,23,120
OIID55540,ORD28782,PROD0099,22,100
OIID15581,ORD21999,PROD0022,51,50
OIID43887,ORD21999,PROD0120,67,23
OIID16736,ORD21999,PROD0101,36,35
OIID36212,ORD21999,PROD0001,25,25
OIID30917,ORD21999,PROD0014,12,120
OIID65712,ORD45584,PROD0015,135,13
OIID40612,ORD45584,PROD0012,63,85
OIID69298,ORD45584,PROD0099,6,100
OIID16640,ORD45584,PROD0085,5,40
OIID94014,ORD45584,PROD0079,18,10
OIID11984,ORD48787,PROD0054,12,289
OIID50658,ORD48787,PROD0057,116,8
OIID72697,ORD48787,PROD0112,44,25
OIID77561,ORD48787,PROD0092,8,35
OIID13911,ORD48787,PROD0017,88,20
OIID68473,ORD48787,PROD0083,18,30
OIID74499,ORD28947,PROD0141,56,22
OIID35576,ORD28947,PROD0039,2,280
OIID54037,ORD28947,PROD0030,30,35
OIID90630,ORD80132,PROD0102,88,7
OIID65942,ORD80132,PROD0009,10,250
OIID53166,ORD80132,PROD0027,8,90
OIID83189,ORD80132,PROD0075,29,20
OIID14493,ORD80132,PROD0125,6,42
OIID24202,ORD41651,PROD0050,145,10
OIID52551,ORD41651,PROD0025,8,140
OIID25836,ORD41651,PROD0103,6,50
OIID71915,ORD41651,PROD0002,18,90
OIID67930,ORD41651,PROD0099,16,100
OIID17254,ORD19864,PROD0113,43,19
OIID52099,ORD19864,PROD0042,51,22
OIID21967,ORD19864,PROD0068,5,170
OIID73775,ORD19864,PROD0083,15,30
OIID17338,ORD19864,PROD0119,25,20
OIID42481,ORD19864,PROD0034,13,89
OIID12256,ORD28555,PROD0014,19,120
OIID62729,ORD28555,PROD0096,3,130
OIID28682,ORD28555,PROD0112,13,25
OIID95417,ORD28555,PROD0136,148,10
OIID81720,ORD28555,PROD0052,1,330
OIID67398,ORD28555,PROD0132,129,18
OIID59850,ORD95667,PROD0076,23,15
OIID89745,ORD95667,PROD0136,49,10
OIID27284,ORD95667,PROD0014,26,120
OIID91919,ORD51077,PROD0063,34,10
OIID27376,ORD51077,PROD0002,6,90
OIID69484,ORD51077,PROD0102,227,7
OIID66983,ORD51077,PROD0126,78,24
OIID98795,ORD12864,PROD0027,18,90
OIID44999,ORD12864,PROD0056,4,210
OIID75433,ORD12864,PROD0139,72,15
OIID49024,ORD12864,PROD0089,40,12
OIID80096,ORD12864,PROD0119,8,20
OIID91653,ORD66971,PROD0143,96,11
OIID38133,ORD66971,PROD0023,172,19
OIID17373,ORD66971,PROD0110,15,50
OIID72138,ORD66971,PROD0101,57,35
OIID60750,ORD58937,PROD0088,18,27
OIID20116,ORD58937,PROD0104,28,90
OIID45754,ORD58937,PROD0138,20,7
OIID79241,ORD58937,PROD0139,46,15
OIID88017,ORD58937,PROD0134,12,16
OIID29505,ORD58408,PROD0041,17,6
OIID89899,ORD58408,PROD0082,82,33
OIID73478,ORD58408,PROD0101,36,35
OIID41170,ORD58408,PROD0039,3,280
OIID90416,ORD58408,PROD0030,14,35
OIID91063,ORD85351,PROD0018,140,16
OIID75819,ORD85351,PROD0096,2,130
OIID77349,ORD41584,PROD0096,6,130
OIID90964,ORD41584,PROD0014,23,120
OIID61625,ORD41584,PROD0072,151,13
OIID51458,ORD41584,PROD0132,29,18
OIID81189,ORD41584,PROD0116,59,9
OIID83002,ORD41584,PROD0034,23,89
OIID70379,ORD15033,PROD0146,42,15
OIID57754,ORD15033,PROD0047,32,17
OIID68234,ORD15033,PROD0034,34,89
OIID95260,ORD15033,PROD0016,11,45
OIID72318,ORD15033,PROD0041,7,6
OIID51157,ORD81410,PROD0134,27,16
OIID91779,ORD81410,PROD0103,6,50
OIID63087,ORD81410,PROD0054,9,289
OIID53045,ORD81410,PROD0125,17,42
OIID50919,ORD44001,PROD0134,86,16
OIID16221,ORD44001,PROD0072,6,13
OIID99137,ORD44001,PROD0061,3,550
OIID85193,ORD44001,PROD0047,24,17
OIID84824,ORD11524,PROD0076,87,15
OIID82118,ORD11524,PROD0072,130,13
OIID92948,ORD11524,PROD0018,8,16
OIID39670,ORD68799,PROD0116,227,9
OIID23233,ORD68799,PROD0092,17,35
OIID14530,ORD68799,PROD0052,5,330
OIID15137,ORD68799,PROD0038,188,13
OIID66409,ORD97852,PROD0008,3,200
OIID15254,ORD97852,PROD0090,7,210
OIID76096,ORD97852,PROD0122,88,6
OIID39065,ORD97852,PROD0081,23,45
OIID49025,ORD53965,PROD0103,9,50
OIID81424,ORD53965,PROD0092,12,35
OIID39867,ORD53965,PROD0102,151,7
OIID71527,ORD53965,PROD0146,126,15
OIID10117,ORD53965,PROD0081,93,45
OIID21123,ORD61924,PROD0078,173,16
OIID32460,ORD61924,PROD0041,98,6
OIID40823,ORD61924,PROD0092,43,35
OIID75437,ORD61924,PROD0012,8,85
OIID83930,ORD61924,PROD0082,26,33
OIID31996,ORD52071,PROD0076,28,15
OIID24226,ORD52071,PROD0136,17,10
OIID88936,ORD52071,PROD0116,197,9
OIID53328,ORD52071,PROD0038,45,13
OIID78142,ORD75794,PROD0135,70,9
OIID14322,ORD75794,PROD0060,8,100
OIID93291,ORD75794,PROD0066,10,400
OIID37927,ORD75794,PROD0056,3,210
OIID65327,ORD75794,PROD0042,61,22
OIID46366,ORD75794,PROD0029,271,7
OIID31493,ORD84986,PROD0004,37,50
OIID10977,ORD84986,PROD0103,17,50
OIID57299,ORD84986,PROD0145,72,9
OIID35758,ORD84986,PROD0079,88,10
OIID98217,ORD84986,PROD0112,21,25
OIID69441,ORD84986,PROD0060,26,100
OIID60626,ORD72021,PROD0126,32,24
OIID44930,ORD72021,PROD0016,27,45
OIID38232,ORD72021,PROD0050,135,10
OIID84631,ORD72021,PROD0038,38,13
OIID41713,ORD11565,PROD0106,11,150
OIID36443,ORD11565,PROD0144,28,30
OIID80548,ORD11565,PROD0046,451,5
OIID71369,ORD11565,PROD0047,45,17
OIID19146,ORD93803,PROD0092,24,35
OIID50951,ORD93803,PROD0116,112,9
OIID49278,ORD93803,PROD0136,84,10
OIID46051,ORD93803,PROD0132,15,18
OIID95250,ORD83754,PROD0100,2,90
OIID52894,ORD83754,PROD0103,12,50
OIID26060,ORD83754,PROD0038,140,13
OIID13028,ORD83754,PROD0105,30,80
OIID75599,ORD83754,PROD0054,14,289
OIID47237,ORD83754,PROD0047,40,17
OIID74858,ORD53817,PROD0070,88,40
OIID63756,ORD53817,PROD0067,21,90
OIID97304,ORD53817,PROD0116,179,9
OIID13638,ORD53817,PROD0052,2,330
OIID54656,ORD36175,PROD0120,63,23
OIID74954,ORD36175,PROD0097,45,20
OIID82405,ORD36175,PROD0129,57,8
OIID44622,ORD29212,PROD0076,30,15
OIID22062,ORD29212,PROD0096,1,130
OIID51829,ORD12034,PROD0096,9,130
OIID33476,ORD12034,PROD0076,84,15
OIID60851,ORD12034,PROD0038,160,13
OIID97820,ORD12034,PROD0116,173,9
OIID21059,ORD12034,PROD0112,78,25
OIID16173,ORD12034,PROD0056,13,210
OIID78344,ORD45167,PROD0028,32,115
OIID20985,ORD45167,PROD0100,13,90
OIID15814,ORD45167,PROD0027,12,90
OIID56540,ORD45167,PROD0114,38,45
OIID23562,ORD37429,PROD0061,2,550
OIID36737,ORD37429,PROD0052,3,330
OIID48808,ORD37429,PROD0141,51,22
OIID77936,ORD37429,PROD0096,2,130
OIID41553,ORD37429,PROD0092,7,35
OIID39619,ORD67846,PROD0116,27,9
OIID33105,ORD67846,PROD0132,15,18
OIID56371,ORD67846,PROD0014,8,120
OIID63141,ORD67846,PROD0112,71,25
OIID80245,ORD66156,PROD0018,94,16
OIID17614,ORD66156,PROD0073,103,13
OIID23547,ORD83715,PROD0041,65,6
OIID86268,ORD83715,PROD0142,41,25
OIID20987,ORD83715,PROD0054,18,289
OIID82265,ORD83715,PROD0016,1,45
OIID50331,ORD83715,PROD0140,52,12
OIID38546,ORD49852,PROD0080,120,9
OIID43608,ORD49852,PROD0094,137,15
OIID40679,ORD49852,PROD0092,7,35
OIID77823,ORD49852,PROD0146,56,15
OIID29503,ORD49852,PROD0025,4,140
OIID51556,ORD49852,PROD0076,91,15
OIID56928,ORD70815,PROD0090,7,210
OIID28110,ORD70815,PROD0116,141,9
OIID67215,ORD70815,PROD0056,13,210
OIID88469,ORD71613,PROD0055,19,160
OIID34185,ORD71613,PROD0063,114,10
OIID38041,ORD71613,PROD0045,129,7
OIID45573,ORD71613,PROD0113,60,19
OIID93165,ORD71613,PROD0119,32,20
OIID66978,ORD33382,PROD0066,11,400
OIID34127,ORD33382,PROD0139,8,15
OIID43948,ORD33382,PROD0021,14,300
OIID22373,ORD33382,PROD0056,4,210
OIID94552,ORD33382,PROD0116,231,9
OIID26357,ORD14943,PROD0096,8,130
OIID25681,ORD14943,PROD0054,6,289
OIID25625,ORD14943,PROD0116,36,9
OIID14185,ORD14943,PROD0022,23,50
OIID43586,ORD14943,PROD0039,7,280
OIID37670,ORD93476,PROD0021,2,300
OIID37010,ORD93476,PROD0086,4,50
OIID11807,ORD38373,PROD0136,68,10
OIID37305,ORD38373,PROD0028,5,115
OIID48552,ORD38373,PROD0072,29,13
OIID52492,ORD38373,PROD0146,146,15
OIID46289,ORD94586,PROD0061,4,550
OIID86580,ORD94586,PROD0126,23,24
OIID99542,ORD94586,PROD0015,111,13
OIID73276,ORD94586,PROD0024,256,10
OIID80368,ORD94586,PROD0021,5,300
OIID16761,ORD85736,PROD0061,2,550
OIID31990,ORD85736,PROD0116,23,9
OIID75323,ORD85736,PROD0143,130,11
OIID23259,ORD85736,PROD0122,279,6
OIID94329,ORD85736,PROD0005,21,80
OIID77611,ORD85736,PROD0014,14,120
OIID25869,ORD62525,PROD0092,28,35
OIID64235,ORD62525,PROD0085,43,40
OIID91907,ORD62525,PROD0008,3,200
OIID38031,ORD62525,PROD0001,47,25
OIID20913,ORD62525,PROD0046,347,5
OIID17025,ORD62525,PROD0112,28,25
OIID35254,ORD93237,PROD0072,107,13
OIID61159,ORD93237,PROD0081,47,45
OIID18502,ORD54389,PROD0147,28,100
OIID14307,ORD54389,PROD0045,88,7
OIID10519,ORD37209,PROD0063,13,10
OIID41932,ORD37209,PROD0001,4,25
OIID94051,ORD37209,PROD0127,96,9
OIID73876,ORD37209,PROD0025,5,140
OIID37491,ORD37209,PROD0081,45,45
OIID17673,ORD37209,PROD0015,132,13
OIID90602,ORD82921,PROD0103,17,50
OIID54148,ORD82921,PROD0114,39,45
OIID31945,ORD82921,PROD0094,146,15
OIID28483,ORD82921,PROD0132,49,18
OIID91586,ORD82921,PROD0007,5,60
OIID31549,ORD11708,PROD0034,11,89
OIID83573,ORD11708,PROD0105,15,80
OIID83418,ORD14381,PROD0062,17,35
OIID34444,ORD14381,PROD0045,400,7
OIID65819,ORD68338,PROD0088,53,27
OIID57539,ORD68338,PROD0010,37,35
OIID93378,ORD68338,PROD0028,3,115
OIID75529,ORD68338,PROD0115,20,14
OIID93527,ORD26897,PROD0099,5,100
OIID24698,ORD26897,PROD0011,36,65
OIID60179,ORD26897,PROD0002,14,90
OIID50615,ORD26897,PROD0072,113,13
OIID53667,ORD26897,PROD0146,83,15
OIID78312,ORD26897,PROD0119,103,20
OIID20156,ORD98066,PROD0052,10,330
OIID69556,ORD98066,PROD0053,9,219
OIID40165,ORD98066,PROD0007,12,60
OIID57225,ORD98066,PROD0134,37,16
OIID61264,ORD25181,PROD0099,26,100
OIID44699,ORD25181,PROD0056,7,210
OIID79707,ORD25181,PROD0085,26,40
OIID21669,ORD25181,PROD0029,159,7
OIID64948,ORD80650,PROD0112,22,25
OIID90366,ORD80650,PROD0018,92,16
OIID82500,ORD80650,PROD0076,159,15
OIID86774,ORD80650,PROD0072,152,13
OIID28774,ORD80650,PROD0092,24,35
OIID37093,ORD80650,PROD0132,2,18
OIID15834,ORD91907,PROD0002,21,90
OIID77906,ORD91907,PROD0080,176,9
OIID76585,ORD91907,PROD0042,65,22
OIID67446,ORD91907,PROD0107,8,130
OIID13602,ORD81372,PROD0131,203,12
OIID17065,ORD81372,PROD0048,34,24
OIID27839,ORD81372,PROD0038,111,13
OIID99421,ORD49333,PROD0146,90,15
OIID82688,ORD49333,PROD0002,7,90
OIID84985,ORD49333,PROD0120,37,23
OIID19512,ORD49333,PROD0009,10,250
OIID90839,ORD49333,PROD0093,75,28
OIID73887,ORD22791,PROD0038,45,13
OIID74935,ORD22791,PROD0112,92,25
OIID58486,ORD36044,PROD0145,154,9
OIID65564,ORD36044,PROD0116,75,9
OIID63988,ORD36044,PROD0065,9,180
OIID12595,ORD58291,PROD0139,18,15
OIID80190,ORD58291,PROD0125,19,42
OIID13131,ORD58291,PROD0043,57,20
OIID62989,ORD38686,PROD0035,45,25
OIID83758,ORD38686,PROD0143,40,11
OIID60075,ORD38686,PROD0115,64,14
OIID95642,ORD38686,PROD0145,198,9
OIID81557,ORD38686,PROD0005,79,80
OIID51294,ORD50936,PROD0083,19,30
OIID77150,ORD50936,PROD0073,102,13
OIID44682,ORD50936,PROD0107,7,130
OIID57480,ORD50936,PROD0127,20,9
OIID65285,ORD50936,PROD0009,2,250
OIID22768,ORD50936,PROD0060,17,100
OIID38751,ORD57586,PROD0080,91,9
OIID36198,ORD57586,PROD0010,30,35
OIID55356,ORD57586,PROD0046,551,5
OIID68303,ORD14196,PROD0104,17,90
OIID69342,ORD14196,PROD0021,9,300
OIID28664,ORD19169,PROD0052,7,330
OIID84604,ORD19169,PROD0112,42,25
OIID46054,ORD15808,PROD0025,9,140
OIID12114,ORD15808,PROD0055,4,160
OIID38188,ORD15808,PROD0047,20,17
OIID82422,ORD15808,PROD0023,60,19
OIID79203,ORD78773,PROD0001,22,25
OIID79879,ORD78773,PROD0082,5,33
OIID41329,ORD37362,PROD0139,24,15
OIID22853,ORD37362,PROD0142,19,25
OIID24365,ORD65574,PROD0050,119,10
OIID71141,ORD65574,PROD0065,14,180
OIID89219,ORD65574,PROD0139,43,15
OIID93677,ORD65574,PROD0096,5,130
OIID44374,ORD65574,PROD0120,52,23
OIID36772,ORD76636,PROD0008,8,200
OIID21991,ORD76636,PROD0041,68,6
OIID89155,ORD76636,PROD0002,35,90
OIID27876,ORD76636,PROD0053,9,219
OIID31160,ORD76636,PROD0133,79,7
OIID30331,ORD76636,PROD0136,136,10
OIID15494,ORD48211,PROD0034,11,89
OIID13950,ORD48211,PROD0092,41,35
OIID55124,ORD48211,PROD0056,3,210
OIID25600,ORD48211,PROD0132,30,18
OIID11823,ORD48211,PROD0014,22,120
OIID30657,ORD48211,PROD0052,5,330
OIID41448,ORD40426,PROD0034,25,89
OIID77850,ORD40426,PROD0096,6,130
OIID26172,ORD40426,PROD0146,45,15
OIID15391,ORD98777,PROD0092,43,35
OIID49090,ORD98777,PROD0043,1,20
OIID47721,ORD94387,PROD0014,6,120
OIID57488,ORD94387,PROD0061,2,550
OIID29660,ORD94387,PROD0059,4,150
OIID15690,ORD94387,PROD0007,27,60
OIID52680,ORD95471,PROD0119,61,20
OIID83167,ORD95471,PROD0062,36,35
OIID53448,ORD95471,PROD0081,43,45
OIID82910,ORD55189,PROD0139,8,15
OIID61183,ORD55189,PROD0060,27,100
OIID95904,ORD55189,PROD0041,17,6
OIID51038,ORD55189,PROD0047,58,17
OIID51947,ORD55189,PROD0110,29,50
OIID14625,ORD55189,PROD0019,6,160
OIID99864,ORD21281,PROD0087,7,90
OIID12818,ORD21281,PROD0070,12,40
OIID61135,ORD21281,PROD0007,23,60
OIID59572,ORD25984,PROD0038,6,13
OIID58725,ORD25984,PROD0018,91,16
OIID31932,ORD25984,PROD0136,163,10
OIID56635,ORD58680,PROD0028,23,115
OIID17195,ORD58680,PROD0025,3,140
OIID61140,ORD58680,PROD0126,59,24
OIID72189,ORD20183,PROD0129,4,8
OIID80319,ORD20183,PROD0062,53,35
OIID79341,ORD20183,PROD0045,17,7
OIID91012,ORD20183,PROD0122,75,6
OIID72918,ORD20183,PROD0072,125,13
OIID30750,ORD57435,PROD0028,31,115
OIID30982,ORD57435,PROD0116,58,9
OIID47003,ORD57435,PROD0001,67,25
OIID17765,ORD57435,PROD0066,7,400
OIID16326,ORD45294,PROD0130,38,10
OIID62868,ORD45294,PROD0004,1,50
OIID25557,ORD45294,PROD0032,15,30
OIID43769,ORD45294,PROD0074,10,20
OIID95905,ORD67192,PROD0106,8,150
OIID75911,ORD67192,PROD0126,27,24
OIID56381,ORD67192,PROD0060,3,100
OIID32005,ORD28388,PROD0102,82,7
OIID28379,ORD28388,PROD0012,27,85
OIID48561,ORD94870,PROD0106,17,150
OIID72826,ORD94870,PROD0096,7,130
OIID90109,ORD94870,PROD0045,154,7
OIID31141,ORD94870,PROD0134,77,16
OIID33460,ORD94870,PROD0114,29,45
OIID72164,ORD94870,PROD0116,145,9
OIID31585,ORD72041,PROD0005,58,80
OIID70734,ORD72041,PROD0103,17,50
OIID43051,ORD72041,PROD0139,59,15
OIID27084,ORD72041,PROD0076,103,15
OIID40870,ORD72041,PROD0041,24,6
OIID83651,ORD96588,PROD0112,58,25
OIID87306,ORD96588,PROD0092,6,35
OIID24173,ORD96588,PROD0136,164,10
OIID52247,ORD96588,PROD0076,15,15
OIID69285,ORD96588,PROD0014,5,120
OIID11516,ORD96588,PROD0086,9,50
OIID18649,ORD43340,PROD0063,116,10
OIID22935,ORD43340,PROD0016,33,45
OIID89911,ORD43340,PROD0099,1,100
OIID94669,ORD43340,PROD0127,159,9
OIID71890,ORD43340,PROD0027,20,90
OIID53960,ORD43340,PROD0025,3,140
OIID94819,ORD31976,PROD0066,6,400
OIID66659,ORD31976,PROD0018,125,16
OIID17204,ORD31976,PROD0072,66,13
OIID52576,ORD31976,PROD0086,24,50
OIID35570,ORD31976,PROD0034,22,89
OIID32931,ORD31976,PROD0014,7,120
OIID21146,ORD29980,PROD0060,34,100
OIID85963,ORD29980,PROD0139,67,15
OIID80076,ORD29980,PROD0045,153,7
OIID26415,ORD10263,PROD0089,90,12
OIID39298,ORD10263,PROD0096,4,130
OIID35817,ORD17076,PROD0110,27,50
OIID23358,ORD17076,PROD0115,76,14
OIID96987,ORD17076,PROD0043,44,20
OIID18860,ORD17076,PROD0037,170,15
OIID36071,ORD64739,PROD0140,108,12
OIID21830,ORD64739,PROD0101,36,35
OIID95401,ORD64739,PROD0045,178,7
OIID31844,ORD64739,PROD0022,41,50
OIID91889,ORD67951,PROD0022,49,50
OIID36832,ORD67951,PROD0054,5,289
OIID50903,ORD67951,PROD0101,1,35
OIID54069,ORD23258,PROD0123,2,12
OIID51826,ORD23258,PROD0001,44,25
OIID47434,ORD23258,PROD0114,4,45
OIID35161,ORD23258,PROD0034,11,89
OIID36642,ORD23258,PROD0032,13,30
OIID80659,ORD23258,PROD0059,1,150
OIID91227,ORD14687,PROD0138,122,7
OIID13204,ORD14687,PROD0091,8,160
OIID66531,ORD14687,PROD0080,172,9
OIID69106,ORD14687,PROD0129,77,8
OIID33927,ORD93406,PROD0146,83,15
OIID23291,ORD93406,PROD0076,108,15
OIID79776,ORD93406,PROD0021,14,300
OIID15735,ORD93218,PROD0107,3,130
OIID64175,ORD93218,PROD0001,30,25
OIID83114,ORD93218,PROD0031,4,43
OIID28153,ORD93218,PROD0119,23,20
OIID40950,ORD93218,PROD0005,23,80
OIID71473,ORD93218,PROD0053,15,219
OIID89817,ORD90616,PROD0038,148,13
OIID26441,ORD90616,PROD0025,1,140
OIID83271,ORD90616,PROD0046,499,5
OIID21750,ORD90616,PROD0076,2,15
OIID96772,ORD90616,PROD0094,67,15
OIID14247,ORD90616,PROD0134,63,16
OIID23720,ORD68166,PROD0046,590,5
OIID82217,ORD68166,PROD0132,96,18
OIID33112,ORD85580,PROD0042,21,22
OIID47284,ORD85580,PROD0113,15,19
OIID29471,ORD85580,PROD0149,83,15
OIID14841,ORD85580,PROD0148,36,27
OIID48604,ORD85580,PROD0130,125,10
OIID68634,ORD84793,PROD0132,74,18
OIID40746,ORD84793,PROD0116,6,9
OIID15886,ORD90732,PROD0012,16,85
OIID79458,ORD90732,PROD0149,63,15
OIID36981,ORD90732,PROD0031,10,43
OIID13782,ORD90732,PROD0040,55,16
OIID35076,ORD90732,PROD0134,55,16
OIID36646,ORD19725,PROD0076,160,15
OIID54442,ORD19725,PROD0038,91,13
OIID33674,ORD19725,PROD0096,8,130
OIID90929,ORD19725,PROD0018,118,16
OIID14641,ORD19725,PROD0056,10,210
OIID44424,ORD19725,PROD0116,187,9
OIID52850,ORD52061,PROD0121,13,28
OIID32499,ORD52061,PROD0129,113,8
OIID53484,ORD52061,PROD0042,74,22
OIID59922,ORD52061,PROD0124,3,60
OIID74567,ORD28926,PROD0001,35,25
OIID50703,ORD28926,PROD0136,147,10
OIID34872,ORD28926,PROD0008,5,200
OIID87259,ORD51678,PROD0094,61,15
OIID93508,ORD51678,PROD0052,5,330
OIID33195,ORD22091,PROD0114,17,45
OIID32457,ORD22091,PROD0027,6,90
OIID38339,ORD22091,PROD0015,22,13
OIID33545,ORD22091,PROD0093,67,28
OIID71493,ORD22091,PROD0085,27,40
OIID67337,ORD22091,PROD0062,20,35
OIID74112,ORD51834,PROD0112,50,25
OIID16016,ORD51834,PROD0045,409,7
OIID89965,ORD51834,PROD0126,31,24
OIID45443,ORD68643,PROD0038,205,13
OIID32276,ORD68643,PROD0027,20,90
OIID96606,ORD13862,PROD0130,103,10
OIID64467,ORD13862,PROD0110,54,50
OIID41806,ORD13862,PROD0150,16,35
OIID47431,ORD13862,PROD0072,152,13
OIID43387,ORD16714,PROD0074,70,20
OIID57268,ORD16714,PROD0027,2,90
OIID71563,ORD16714,PROD0083,10,30
OIID80209,ORD71840,PROD0066,7,400
OIID31406,ORD71840,PROD0086,7,50
OIID70542,ORD24035,PROD0030,44,35
OIID10146,ORD24035,PROD0024,4,10
OIID49610,ORD25748,PROD0101,33,35
OIID51666,ORD25748,PROD0100,5,90
OIID68543,ORD51688,PROD0145,135,9
OIID47170,ORD51688,PROD0084,31,25
OIID16313,ORD51688,PROD0103,20,50
OIID23026,ORD51688,PROD0012,38,85
OIID40871,ORD51688,PROD0027,18,90
OIID28961,ORD51796,PROD0145,6,9
OIID93014,ORD51796,PROD0056,3,210
OIID56249,ORD50875,PROD0009,1,250
OIID69631,ORD50875,PROD0063,50,10
OIID39224,ORD50875,PROD0140,13,12
OIID73296,ORD50875,PROD0106,17,150
OIID11164,ORD50875,PROD0143,119,11
OIID32056,ORD32688,PROD0106,1,150
OIID99401,ORD32688,PROD0121,17,28
OIID88483,ORD32688,PROD0132,120,18
OIID67408,ORD32688,PROD0145,182,9
OIID97081,ORD81109,PROD0096,3,130
OIID36166,ORD81109,PROD0116,54,9
OIID68288,ORD22922,PROD0143,10,11
OIID60557,ORD22922,PROD0101,5,35
OIID98548,ORD10175,PROD0008,2,200
OIID41003,ORD10175,PROD0125,20,42
OIID19453,ORD10175,PROD0080,121,9
OIID66446,ORD26341,PROD0016,30,45
OIID68321,ORD26341,PROD0146,44,15
OIID80312,ORD26341,PROD0066,1,400
OIID23816,ORD26341,PROD0114,47,45
OIID44981,ORD26341,PROD0076,41,15
OIID59474,ORD26341,PROD0038,106,13
OIID51191,ORD10326,PROD0073,132,13
OIID94458,ORD10326,PROD0035,59,25
OIID64216,ORD10326,PROD0143,38,11
OIID23606,ORD10326,PROD0038,217,13
OIID98529,ORD10326,PROD0005,51,80
OIID16156,ORD71959,PROD0054,5,289
OIID69352,ORD71959,PROD0100,9,90
OIID39227,ORD71959,PROD0061,2,550
OIID40492,ORD71959,PROD0072,113,13
OIID67500,ORD71959,PROD0002,20,90
OIID30433,ORD71959,PROD0081,14,45
OIID54490,ORD69600,PROD0066,7,400
OIID56073,ORD69600,PROD0004,23,50
OIID88548,ORD69600,PROD0062,51,35
OIID80036,ORD46723,PROD0096,13,130
OIID84487,ORD46723,PROD0136,16,10
OIID68980,ORD49725,PROD0022,18,50
OIID98057,ORD49725,PROD0063,93,10
OIID80284,ORD80924,PROD0050,57,10
OIID20956,ORD80924,PROD0147,29,100
OIID93299,ORD80924,PROD0101,51,35
OIID19903,ORD80924,PROD0079,138,10
OIID96461,ORD53429,PROD0085,23,40
OIID21512,ORD53429,PROD0043,48,20
OIID16456,ORD53429,PROD0123,34,12
OIID52384,ORD43900,PROD0136,29,10
OIID91645,ORD43900,PROD0146,57,15
OIID59795,ORD43900,PROD0059,6,150
OIID41573,ORD43900,PROD0072,137,13
OIID99320,ORD42335,PROD0103,15,50
OIID99974,ORD42335,PROD0008,8,200
OIID38220,ORD58479,PROD0052,1,330
OIID69733,ORD58479,PROD0003,14,350
OIID80585,ORD58479,PROD0124,13,60
OIID49790,ORD49311,PROD0023,59,19
OIID83565,ORD49311,PROD0101,14,35
OIID57879,ORD51020,PROD0120,11,23
OIID59945,ORD51020,PROD0134,56,16
OIID11232,ORD51020,PROD0038,54,13
OIID34298,ORD51020,PROD0023,2,19
OIID15968,ORD63412,PROD0102,168,7
OIID72089,ORD63412,PROD0007,31,60
OIID16329,ORD63412,PROD0021,8,300
OIID62588,ORD96232,PROD0066,6,400
OIID89860,ORD96232,PROD0050,139,10
OIID25046,ORD55105,PROD0072,147,13
OIID62530,ORD55105,PROD0087,9,90
OIID59301,ORD55105,PROD0003,2,350
OIID24298,ORD55105,PROD0076,47,15
OIID73741,ORD45975,PROD0076,117,15
OIID80248,ORD45975,PROD0059,8,150
OIID34630,ORD45975,PROD0140,72,12
OIID73591,ORD45975,PROD0127,91,9
OIID71460,ORD84578,PROD0136,210,10
OIID13288,ORD84578,PROD0116,211,9
OIID30114,ORD36321,PROD0038,100,13
OIID29885,ORD36321,PROD0065,30,180
OIID97947,ORD53151,PROD0097,61,20
OIID20928,ORD53151,PROD0130,99,10
OIID74453,ORD22179,PROD0060,15,100
OIID69469,ORD22179,PROD0086,14,50
OIID16322,ORD22179,PROD0007,4,60
OIID50601,ORD22179,PROD0018,99,16
OIID66462,ORD95156,PROD0014,7,120
OIID92844,ORD95156,PROD0021,7,300
OIID94148,ORD95156,PROD0028,2,115
OIID33840,ORD95156,PROD0099,19,100
OIID29522,ORD39059,PROD0027,8,90
OIID92846,ORD39059,PROD0029,210,7
OIID96802,ORD11085,PROD0101,62,35
OIID93586,ORD11085,PROD0116,62,9
OIID26674,ORD50130,PROD0116,199,9
OIID35746,ORD50130,PROD0112,15,25
OIID95155,ORD50130,PROD0052,3,330
OIID48443,ORD50130,PROD0034,5,89
OIID95646,ORD47145,PROD0147,11,100
OIID30213,ORD47145,PROD0015,213,13
OIID79827,ORD47145,PROD0047,71,17
OIID43972,ORD47145,PROD0055,8,160
OIID25712,ORD81495,PROD0026,1,105
OIID46714,ORD81495,PROD0086,7,50
OIID21710,ORD81495,PROD0140,80,12
OIID97862,ORD81495,PROD0085,14,40
OIID26124,ORD47362,PROD0011,33,65
OIID82862,ORD47362,PROD0025,10,140
OIID27745,ORD47362,PROD0052,8,330
OIID75840,ORD47362,PROD0072,87,13
OIID47146,ORD47362,PROD0113,7,19
OIID38531,ORD47362,PROD0022,59,50
OIID37821,ORD80745,PROD0008,16,200
OIID49257,ORD80745,PROD0099,20,100
OIID85381,ORD25384,PROD0039,2,280
OIID55315,ORD25384,PROD0067,7,90
OIID67089,ORD25384,PROD0149,73,15
OIID60371,ORD25384,PROD0013,31,95
OIID50535,ORD52814,PROD0106,1,150
OIID94333,ORD52814,PROD0032,20,30
OIID43868,ORD52814,PROD0023,65,19
OIID52585,ORD52814,PROD0046,361,5
OIID45901,ORD52814,PROD0001,113,25
OIID69661,ORD57664,PROD0023,40,19
OIID46185,ORD57664,PROD0092,14,35
OIID66465,ORD57664,PROD0028,5,115
OIID47977,ORD57664,PROD0145,116,9
OIID96167,ORD75412,PROD0087,2,90
OIID46208,ORD75412,PROD0060,7,100
OIID78800,ORD75412,PROD0125,8,42
OIID30397,ORD75412,PROD0079,76,10
OIID94098,ORD49154,PROD0116,182,9
OIID10100,ORD49154,PROD0065,7,180
OIID98060,ORD49154,PROD0085,39,40
OIID95087,ORD49154,PROD0004,26,50
OIID24433,ORD49154,PROD0046,14,5
OIID16572,ORD13330,PROD0133,83,7
OIID33676,ORD13330,PROD0004,33,50
OIID97356,ORD34326,PROD0067,17,90
OIID52359,ORD34326,PROD0126,20,24
OIID50342,ORD34326,PROD0066,4,400
OIID50386,ORD19101,PROD0021,20,300
OIID15191,ORD19101,PROD0112,68,25
OIID30459,ORD19101,PROD0050,47,10
OIID81725,ORD19101,PROD0046,508,5
OIID37220,ORD19101,PROD0004,21,50
OIID77728,ORD19101,PROD0105,4,80
OIID60776,ORD39594,PROD0045,146,7
OIID12416,ORD39594,PROD0101,49,35
OIID40993,ORD39594,PROD0052,4,330
OIID89990,ORD39594,PROD0038,210,13
OIID52547,ORD39594,PROD0116,84,9
OIID26262,ORD39594,PROD0066,1,400
OIID42703,ORD48827,PROD0147,13,100
OIID58192,ORD48827,PROD0150,3,35
OIID45780,ORD82036,PROD0125,23,42
OIID63912,ORD82036,PROD0076,130,15
OIID79560,ORD82036,PROD0141,48,22
OIID92906,ORD82036,PROD0046,339,5
OIID51361,ORD97937,PROD0035,42,25
OIID26001,ORD97937,PROD0103,5,50
OIID52809,ORD83422,PROD0038,12,13
OIID75325,ORD83422,PROD0043,9,20
OIID44672,ORD83422,PROD0025,8,140
OIID80138,ORD83422,PROD0095,9,50
OIID88894,ORD83422,PROD0146,49,15
OIID15576,ORD45016,PROD0094,41,15
OIID20643,ORD45016,PROD0002,23,90
OIID69936,ORD45016,PROD0016,37,45
OIID14315,ORD45016,PROD0085,37,40
OIID50993,ORD45016,PROD0136,157,10
OIID48907,ORD22532,PROD0087,5,90
OIID89006,ORD22532,PROD0021,15,300
OIID16242,ORD22002,PROD0127,147,9
OIID89718,ORD22002,PROD0025,10,140
OIID85988,ORD22002,PROD0047,28,17
OIID54103,ORD38168,PROD0146,109,15
OIID27218,ORD38168,PROD0106,11,150
OIID23638,ORD38168,PROD0045,225,7
OIID35880,ORD86538,PROD0100,8,90
OIID85610,ORD86538,PROD0140,112,12
OIID12002,ORD30416,PROD0070,45,40
OIID15309,ORD30416,PROD0141,52,22
OIID59346,ORD12602,PROD0147,29,100
OIID37829,ORD12602,PROD0046,418,5
OIID69080,ORD12602,PROD0038,68,13
OIID65448,ORD12602,PROD0097,34,20
OIID57713,ORD12602,PROD0014,16,120
OIID14106,ORD40710,PROD0034,32,89
OIID29217,ORD40710,PROD0121,19,28
OIID37385,ORD40710,PROD0105,15,80
OIID64183,ORD40710,PROD0141,5,22
OIID30945,ORD40710,PROD0038,55,13
OIID84959,ORD64687,PROD0105,1,80
OIID25748,ORD64687,PROD0081,2,45
OIID81489,ORD46606,PROD0101,6,35
OIID43180,ORD46606,PROD0146,143,15
OIID16842,ORD61121,PROD0014,4,120
OIID95813,ORD61121,PROD0059,11,150
OIID49523,ORD61121,PROD0079,139,10
OIID39924,ORD61121,PROD0139,67,15
OIID80696,ORD61121,PROD0096,4,130
OIID16662,ORD61121,PROD0112,29,25
OIID35895,ORD68339,PROD0140,31,12
OIID23879,ORD68339,PROD0101,44,35
OIID83106,ORD68339,PROD0072,173,13
OIID80797,ORD68339,PROD0009,1,250
OIID23365,ORD87456,PROD0147,37,100
OIID30252,ORD87456,PROD0012,61,85
OIID96482,ORD87456,PROD0034,3,89
OIID55475,ORD87456,PROD0055,13,160
OIID66453,ORD87456,PROD0039,2,280
OIID25308,ORD87456,PROD0125,26,42
OIID57678,ORD16741,PROD0032,3,30
OIID23494,ORD16741,PROD0116,125,9
OIID92184,ORD16741,PROD0008,11,200
OIID68227,ORD16741,PROD0115,22,14
OIID34278,ORD16741,PROD0042,14,22
OIID37363,ORD16741,PROD0083,26,30
OIID45444,ORD52613,PROD0073,81,13
OIID65215,ORD52613,PROD0139,23,15
OIID77781,ORD52613,PROD0053,5,219
OIID66422,ORD80027,PROD0062,24,35
OIID21574,ORD80027,PROD0135,11,9
OIID74411,ORD80027,PROD0100,2,90
OIID20082,ORD80027,PROD0127,55,9
OIID40179,ORD93572,PROD0034,20,89
OIID81306,ORD93572,PROD0121,29,28
OIID53282,ORD93572,PROD0115,41,14
OIID39715,ORD93572,PROD0043,40,20
OIID29173,ORD93572,PROD0015,176,13
OIID19714,ORD97960,PROD0134,69,16
OIID44769,ORD97960,PROD0017,51,20
OIID67906,ORD97960,PROD0096,3,130
OIID43104,ORD19607,PROD0065,24,180
OIID90130,ORD19607,PROD0036,50,9
OIID94962,ORD16531,PROD0050,194,10
OIID31917,ORD16531,PROD0038,162,13
OIID22625,ORD16531,PROD0034,16,89
OIID29014,ORD16531,PROD0076,4,15
OIID53046,ORD78434,PROD0074,58,20
OIID24300,ORD78434,PROD0060,31,100
OIID22096,ORD78434,PROD0119,62,20
OIID45467,ORD78434,PROD0123,74,12
OIID13367,ORD88699,PROD0038,106,13
OIID50315,ORD88699,PROD0056,9,210
OIID94048,ORD88699,PROD0034,25,89
OIID12241,ORD88699,PROD0116,245,9
OIID52222,ORD51120,PROD0092,40,35
OIID65824,ORD51120,PROD0126,25,24
OIID89272,ORD51120,PROD0028,1,115
OIID78608,ORD17447,PROD0075,91,20
OIID82161,ORD17447,PROD0146,38,15
OIID93509,ORD51489,PROD0088,17,27
OIID63307,ORD51489,PROD0032,19,30
OIID41491,ORD51489,PROD0082,15,33
OIID41743,ORD51489,PROD0123,12,12
OIID75277,ORD28394,PROD0046,171,5
OIID91984,ORD28394,PROD0125,3,42
OIID32998,ORD28394,PROD0100,16,90
OIID74661,ORD28394,PROD0116,189,9
OIID25612,ORD28394,PROD0092,10,35
OIID82330,ORD69053,PROD0112,48,25
OIID98149,ORD69053,PROD0076,35,15
OIID57240,ORD69053,PROD0001,49,25
OIID50218,ORD69053,PROD0045,492,7
OIID97958,ORD69053,PROD0038,76,13
OIID82813,ORD69053,PROD0004,57,50
OIID14428,ORD98506,PROD0060,9,100
OIID15168,ORD98506,PROD0076,39,15
OIID21677,ORD98506,PROD0038,98,13
OIID28280,ORD98506,PROD0105,38,80
OIID25115,ORD98506,PROD0092,52,35
OIID53037,ORD98506,PROD0027,18,90
OIID58617,ORD80744,PROD0052,1,330
OIID99522,ORD80744,PROD0001,96,25
OIID82993,ORD82789,PROD0070,56,40
OIID55013,ORD82789,PROD0039,7,280
OIID88840,ORD82789,PROD0061,1,550
OIID33766,ORD82789,PROD0130,84,10
OIID10624,ORD51906,PROD0017,1,20
OIID14600,ORD51906,PROD0094,52,15
OIID49987,ORD51906,PROD0115,36,14
OIID13099,ORD51906,PROD0066,11,400
OIID35537,ORD51906,PROD0075,102,20
OIID70729,ORD14970,PROD0115,74,14
OIID37273,ORD14970,PROD0114,7,45
OIID94637,ORD14970,PROD0143,105,11
OIID73627,ORD14970,PROD0093,16,28
OIID30148,ORD14970,PROD0136,110,10
OIID85031,ORD78023,PROD0001,71,25
OIID34794,ORD78023,PROD0085,14,40
OIID99969,ORD78023,PROD0092,52,35
OIID83948,ORD25152,PROD0059,11,150
OIID77138,ORD25152,PROD0060,19,100
OIID88243,ORD25152,PROD0112,33,25
OIID31782,ORD25152,PROD0150,22,35
OIID25297,ORD77072,PROD0016,14,45
OIID82839,ORD77072,PROD0116,3,9
OIID83336,ORD77072,PROD0150,11,35
OIID96568,ORD98663,PROD0036,68,9
OIID72046,ORD98663,PROD0052,3,330
OIID61177,ORD98663,PROD0110,31,50
OIID54169,ORD98663,PROD0018,23,16
OIID97884,ORD45235,PROD0137,49,14
OIID56396,ORD45235,PROD0007,7,60
OIID42559,ORD45235,PROD0106,17,150
OIID39236,ORD45235,PROD0130,18,10
OIID54583,ORD91509,PROD0112,46,25
OIID94314,ORD91509,PROD0096,10,130
OIID84511,ORD91509,PROD0070,65,40
OIID11639,ORD78496,PROD0096,13,130
OIID45433,ORD78496,PROD0113,70,19
OIID44492,ORD78496,PROD0089,87,12
OIID79002,ORD99265,PROD0106,7,150
OIID32248,ORD99265,PROD0103,19,50
OIID38058,ORD99265,PROD0135,37,9
OIID85256,ORD99265,PROD0009,7,250
OIID60382,ORD99265,PROD0056,2,210
OIID51981,ORD12569,PROD0008,8,200
OIID23824,ORD12569,PROD0093,16,28
OIID45036,ORD12569,PROD0007,16,60
OIID59368,ORD12569,PROD0053,9,219
OIID68970,ORD12569,PROD0130,105,10
OIID90760,ORD12569,PROD0046,503,5
OIID61704,ORD24695,PROD0143,18,11
OIID40142,ORD24695,PROD0110,69,50
OIID62342,ORD24695,PROD0047,74,17
OIID21426,ORD24695,PROD0092,26,35
OIID31722,ORD24695,PROD0135,42,9
OIID74364,ORD24695,PROD0050,233,10
OIID34073,ORD58401,PROD0053,19,219
OIID77108,ORD58401,PROD0018,93,16
OIID90076,ORD58401,PROD0087,13,90
OIID26264,ORD44812,PROD0041,98,6
OIID32166,ORD44812,PROD0092,54,35
OIID20330,ORD44812,PROD0027,12,90
OIID22880,ORD44812,PROD0036,84,9
OIID76250,ORD77722,PROD0109,25,35
OIID74169,ORD77722,PROD0142,72,25
OIID64209,ORD77722,PROD0141,31,22
OIID77405,ORD77722,PROD0149,74,15
OIID79625,ORD77722,PROD0047,60,17
OIID94099,ORD24674,PROD0062,31,35
OIID12199,ORD24674,PROD0022,1,50
OIID87769,ORD24674,PROD0018,5,16
OIID52278,ORD24674,PROD0025,12,140
OIID98615,ORD59931,PROD0070,75,40
OIID88452,ORD59931,PROD0066,6,400
OIID68609,ORD59931,PROD0005,10,80
OIID38831,ORD59931,PROD0008,15,200
OIID81040,ORD21463,PROD0040,69,16
OIID13877,ORD21463,PROD0072,144,13
OIID59207,ORD21463,PROD0130,84,10
OIID32517,ORD94038,PROD0100,2,90
OIID45888,ORD94038,PROD0035,23,25
OIID56552,ORD94038,PROD0032,24,30
OIID15455,ORD94038,PROD0054,17,289
OIID66528,ORD94038,PROD0121,24,28
OIID90686,ORD19033,PROD0008,21,200
OIID36795,ORD19033,PROD0027,21,90
OIID65072,ORD19033,PROD0106,14,150
OIID75841,ORD19033,PROD0018,42,16
OIID78094,ORD19033,PROD0126,39,24
OIID48962,ORD59367,PROD0125,14,42
OIID11370,ORD59367,PROD0022,42,50
OIID20291,ORD59367,PROD0045,296,7
OIID98560,ORD59367,PROD0008,1,200
OIID46423,ORD59367,PROD0023,55,19
OIID11593,ORD59367,PROD0028,41,115
OIID64669,ORD54641,PROD0087,8,90
OIID58731,ORD54641,PROD0028,17,115
OIID17919,ORD22416,PROD0086,23,50
OIID50409,ORD22416,PROD0056,14,210
OIID20163,ORD79872,PROD0035,56,25
OIID82458,ORD79872,PROD0023,174,19
OIID15403,ORD77521,PROD0024,55,10
OIID75912,ORD77521,PROD0046,177,5
OIID27125,ORD77521,PROD0134,77,16
OIID60469,ORD77521,PROD0032,15,30
OIID71068,ORD77521,PROD0045,138,7
OIID50301,ORD28817,PROD0004,59,50
OIID42030,ORD28817,PROD0090,11,210
OIID17011,ORD28817,PROD0105,1,80
OIID33084,ORD55221,PROD0105,22,80
OIID91335,ORD55221,PROD0123,65,12
OIID50358,ORD55221,PROD0093,57,28
OIID58278,ORD70201,PROD0107,6,130
OIID16110,ORD70201,PROD0136,179,10
OIID95129,ORD70201,PROD0094,102,15
OIID54211,ORD70201,PROD0002,22,90
OIID84574,ORD70201,PROD0119,10,20
OIID34587,ORD70201,PROD0106,11,150
OIID51775,ORD75779,PROD0016,35,45
OIID69175,ORD75779,PROD0120,38,23
OIID99188,ORD75779,PROD0080,184,9
OIID97151,ORD75779,PROD0070,20,40
OIID31587,ORD24464,PROD0034,1,89
OIID32571,ORD24464,PROD0076,102,15
OIID38100,ORD24464,PROD0002,32,90
OIID49197,ORD24464,PROD0105,30,80
OIID18500,ORD21039,PROD0099,20,100
OIID72530,ORD21039,PROD0063,1,10
OIID46374,ORD21039,PROD0139,46,15
OIID95503,ORD21039,PROD0085,29,40
OIID85741,ORD99506,PROD0113,53,19
OIID66218,ORD99506,PROD0053,15,219
OIID54529,ORD99506,PROD0055,5,160
OIID87740,ORD99506,PROD0038,25,13
OIID62943,ORD25359,PROD0073,87,13
OIID97789,ORD25359,PROD0062,43,35
OIID34403,ORD71242,PROD0050,218,10
OIID21652,ORD71242,PROD0058,71,35
OIID92917,ORD71242,PROD0062,11,35
OIID75931,ORD51619,PROD0086,20,50
OIID34731,ORD51619,PROD0029,339,7
OIID11296,ORD98883,PROD0023,76,19
OIID92960,ORD98883,PROD0076,36,15
OIID10339,ORD14799,PROD0103,8,50
OIID34187,ORD14799,PROD0132,111,18
OIID55069,ORD14799,PROD0076,78,15
OIID62054,ORD14799,PROD0055,18,160
OIID40244,ORD14799,PROD0028,20,115
OIID80492,ORD48519,PROD0046,596,5
OIID37930,ORD48519,PROD0081,29,45
OIID95061,ORD48519,PROD0105,10,80
OIID69906,ORD48627,PROD0049,348,9
OIID20700,ORD48627,PROD0077,85,16
OIID71694,ORD48627,PROD0017,85,20
OIID93565,ORD15721,PROD0075,26,20
OIID78267,ORD15721,PROD0073,67,13
OIID79689,ORD15721,PROD0025,9,140
OIID12536,ORD15721,PROD0027,9,90
OIID43616,ORD15721,PROD0110,2,50
OIID63589,ORD51155,PROD0014,26,120
OIID80772,ORD51155,PROD0040,13,16
OIID88094,ORD51155,PROD0072,125,13
OIID83576,ORD91708,PROD0004,18,50
OIID14538,ORD91708,PROD0079,136,10
OIID46695,ORD91708,PROD0028,5,115
OIID76106,ORD91708,PROD0021,6,300
OIID51524,ORD91708,PROD0036,93,9
OIID35418,ORD91708,PROD0060,18,100
OIID12921,ORD86600,PROD0045,247,7
OIID30933,ORD86600,PROD0141,48,22
OIID54274,ORD86600,PROD0132,126,18
OIID57255,ORD86600,PROD0038,124,13
OIID81566,ORD42729,PROD0130,216,10
OIID93924,ORD42729,PROD0145,191,9
OIID81653,ORD42729,PROD0113,4,19
OIID26950,ORD91797,PROD0007,3,60
OIID23361,ORD91797,PROD0034,40,89
OIID19680,ORD24661,PROD0087,14,90
OIID41794,ORD24661,PROD0105,1,80
OIID26497,ORD24661,PROD0080,3,9
OIID21536,ORD24661,PROD0032,17,30
OIID85126,ORD48241,PROD0038,58,13
OIID69877,ORD48241,PROD0092,3,35
OIID78100,ORD67754,PROD0123,31,12
OIID65061,ORD67754,PROD0107,15,130
OIID36764,ORD67754,PROD0027,12,90
OIID15819,ORD67754,PROD0116,155,9
OIID63043,ORD15698,PROD0082,33,33
OIID73462,ORD15698,PROD0114,16,45
OIID13090,ORD15698,PROD0038,17,13
OIID80001,ORD15698,PROD0136,151,10
OIID85298,ORD29056,PROD0005,60,80
OIID89782,ORD29056,PROD0123,94,12
OIID25267,ORD29056,PROD0150,22,35
OIID69670,ORD94631,PROD0012,66,85
OIID94739,ORD94631,PROD0056,10,210
OIID97399,ORD24662,PROD0102,215,7
OIID84607,ORD24662,PROD0004,42,50
OIID51916,ORD24662,PROD0035,57,25
OIID90492,ORD24662,PROD0140,55,12
OIID66938,ORD17379,PROD0092,27,35
OIID16693,ORD17379,PROD0066,3,400
OIID99378,ORD39430,PROD0055,15,160
OIID76173,ORD39430,PROD0100,18,90
OIID39515,ORD39430,PROD0114,6,45
OIID83080,ORD39430,PROD0054,3,289
OIID23856,ORD39430,PROD0014,25,120
OIID31790,ORD39430,PROD0045,261,7
OIID39449,ORD77455,PROD0106,17,150
OIID61116,ORD77455,PROD0101,48,35
OIID82428,ORD77455,PROD0121,35,28
OIID64599,ORD77455,PROD0092,48,35
OIID55347,ORD10690,PROD0085,10,40
OIID19868,ORD10690,PROD0054,12,289
OIID57340,ORD10690,PROD0061,3,550
OIID55491,ORD10690,PROD0141,37,22
OIID97721,ORD10690,PROD0045,61,7
OIID80552,ORD16413,PROD0101,46,35
OIID10317,ORD16413,PROD0130,149,10
OIID46135,ORD16413,PROD0056,13,210
OIID71705,ORD62204,PROD0102,207,7
OIID23164,ORD62204,PROD0034,20,89
OIID83710,ORD62204,PROD0003,15,350
OIID56438,ORD62204,PROD0012,6,85
OIID29827,ORD78568,PROD0101,65,35
OIID91712,ORD78568,PROD0078,48,16
OIID69351,ORD86602,PROD0070,15,40
OIID87181,ORD86602,PROD0112,57,25
OIID12521,ORD86602,PROD0059,6,150
OIID28458,ORD86602,PROD0121,38,28
OIID18003,ORD86602,PROD0126,29,24
OIID80618,ORD44777,PROD0082,14,33
OIID39090,ORD44777,PROD0059,21,150
OIID44361,ORD44777,PROD0107,14,130
OIID39087,ORD31423,PROD0038,12,13
OIID47315,ORD31423,PROD0005,23,80
OIID89557,ORD31423,PROD0041,8,6
OIID72312,ORD31423,PROD0028,26,115
OIID69978,ORD31423,PROD0060,10,100
OIID95721,ORD31423,PROD0093,17,28
OIID90092,ORD19009,PROD0083,37,30
OIID95619,ORD19009,PROD0090,2,210
OIID93131,ORD58429,PROD0140,165,12
OIID60396,ORD58429,PROD0034,25,89
OIID24547,ORD30203,PROD0046,75,5
OIID44734,ORD30203,PROD0085,27,40
OIID19415,ORD83206,PROD0114,10,45
OIID61374,ORD83206,PROD0076,124,15
OIID85088,ORD83206,PROD0096,14,130
OIID65899,ORD83206,PROD0056,1,210
OIID69432,ORD83206,PROD0104,28,90
OIID28868,ORD90159,PROD0141,55,22
OIID41816,ORD90159,PROD0146,157,15
OIID20004,ORD90159,PROD0072,67,13
OIID28632,ORD90159,PROD0126,44,24
OIID37937,ORD90159,PROD0001,69,25
OIID82808,ORD90159,PROD0027,13,90
OIID52406,ORD15768,PROD0126,54,24
OIID71692,ORD15768,PROD0125,24,42
OIID65296,ORD15768,PROD0076,97,15
OIID46237,ORD15768,PROD0056,13,210
OIID52675,ORD15768,PROD0116,241,9
OIID33090,ORD51732,PROD0076,106,15
OIID60646,ORD51732,PROD0041,61,6
OIID17896,ORD51732,PROD0014,14,120
OIID74649,ORD96469,PROD0012,43,85
OIID67169,ORD96469,PROD0004,28,50
OIID37473,ORD84222,PROD0122,344,6
OIID12206,ORD84222,PROD0065,13,180
OIID36337,ORD84222,PROD0024,211,10
OIID61878,ORD79158,PROD0109,64,35
OIID23614,ORD79158,PROD0113,60,19
OIID82931,ORD79158,PROD0014,25,120
OIID57791,ORD90283,PROD0097,30,20
OIID46222,ORD90283,PROD0146,46,15
OIID40322,ORD90283,PROD0135,135,9
OIID13021,ORD90283,PROD0107,5,130
OIID87386,ORD47489,PROD0014,20,120
OIID12748,ORD47489,PROD0069,68,25
OIID50589,ORD47489,PROD0129,121,8
OIID39550,ORD97782,PROD0036,61,9
OIID87658,ORD97782,PROD0106,15,150
OIID60539,ORD97782,PROD0002,40,90
OIID53221,ORD97782,PROD0047,50,17
OIID47263,ORD97782,PROD0028,32,115
OIID25763,ORD97782,PROD0046,198,5
OIID44154,ORD89207,PROD0025,9,140
OIID59908,ORD89207,PROD0034,29,89
OIID30875,ORD44098,PROD0066,12,400
OIID36866,ORD44098,PROD0113,76,19
OIID95033,ORD44098,PROD0126,61,24
OIID75907,ORD39884,PROD0007,28,60
OIID90101,ORD39884,PROD0046,379,5
OIID44029,ORD39884,PROD0008,12,200
OIID96394,ORD54831,PROD0083,39,30
OIID85771,ORD54831,PROD0082,75,33
OIID62309,ORD54831,PROD0146,81,15
OIID90514,ORD54831,PROD0107,14,130
OIID93421,ORD54831,PROD0106,5,150
OIID94035,ORD72158,PROD0053,10,219
OIID89798,ORD72158,PROD0086,9,50
OIID75050,ORD72158,PROD0059,17,150
OIID49187,ORD80108,PROD0007,31,60
OIID82710,ORD80108,PROD0004,25,50
OIID81961,ORD31836,PROD0133,59,7
OIID37766,ORD31836,PROD0116,248,9
OIID45338,ORD31836,PROD0015,175,13
OIID58520,ORD31836,PROD0012,28,85
OIID69016,ORD31836,PROD0150,11,35
OIID47759,ORD41601,PROD0034,36,89
OIID37806,ORD41601,PROD0022,36,50
OIID56065,ORD94212,PROD0129,53,8
OIID59334,ORD94212,PROD0146,74,15
OIID97497,ORD94212,PROD0094,114,15
OIID91993,ORD52745,PROD0036,70,9
OIID65033,ORD52745,PROD0046,14,5
OIID30188,ORD91202,PROD0079,1,10
OIID80527,ORD91202,PROD0043,29,20
OIID65292,ORD95081,PROD0034,16,89
OIID17713,ORD95081,PROD0014,22,120
OIID31204,ORD95081,PROD0009,6,250
OIID42158,ORD99270,PROD0119,27,20
OIID45511,ORD99270,PROD0014,6,120
OIID46710,ORD99270,PROD0139,41,15
OIID44407,ORD99270,PROD0116,39,9
OIID97590,ORD99270,PROD0065,10,180
OIID76483,ORD99270,PROD0101,19,35
OIID97872,ORD83720,PROD0001,117,25
OIID45629,ORD83720,PROD0003,7,350
OIID45677,ORD83720,PROD0056,7,210
OIID57098,ORD83720,PROD0016,34,45
OIID97277,ORD83720,PROD0114,47,45
OIID42469,ORD83720,PROD0140,88,12
OIID78928,ORD57881,PROD0072,163,13
OIID20417,ORD57881,PROD0116,206,9
OIID91178,ORD57881,PROD0052,7,330
OIID22594,ORD57881,PROD0056,7,210
OIID19679,ORD58014,PROD0052,7,330
OIID64554,ORD58014,PROD0023,193,19
OIID97403,ORD58014,PROD0082,31,33
OIID55749,ORD58014,PROD0045,265,7
OIID49735,ORD47520,PROD0135,67,9
OIID20255,ORD47520,PROD0002,11,90
OIID98517,ORD47520,PROD0063,29,10
OIID88742,ORD47520,PROD0103,9,50
OIID38019,ORD47520,PROD0095,29,50
OIID80972,ORD58384,PROD0121,31,28
OIID97164,ORD58384,PROD0105,13,80
OIID90627,ORD58384,PROD0014,12,120
OIID82535,ORD58384,PROD0066,3,400
OIID97651,ORD60181,PROD0095,14,50
OIID41987,ORD60181,PROD0001,46,25
OIID98396,ORD60181,PROD0096,14,130
OIID15443,ORD60181,PROD0083,14,30
OIID69758,ORD84699,PROD0027,4,90
OIID29915,ORD84699,PROD0105,37,80
OIID43309,ORD84699,PROD0116,56,9
OIID85462,ORD84699,PROD0136,117,10
OIID96933,ORD25278,PROD0034,32,89
OIID14578,ORD25278,PROD0100,15,90
OIID92527,ORD25278,PROD0014,9,120
OIID88252,ORD25278,PROD0130,57,10
OIID59130,ORD25278,PROD0081,53,45
OIID40102,ORD25278,PROD0045,237,7
OIID85197,ORD14964,PROD0052,11,330
OIID44050,ORD14964,PROD0032,6,30
OIID85792,ORD14964,PROD0060,2,100
OIID27174,ORD14964,PROD0093,70,28
OIID67426,ORD14964,PROD0106,5,150
OIID33536,ORD14964,PROD0133,138,7
OIID73572,ORD78853,PROD0020,33,40
OIID92618,ORD78853,PROD0073,55,13
OIID63399,ORD78853,PROD0094,33,15
OIID86811,ORD78853,PROD0018,118,16
OIID37395,ORD78853,PROD0057,20,8
OIID54199,ORD78853,PROD0036,70,9
OIID51099,ORD27256,PROD0052,5,330
OIID24704,ORD27256,PROD0038,175,13
OIID36462,ORD27256,PROD0136,151,10
OIID11148,ORD27256,PROD0096,3,130
OIID30007,ORD27256,PROD0132,63,18
OIID89949,ORD27256,PROD0034,27,89
OIID15560,ORD89865,PROD0116,52,9
OIID94898,ORD89865,PROD0132,52,18
OIID34129,ORD45347,PROD0132,11,18
OIID28228,ORD45347,PROD0090,1,210
OIID38385,ORD45347,PROD0002,45,90
OIID26814,ORD45347,PROD0123,65,12
OIID28820,ORD45347,PROD0076,55,15
OIID43727,ORD73842,PROD0003,8,350
OIID96880,ORD73842,PROD0110,14,50
OIID32070,ORD73842,PROD0011,22,65
OIID38287,ORD73842,PROD0095,24,50
OIID81373,ORD32887,PROD0150,48,35
OIID20140,ORD32887,PROD0140,62,12
OIID97306,ORD32887,PROD0086,11,50
OIID71742,ORD75807,PROD0076,133,15
OIID44317,ORD75807,PROD0070,31,40
OIID66518,ORD75807,PROD0100,2,90
OIID51272,ORD75807,PROD0014,20,120
OIID58576,ORD34132,PROD0054,12,289
OIID62776,ORD34132,PROD0050,53,10
OIID71763,ORD34132,PROD0012,75,85
OIID37925,ORD34196,PROD0140,109,12
OIID49933,ORD34196,PROD0046,240,5
OIID76832,ORD34196,PROD0003,5,350
OIID14446,ORD34196,PROD0132,13,18
OIID13174,ORD63591,PROD0028,13,115
OIID70581,ORD63591,PROD0101,77,35
OIID43899,ORD63591,PROD0027,7,90
OIID35248,ORD63591,PROD0065,30,180
OIID53599,ORD63591,PROD0086,20,50
OIID52303,ORD80918,PROD0056,12,210
OIID46270,ORD80918,PROD0086,2,50
OIID87391,ORD44957,PROD0056,2,210
OIID60879,ORD44957,PROD0038,5,13
OIID79237,ORD44957,PROD0096,12,130
OIID96000,ORD44957,PROD0092,1,35
OIID54598,ORD44957,PROD0116,11,9
OIID45808,ORD44957,PROD0072,116,13
OIID62806,ORD90555,PROD0032,3,30
OIID97834,ORD90555,PROD0076,162,15
OIID37987,ORD68506,PROD0085,26,40
OIID62956,ORD68506,PROD0065,6,180
OIID25935,ORD68506,PROD0052,5,330
OIID29649,ORD68506,PROD0136,146,10
OIID35016,ORD68506,PROD0004,7,50
OIID76537,ORD68506,PROD0125,19,42
OIID20746,ORD56623,PROD0056,3,210
OIID16984,ORD56623,PROD0116,142,9
OIID57146,ORD56623,PROD0112,94,25
OIID56345,ORD56623,PROD0132,110,18
OIID59169,ORD56623,PROD0136,19,10
OIID63053,ORD56623,PROD0014,11,120
OIID63119,ORD99464,PROD0019,14,160
OIID21523,ORD99464,PROD0139,10,15
OIID72734,ORD54134,PROD0075,23,20
OIID84036,ORD54134,PROD0130,253,10
OIID43553,ORD54134,PROD0018,56,16
OIID54889,ORD54134,PROD0118,42,17
OIID14702,ORD47035,PROD0148,20,27
OIID93887,ORD47035,PROD0075,51,20
OIID64056,ORD47035,PROD0092,44,35
OIID49492,ORD47035,PROD0105,34,80
OIID86698,ORD47035,PROD0126,45,24
OIID41994,ORD18268,PROD0092,24,35
OIID30720,ORD18268,PROD0076,51,15
OIID14729,ORD18268,PROD0038,170,13
OIID43847,ORD48424,PROD0139,58,15
OIID65518,ORD48424,PROD0141,55,22
OIID50021,ORD48424,PROD0002,44,90
OIID33259,ORD51125,PROD0134,4,16
OIID88806,ORD51125,PROD0124,24,60
OIID33556,ORD51125,PROD0150,39,35
OIID57216,ORD51125,PROD0117,64,15
OIID88497,ORD51125,PROD0082,72,33
OIID45528,ORD24789,PROD0018,105,16
OIID27746,ORD24789,PROD0052,14,330
OIID28557,ORD24789,PROD0116,72,9
OIID40968,ORD44571,PROD0012,4,85
OIID41597,ORD44571,PROD0092,50,35
OIID38249,ORD44571,PROD0017,75,20
OIID78448,ORD44571,PROD0114,42,45
OIID36295,ORD44571,PROD0067,7,90
OIID22221,ORD44571,PROD0079,48,10
OIID72946,ORD46142,PROD0045,411,7
OIID70225,ORD46142,PROD0036,36,9
OIID47588,ORD46142,PROD0037,36,15
OIID20479,ORD84525,PROD0121,22,28
OIID59355,ORD84525,PROD0018,56,16
OIID73897,ORD84525,PROD0140,7,12
OIID46085,ORD84525,PROD0103,12,50
OIID51776,ORD55192,PROD0136,53,10
OIID61757,ORD55192,PROD0086,17,50
OIID38925,ORD55192,PROD0109,43,35
OIID41554,ORD55192,PROD0149,71,15
OIID91350,ORD55192,PROD0061,4,550
OIID79035,ORD56645,PROD0085,22,40
OIID93229,ORD56645,PROD0132,36,18
OIID40935,ORD56645,PROD0139,49,15
OIID74032,ORD56645,PROD0105,15,80
OIID17263,ORD64009,PROD0058,47,35
OIID74714,ORD64009,PROD0137,43,14
OIID30587,ORD64009,PROD0115,116,14
OIID89426,ORD64009,PROD0053,5,219
OIID52486,ORD64009,PROD0070,8,40
OIID35425,ORD24587,PROD0045,494,7
OIID67305,ORD24587,PROD0011,29,65
OIID89829,ORD24587,PROD0147,24,100
OIID87304,ORD24587,PROD0123,5,12
OIID67378,ORD24587,PROD0029,167,7
OIID92782,ORD24587,PROD0014,6,120
OIID41763,ORD26144,PROD0035,48,25
OIID78034,ORD26144,PROD0033,50,40
OIID25196,ORD26144,PROD0036,13,9
OIID53514,ORD26144,PROD0040,36,16
OIID46604,ORD26144,PROD0028,17,115
OIID69872,ORD26144,PROD0125,5,42
OIID51740,ORD48483,PROD0034,8,89
OIID83420,ORD48483,PROD0010,45,35
OIID23324,ORD48483,PROD0086,8,50
OIID99681,ORD28563,PROD0116,3,9
OIID56805,ORD28563,PROD0086,28,50
OIID11615,ORD28563,PROD0106,3,150
OIID31892,ORD28563,PROD0125,3,42
OIID76548,ORD72442,PROD0012,19,85
OIID69265,ORD72442,PROD0008,6,200
OIID58643,ORD16849,PROD0070,36,40
OIID62133,ORD16849,PROD0065,3,180
OIID10352,ORD16849,PROD0119,28,20
OIID25710,ORD16849,PROD0116,190,9
OIID39007,ORD77761,PROD0056,15,210
OIID38051,ORD77761,PROD0112,8,25
OIID82999,ORD77761,PROD0072,48,13
OIID84483,ORD77761,PROD0116,61,9
OIID45911,ORD27282,PROD0145,161,9
OIID34092,ORD27282,PROD0047,57,17
OIID45078,ORD27282,PROD0127,52,9
OIID13347,ORD27282,PROD0115,81,14
OIID16392,ORD27282,PROD0049,44,9
OIID42547,ORD16701,PROD0076,100,15
OIID71334,ORD16701,PROD0089,17,12
OIID66447,ORD16701,PROD0090,1,210
OIID80691,ORD16701,PROD0135,99,9
OIID69453,ORD76543,PROD0129,35,8
OIID47764,ORD76543,PROD0112,8,25
OIID33353,ORD76543,PROD0035,50,25
OIID54122,ORD76543,PROD0095,27,50
OIID33022,ORD76543,PROD0107,2,130
OIID28876,ORD48999,PROD0014,4,120
OIID76444,ORD48999,PROD0085,8,40
OIID52105,ORD48999,PROD0114,41,45
OIID91912,ORD48999,PROD0003,6,350
OIID17793,ORD48999,PROD0036,32,9
OIID94448,ORD48999,PROD0074,81,20
OIID47738,ORD54475,PROD0125,2,42
OIID72818,ORD54475,PROD0081,4,45
OIID76398,ORD54475,PROD0140,85,12
OIID24334,ORD54475,PROD0018,34,16
OIID59887,ORD54475,PROD0070,24,40
OIID51131,ORD54475,PROD0090,4,210
OIID72809,ORD61184,PROD0106,17,150
OIID30896,ORD61184,PROD0018,99,16
OIID20261,ORD61184,PROD0072,146,13
OIID53511,ORD19809,PROD0080,183,9
OIID85391,ORD19809,PROD0115,54,14
OIID83813,ORD50752,PROD0001,79,25
OIID99612,ORD50752,PROD0106,1,150
OIID64396,ORD50752,PROD0050,179,10
OIID71428,ORD60127,PROD0018,104,16
OIID13409,ORD60127,PROD0024,283,10
OIID91058,ORD60127,PROD0043,70,20
OIID75857,ORD60127,PROD0146,130,15
OIID91094,ORD60127,PROD0085,15,40
OIID27434,ORD47485,PROD0132,124,18
OIID65894,ORD47485,PROD0028,7,115
OIID51673,ORD47485,PROD0116,144,9
OIID56782,ORD47485,PROD0147,34,100
OIID85813,ORD47485,PROD0122,217,6
OIID52756,ORD47485,PROD0015,300,13
OIID24725,ORD16432,PROD0096,7,130
OIID31576,ORD16432,PROD0081,18,45
OIID96600,ORD16432,PROD0112,87,25
OIID17873,ORD16432,PROD0076,169,15
OIID91029,ORD16432,PROD0125,28,42
OIID87889,ORD77219,PROD0061,5,550
OIID81199,ORD77219,PROD0065,3,180
OIID79462,ORD77219,PROD0099,7,100
OIID76584,ORD77219,PROD0076,122,15
OIID23925,ORD20596,PROD0023,152,19
OIID43469,ORD20596,PROD0002,8,90
OIID82489,ORD20596,PROD0085,8,40
OIID84775,ORD20596,PROD0001,11,25
OIID35101,ORD20596,PROD0143,119,11
OIID64523,ORD20596,PROD0146,27,15
OIID71945,ORD67315,PROD0132,118,18
OIID19930,ORD67315,PROD0138,178,7
OIID72040,ORD67315,PROD0078,350,16
OIID31039,ORD67315,PROD0038,100,13
OIID77240,ORD67315,PROD0067,15,90
OIID60652,ORD91692,PROD0099,26,100
OIID49724,ORD91692,PROD0050,238,10
OIID92839,ORD91692,PROD0116,47,9
OIID66508,ORD91692,PROD0046,528,5
OIID32676,ORD91692,PROD0066,10,400
OIID82520,ORD65278,PROD0074,19,20
OIID85325,ORD65278,PROD0121,5,28
OIID34428,ORD65278,PROD0100,6,90
OIID12198,ORD38239,PROD0061,6,550
OIID98414,ORD38239,PROD0150,17,35
OIID84550,ORD38239,PROD0066,8,400
OIID88413,ORD56800,PROD0023,96,19
OIID92539,ORD56800,PROD0110,3,50
OIID65460,ORD56800,PROD0130,263,10
OIID53609,ORD56800,PROD0142,45,25
OIID33043,ORD42531,PROD0132,95,18
OIID71438,ORD42531,PROD0136,78,10
OIID97666,ORD42531,PROD0034,29,89
OIID35619,ORD42531,PROD0076,52,15
OIID51939,ORD42531,PROD0112,57,25
OIID71616,ORD42531,PROD0116,79,9
OIID43685,ORD45404,PROD0132,10,18
OIID76670,ORD45404,PROD0014,12,120
OIID52947,ORD45404,PROD0106,4,150
OIID75814,ORD45404,PROD0046,591,5
OIID89179,ORD72989,PROD0123,2,12
OIID46172,ORD72989,PROD0039,5,280
OIID96322,ORD52911,PROD0119,91,20
OIID71160,ORD52911,PROD0074,62,20
OIID81219,ORD52911,PROD0105,29,80
OIID55519,ORD52911,PROD0150,50,35
OIID39000,ORD52911,PROD0045,7,7
OIID60959,ORD83760,PROD0038,219,13
OIID48544,ORD83760,PROD0014,23,120
OIID71202,ORD83760,PROD0055,18,160
OIID43033,ORD83760,PROD0132,113,18
OIID85541,ORD83760,PROD0107,2,130
OIID14590,ORD62070,PROD0011,18,65
OIID75712,ORD62070,PROD0005,85,80
OIID10549,ORD10416,PROD0030,40,35
OIID14463,ORD10416,PROD0015,164,13
OIID26273,ORD10416,PROD0117,49,15
OIID63349,ORD10193,PROD0059,3,150
OIID89061,ORD10193,PROD0114,43,45
OIID94954,ORD73705,PROD0134,19,16
OIID66133,ORD73705,PROD0053,16,219
OIID32845,ORD73705,PROD0132,46,18
OIID14097,ORD73705,PROD0016,13,45
OIID15785,ORD41650,PROD0008,22,200
OIID52825,ORD41650,PROD0080,208,9
OIID26649,ORD41650,PROD0077,53,16
OIID95715,ORD41650,PROD0149,86,15
OIID85909,ORD41650,PROD0059,12,150
OIID46672,ORD41650,PROD0003,7,350
OIID75534,ORD31806,PROD0054,13,289
OIID82526,ORD31806,PROD0145,15,9
OIID32881,ORD99435,PROD0045,262,7
OIID40001,ORD99435,PROD0056,10,210
OIID63636,ORD99435,PROD0146,5,15
OIID13000,ORD99435,PROD0125,24,42
OIID43840,ORD15883,PROD0123,129,12
OIID57968,ORD15883,PROD0035,17,25
OIID31609,ORD14803,PROD0066,5,400
OIID91194,ORD14803,PROD0045,250,7
OIID28069,ORD14803,PROD0112,51,25
OIID41921,ORD76428,PROD0136,40,10
OIID17130,ORD76428,PROD0081,109,45
OIID22780,ORD76428,PROD0143,111,11
OIID67927,ORD76428,PROD0021,4,300
OIID24216,ORD76428,PROD0056,13,210
OIID95477,ORD76428,PROD0086,13,50
OIID89550,ORD58139,PROD0146,64,15
OIID54913,ORD58139,PROD0046,101,5
OIID47499,ORD58139,PROD0141,9,22
OIID33321,ORD58139,PROD0066,8,400
OIID99210,ORD40059,PROD0106,13,150
OIID15406,ORD40059,PROD0045,480,7
OIID73056,ORD40059,PROD0125,19,42
OIID15569,ORD40059,PROD0132,68,18
OIID74976,ORD40059,PROD0056,3,210
OIID72999,ORD17001,PROD0027,4,90
OIID67435,ORD17001,PROD0108,49,30
OIID28956,ORD17001,PROD0037,142,15
OIID59289,ORD37389,PROD0086,2,50
OIID36354,ORD37389,PROD0092,41,35
OIID42405,ORD37389,PROD0046,284,5
OIID76243,ORD37389,PROD0027,18,90
OIID53156,ORD37389,PROD0085,16,40
OIID39738,ORD31562,PROD0080,119,9
OIID65084,ORD31562,PROD0022,42,50
OIID70709,ORD31562,PROD0114,7,45
OIID91152,ORD31562,PROD0099,12,100
OIID75222,ORD31562,PROD0046,415,5
OIID51656,ORD45851,PROD0021,9,300
OIID90493,ORD45851,PROD0105,24,80
OIID40221,ORD45851,PROD0029,279,7
OIID73177,ORD45851,PROD0035,20,25
OIID31137,ORD45851,PROD0149,45,15
OIID24482,ORD60609,PROD0052,7,330
OIID66426,ORD60609,PROD0122,230,6
OIID96263,ORD60609,PROD0079,137,10
OIID62834,ORD72393,PROD0003,9,350
OIID96804,ORD72393,PROD0127,3,9
OIID22319,ORD72393,PROD0008,5,200
OIID83025,ORD56326,PROD0139,18,15
OIID62582,ORD56326,PROD0133,125,7
OIID60169,ORD56326,PROD0114,47,45
OIID70002,ORD56326,PROD0023,153,19
OIID96100,ORD91628,PROD0047,2,17
OIID73660,ORD91628,PROD0080,179,9
OIID95986,ORD91628,PROD0145,30,9
OIID59696,ORD91628,PROD0003,5,350
OIID83942,ORD91628,PROD0001,42,25
OIID28762,ORD88513,PROD0022,28,50
OIID73102,ORD88513,PROD0008,15,200
OIID68682,ORD86471,PROD0116,29,9
OIID39479,ORD86471,PROD0038,70,13
OIID13084,ORD82397,PROD0119,61,20
OIID93996,ORD82397,PROD0121,19,28
OIID34223,ORD82397,PROD0045,227,7
OIID36404,ORD82397,PROD0041,84,6
OIID33106,ORD82397,PROD0065,26,180
OIID86033,ORD82397,PROD0050,47,10
OIID84614,ORD96578,PROD0119,103,20
OIID61714,ORD96578,PROD0016,10,45
OIID73079,ORD28402,PROD0055,1,160
OIID73748,ORD28402,PROD0041,83,6
OIID75722,ORD28402,PROD0135,40,9
OIID18116,ORD28402,PROD0063,125,10
OIID83716,ORD28402,PROD0085,19,40
OIID97547,ORD26634,PROD0094,106,15
OIID26245,ORD26634,PROD0055,19,160
OIID99531,ORD26634,PROD0115,19,14
OIID17800,ORD10804,PROD0099,13,100
OIID29137,ORD10804,PROD0054,7,289
OIID16472,ORD33688,PROD0008,2,200
OIID21816,ORD33688,PROD0100,9,90
OIID50815,ORD33688,PROD0083,16,30
OIID65397,ORD33688,PROD0009,1,250
OIID43483,ORD33688,PROD0095,27,50
OIID99113,ORD33688,PROD0112,11,25
OIID91983,ORD99671,PROD0092,33,35
OIID35881,ORD99671,PROD0103,8,50
OIID77506,ORD38266,PROD0063,32,10
OIID33802,ORD38266,PROD0116,128,9
OIID28501,ORD38266,PROD0046,594,5
OIID57694,ORD86011,PROD0080,173,9
OIID22095,ORD86011,PROD0106,10,150
OIID44383,ORD74364,PROD0092,41,35
OIID98778,ORD74364,PROD0123,136,12
OIID79127,ORD74364,PROD0034,32,89
OIID74886,ORD74364,PROD0037,75,15
OIID36424,ORD74364,PROD0067,9,90
OIID92488,ORD74364,PROD0009,4,250
OIID10749,ORD53530,PROD0145,193,9
OIID41515,ORD53530,PROD0012,16,85
OIID25254,ORD53530,PROD0018,43,16
OIID52147,ORD53530,PROD0079,75,10
OIID12981,ORD53530,PROD0100,11,90
OIID79162,ORD94954,PROD0045,263,7
OIID67837,ORD94954,PROD0130,230,10
OIID63244,ORD94954,PROD0072,162,13
OIID86363,ORD16065,PROD0048,38,24
OIID78275,ORD16065,PROD0102,169,7
OIID30735,ORD16065,PROD0133,123,7
OIID88043,ORD16065,PROD0050,275,10
OIID17716,ORD16065,PROD0137,67,14
OIID76602,ORD16065,PROD0018,87,16
OIID95632,ORD24919,PROD0101,37,35
OIID91829,ORD24919,PROD0139,71,15
OIID46019,ORD24919,PROD0145,107,9
OIID26125,ORD51589,PROD0096,5,130
OIID27041,ORD51589,PROD0018,106,16
OIID68120,ORD51589,PROD0116,18,9
OIID11447,ORD46486,PROD0024,311,10
OIID99293,ORD46486,PROD0015,225,13
OIID37745,ORD46486,PROD0095,33,50
OIID25339,ORD46486,PROD0017,96,20
OIID23700,ORD46486,PROD0046,442,5
OIID66980,ORD16935,PROD0004,43,50
OIID21559,ORD16935,PROD0105,36,80
OIID18844,ORD16935,PROD0021,8,300
OIID53750,ORD99062,PROD0004,43,50
OIID86649,ORD99062,PROD0060,18,100
OIID53258,ORD99062,PROD0133,11,7
OIID48899,ORD99062,PROD0043,13,20
OIID35728,ORD69207,PROD0014,4,120
OIID95667,ORD69207,PROD0112,27,25
OIID15648,ORD69207,PROD0018,8,16
OIID19369,ORD36570,PROD0027,2,90
OIID32776,ORD36570,PROD0085,4,40
OIID49348,ORD37544,PROD0116,125,9
OIID24830,ORD37544,PROD0018,118,16
OIID56000,ORD30921,PROD0099,8,100
OIID11962,ORD30921,PROD0045,326,7
OIID36596,ORD30921,PROD0146,181,15
OIID13076,ORD22849,PROD0074,60,20
OIID11119,ORD22849,PROD0083,38,30
OIID30452,ORD22849,PROD0136,142,10
OIID81524,ORD22849,PROD0077,177,16
OIID87797,ORD22849,PROD0105,10,80
OIID84304,ORD75065,PROD0100,10,90
OIID54969,ORD75065,PROD0018,75,16
OIID55258,ORD75065,PROD0082,64,33
OIID35775,ORD75065,PROD0003,14,350
OIID51257,ORD64355,PROD0121,1,28
OIID28361,ORD64355,PROD0093,48,28
OIID32372,ORD64355,PROD0099,28,100
OIID91292,ORD64355,PROD0110,38,50
OIID74331,ORD64355,PROD0096,4,130
OIID27779,ORD83312,PROD0132,30,18
OIID98690,ORD83312,PROD0102,199,7
OIID34870,ORD83312,PROD0114,25,45
OIID15412,ORD83312,PROD0096,14,130
OIID76011,ORD86668,PROD0143,54,11
OIID42061,ORD86668,PROD0117,68,15
OIID94939,ORD54914,PROD0050,256,10
OIID73806,ORD54914,PROD0114,16,45
OIID94928,ORD54914,PROD0054,13,289
OIID59461,ORD95721,PROD0100,4,90
OIID50211,ORD95721,PROD0022,47,50
OIID15144,ORD95721,PROD0067,6,90
OIID36655,ORD95721,PROD0121,15,28
OIID37226,ORD95721,PROD0119,87,20
OIID11979,ORD32166,PROD0063,62,10
OIID58041,ORD32166,PROD0092,31,35
OIID22878,ORD32166,PROD0043,19,20
OIID81726,ORD52813,PROD0040,73,16
OIID27769,ORD52813,PROD0070,53,40
OIID48013,ORD52813,PROD0067,3,90
OIID10247,ORD51756,PROD0100,5,90
OIID32020,ORD51756,PROD0052,5,330
OIID21742,ORD65940,PROD0034,12,89
OIID18631,ORD65940,PROD0080,19,9
OIID71394,ORD12766,PROD0097,79,20
OIID58838,ORD12766,PROD0057,7,8
OIID53733,ORD12766,PROD0119,107,20
OIID34746,ORD12766,PROD0076,150,15
OIID68935,ORD12766,PROD0139,48,15
OIID24942,ORD83764,PROD0057,125,8
OIID53992,ORD83764,PROD0105,1,80
OIID49903,ORD83764,PROD0053,12,219
OIID75003,ORD83764,PROD0079,73,10
OIID25021,ORD83764,PROD0104,7,90
OIID60644,ORD78760,PROD0112,30,25
OIID75269,ORD78760,PROD0116,62,9
OIID21423,ORD78760,PROD0034,11,89
OIID27525,ORD78760,PROD0008,4,200
OIID28624,ORD78760,PROD0141,54,22
OIID47029,ORD78760,PROD0023,32,19
OIID68110,ORD57023,PROD0017,42,20
OIID13443,ORD57023,PROD0105,8,80
OIID81910,ORD57023,PROD0141,28,22
OIID60138,ORD57023,PROD0083,50,30
OIID19881,ORD31687,PROD0120,13,23
OIID74023,ORD31687,PROD0047,63,17
OIID92858,ORD31687,PROD0019,4,160
OIID61694,ORD81456,PROD0024,243,10
OIID45582,ORD81456,PROD0147,37,100
OIID92467,ORD81456,PROD0084,56,25
OIID76524,ORD97181,PROD0094,158,15
OIID55384,ORD97181,PROD0022,28,50
OIID70737,ORD97181,PROD0060,28,100
OIID95994,ORD97181,PROD0054,10,289
OIID62890,ORD97181,PROD0002,35,90
OIID88531,ORD97181,PROD0041,26,6
OIID72449,ORD33833,PROD0082,73,33
OIID78650,ORD33833,PROD0124,10,60
OIID79435,ORD33833,PROD0112,26,25
OIID10070,ORD26490,PROD0010,41,35
OIID47562,ORD26490,PROD0083,18,30
OIID14292,ORD26490,PROD0137,1,14
OIID60499,ORD85479,PROD0132,17,18
OIID74622,ORD85479,PROD0096,12,130
OIID23297,ORD85479,PROD0105,31,80
OIID55780,ORD85479,PROD0116,111,9
OIID52512,ORD85479,PROD0092,47,35
OIID37879,ORD51633,PROD0112,20,25
OIID59298,ORD51633,PROD0092,9,35
OIID93886,ORD51633,PROD0014,8,120
OIID56459,ORD51633,PROD0038,203,13
OIID51436,ORD51633,PROD0034,10,89
OIID47047,ORD47220,PROD0007,24,60
OIID27576,ORD47220,PROD0072,21,13
OIID12174,ORD47220,PROD0119,99,20
OIID56038,ORD47220,PROD0095,14,50
OIID84689,ORD47220,PROD0052,7,330
OIID57193,ORD78830,PROD0021,10,300
OIID66215,ORD78830,PROD0116,2,9
OIID84416,ORD78830,PROD0125,6,42
OIID16040,ORD78830,PROD0022,49,50
OIID41971,ORD78830,PROD0096,3,130
OIID68554,ORD86820,PROD0004,39,50
OIID88225,ORD86820,PROD0145,40,9
OIID11183,ORD86820,PROD0132,107,18
OIID17414,ORD55908,PROD0023,107,19
OIID55829,ORD55908,PROD0052,10,330
OIID42655,ORD55908,PROD0132,95,18
OIID51372,ORD52355,PROD0052,10,330
OIID20624,ORD52355,PROD0034,18,89
OIID92176,ORD52355,PROD0038,184,13
OIID43591,ORD52355,PROD0004,33,50
OIID95900,ORD52355,PROD0125,6,42
OIID89095,ORD52355,PROD0065,22,180
OIID15224,ORD39441,PROD0039,7,280
OIID53500,ORD39441,PROD0049,308,9
OIID10176,ORD39441,PROD0098,153,10
OIID62932,ORD96759,PROD0129,90,8
OIID85188,ORD96759,PROD0045,500,7
OIID61064,ORD96759,PROD0119,36,20
OIID62887,ORD53289,PROD0135,63,9
OIID42428,ORD53289,PROD0127,106,9
OIID23959,ORD53289,PROD0096,13,130
OIID85317,ORD53289,PROD0142,1,25
OIID85014,ORD53289,PROD0116,90,9
OIID67941,ORD68959,PROD0045,347,7
OIID66264,ORD68959,PROD0050,235,10
OIID13989,ORD68959,PROD0046,299,5
OIID18291,ORD68959,PROD0110,67,50
OIID16659,ORD68959,PROD0004,38,50
OIID88510,ORD10876,PROD0063,34,10
OIID73412,ORD10876,PROD0028,42,115
OIID63532,ORD90665,PROD0130,140,10
OIID10356,ORD90665,PROD0150,22,35
OIID96133,ORD90665,PROD0018,15,16
OIID45245,ORD90665,PROD0041,37,6
OIID44990,ORD90665,PROD0107,15,130
OIID86671,ORD76699,PROD0009,10,250
OIID23428,ORD76699,PROD0136,197,10
OIID14782,ORD16313,PROD0038,80,13
OIID39355,ORD16313,PROD0145,64,9
OIID27729,ORD16313,PROD0092,49,35
OIID35474,ORD16313,PROD0023,110,19
OIID98302,ORD16313,PROD0085,5,40
OIID77464,ORD88540,PROD0056,13,210
OIID47966,ORD88540,PROD0136,17,10
OIID88163,ORD88540,PROD0024,337,10
OIID14333,ORD94901,PROD0125,9,42
OIID31851,ORD94901,PROD0004,5,50
OIID28323,ORD94901,PROD0061,8,550
OIID76722,ORD94901,PROD0141,16,22
OIID50351,ORD94901,PROD0028,24,115
OIID21954,ORD94901,PROD0101,24,35
OIID49304,ORD32511,PROD0113,26,19
OIID60729,ORD32511,PROD0021,16,300
OIID29339,ORD32511,PROD0126,34,24
OIID86378,ORD17262,PROD0028,39,115
OIID84728,ORD17262,PROD0056,14,210
OIID56009,ORD17262,PROD0093,55,28
OIID23336,ORD17262,PROD0065,3,180
OIID19740,ORD17262,PROD0142,76,25
OIID86331,ORD40576,PROD0120,67,23
OIID84470,ORD40576,PROD0100,8,90
OIID68231,ORD13429,PROD0045,6,7
OIID67227,ORD13429,PROD0146,15,15
OIID24059,ORD13429,PROD0004,8,50
OIID11730,ORD71778,PROD0095,6,50
OIID41901,ORD71778,PROD0081,93,45
OIID68241,ORD71778,PROD0046,218,5
OIID46189,ORD71778,PROD0066,1,400
OIID15892,ORD92105,PROD0035,60,25
OIID99604,ORD92105,PROD0099,8,100
OIID21932,ORD92105,PROD0029,316,7
OIID93462,ORD92105,PROD0114,47,45
OIID21587,ORD21052,PROD0085,4,40
OIID54441,ORD21052,PROD0015,31,13
OIID28669,ORD11263,PROD0079,135,10
OIID11850,ORD11263,PROD0002,4,90
OIID35960,ORD11263,PROD0056,11,210
OIID60108,ORD11263,PROD0036,15,9
OIID80889,ORD11263,PROD0146,133,15
OIID91676,ORD42205,PROD0036,49,9
OIID33419,ORD42205,PROD0061,7,550
OIID45005,ORD42205,PROD0065,24,180
OIID94074,ORD42205,PROD0095,15,50
OIID57759,ORD52396,PROD0027,17,90
OIID24014,ORD52396,PROD0059,18,150
OIID79340,ORD52396,PROD0005,76,80
OIID67339,ORD92523,PROD0136,94,10
OIID32609,ORD92523,PROD0116,111,9
OIID29544,ORD51021,PROD0027,22,90
OIID42731,ORD51021,PROD0056,9,210
OIID49376,ORD51021,PROD0132,38,18
OIID88903,ORD51021,PROD0038,192,13
OIID25298,ORD51021,PROD0045,139,7
OIID45328,ORD10172,PROD0121,8,28
OIID55108,ORD10172,PROD0096,10,130
OIID12564,ORD51431,PROD0053,11,219
OIID20904,ORD51431,PROD0031,28,43
OIID35124,ORD51431,PROD0067,9,90
OIID74138,ORD51431,PROD0099,3,100
OIID96423,ORD58359,PROD0148,13,27
OIID85262,ORD58359,PROD0149,26,15
OIID42945,ORD58359,PROD0114,24,45
OIID18845,ORD93052,PROD0090,9,210
OIID10116,ORD93052,PROD0023,109,19
OIID19299,ORD93052,PROD0145,139,9
OIID76370,ORD64616,PROD0147,2,100
OIID71667,ORD64616,PROD0083,28,30
OIID54906,ORD64616,PROD0007,19,60
OIID78833,ORD64616,PROD0054,9,289
OIID99580,ORD11339,PROD0018,144,16
OIID74783,ORD11339,PROD0094,116,15
OIID94303,ORD11339,PROD0028,28,115
OIID68051,ORD11339,PROD0114,13,45
OIID12916,ORD11339,PROD0085,10,40
OIID82399,ORD11339,PROD0014,2,120
OIID24273,ORD95000,PROD0093,31,28
OIID68330,ORD95000,PROD0058,71,35
OIID76029,ORD95000,PROD0022,10,50
OIID68140,ORD95000,PROD0042,72,22
OIID49565,ORD32188,PROD0003,2,350
OIID50026,ORD32188,PROD0063,31,10
OIID16704,ORD95683,PROD0022,10,50
OIID98315,ORD95683,PROD0053,13,219
OIID21137,ORD95683,PROD0062,53,35
OIID96775,ORD95683,PROD0100,1,90
OIID58332,ORD95683,PROD0093,77,28
OIID10050,ORD47241,PROD0010,44,35
OIID12588,ORD47241,PROD0115,103,14
OIID73597,ORD80854,PROD0045,238,7
OIID82097,ORD80854,PROD0036,97,9
OIID79630,ORD23928,PROD0008,15,200
OIID48863,ORD23928,PROD0082,12,33
OIID36410,ORD23928,PROD0078,258,16
OIID70482,ORD23928,PROD0055,19,160
OIID57503,ORD78078,PROD0056,1,210
OIID72801,ORD78078,PROD0028,38,115
OIID28351,ORD78078,PROD0112,46,25
OIID15468,ORD78078,PROD0038,68,13
OIID29267,ORD65176,PROD0080,114,9
OIID87576,ORD65176,PROD0024,268,10
OIID54226,ORD65176,PROD0085,27,40
OIID82016,ORD65176,PROD0117,30,15
OIID85588,ORD65176,PROD0120,73,23
OIID28450,ORD65176,PROD0134,55,16
OIID10154,ORD33884,PROD0124,13,60
OIID77281,ORD33884,PROD0136,124,10
OIID57854,ORD33884,PROD0017,69,20
OIID90462,ORD33884,PROD0032,14,30
OIID31353,ORD33884,PROD0011,50,65
OIID55201,ORD96092,PROD0116,161,9
OIID56886,ORD96092,PROD0034,35,89
OIID38447,ORD62732,PROD0126,31,24
OIID24155,ORD62732,PROD0022,43,50
OIID64712,ORD62732,PROD0080,80,9
OIID39732,ORD62732,PROD0092,55,35
OIID23072,ORD62732,PROD0052,13,330
OIID72071,ORD62732,PROD0007,20,60
OIID72060,ORD50635,PROD0130,41,10
OIID46680,ORD50635,PROD0110,53,50
OIID39349,ORD74921,PROD0126,64,24
OIID89199,ORD74921,PROD0046,522,5
OIID50236,ORD79110,PROD0121,29,28
OIID47978,ORD79110,PROD0092,28,35
OIID31195,ORD79110,PROD0112,49,25
OIID52802,ORD79110,PROD0136,94,10
OIID44018,ORD54223,PROD0106,18,150
OIID83790,ORD54223,PROD0110,19,50
OIID34169,ORD54223,PROD0034,26,89
OIID78045,ORD54223,PROD0022,16,50
OIID30448,ORD54223,PROD0032,11,30
OIID84979,ORD10974,PROD0092,25,35
OIID93990,ORD10974,PROD0143,125,11
OIID11027,ORD10974,PROD0105,11,80
OIID30212,ORD20027,PROD0106,13,150
OIID57989,ORD20027,PROD0150,34,35
OIID60948,ORD20027,PROD0038,73,13
OIID27563,ORD13788,PROD0133,138,7
OIID61308,ORD13788,PROD0139,47,15
OIID46847,ORD13788,PROD0018,125,16
OIID50914,ORD13788,PROD0085,6,40
OIID38284,ORD13788,PROD0122,144,6
OIID76440,ORD13788,PROD0061,1,550
OIID49027,ORD88162,PROD0072,56,13
OIID56940,ORD88162,PROD0004,11,50
OIID46999,ORD88162,PROD0046,85,5
OIID49710,ORD88162,PROD0136,236,10
OIID92472,ORD88162,PROD0001,92,25
OIID72471,ORD88162,PROD0014,24,120
OIID99650,ORD71694,PROD0059,5,150
OIID61200,ORD71694,PROD0121,10,28
OIID41081,ORD71694,PROD0110,50,50
OIID61395,ORD21622,PROD0132,47,18
OIID88739,ORD21622,PROD0143,136,11
OIID93168,ORD21622,PROD0029,86,7
OIID63923,ORD21622,PROD0047,36,17
OIID27897,ORD21622,PROD0028,36,115
OIID29829,ORD21622,PROD0133,111,7
OIID99538,ORD17312,PROD0066,12,400
OIID10115,ORD17312,PROD0004,59,50
OIID96360,ORD17312,PROD0072,92,13
OIID60070,ORD17312,PROD0086,18,50
OIID96127,ORD17312,PROD0106,6,150
OIID97406,ORD17312,PROD0045,133,7
OIID28749,ORD54896,PROD0087,15,90
OIID93091,ORD54896,PROD0091,16,160
OIID56165,ORD68307,PROD0134,19,16
OIID83683,ORD68307,PROD0074,57,20
OIID21039,ORD68307,PROD0125,30,42
OIID59634,ORD68307,PROD0112,43,25
OIID67417,ORD68307,PROD0014,27,120
OIID15278,ORD31856,PROD0006,12,70
OIID29533,ORD31856,PROD0035,8,25
OIID78356,ORD31856,PROD0007,1,60
OIID80081,ORD31856,PROD0134,45,16
OIID45650,ORD31856,PROD0069,80,25
OIID13905,ORD66891,PROD0110,55,50
OIID68456,ORD66891,PROD0076,90,15
OIID91015,ORD66891,PROD0140,93,12
OIID95585,ORD66891,PROD0134,34,16
OIID16039,ORD77777,PROD0072,12,13
OIID44877,ORD77777,PROD0052,12,330
OIID59937,ORD77777,PROD0132,3,18
OIID22882,ORD77777,PROD0106,4,150
OIID96120,ORD77777,PROD0105,24,80
OIID49959,ORD77777,PROD0092,1,35
OIID48722,ORD91305,PROD0043,28,20
OIID17866,ORD91305,PROD0140,32,12
OIID44306,ORD81115,PROD0050,158,10
OIID26658,ORD81115,PROD0096,6,130
OIID75507,ORD93089,PROD0115,99,14
OIID75525,ORD93089,PROD0113,72,19
OIID99380,ORD93089,PROD0140,149,12
OIID45315,ORD93089,PROD0036,48,9
OIID51321,ORD85356,PROD0041,17,6
OIID55798,ORD85356,PROD0043,30,20
OIID11267,ORD85356,PROD0072,167,13
OIID12890,ORD85356,PROD0061,2,550
OIID37110,ORD85356,PROD0085,3,40
OIID43110,ORD85356,PROD0083,21,30
OIID26339,ORD73175,PROD0022,13,50
OIID32906,ORD73175,PROD0008,12,200
OIID95031,ORD73175,PROD0146,47,15
OIID44858,ORD73175,PROD0145,118,9
OIID23427,ORD73175,PROD0139,38,15
OIID77001,ORD73175,PROD0113,80,19
OIID22920,ORD93037,PROD0021,2,300
OIID53506,ORD93037,PROD0130,202,10
OIID83608,ORD93037,PROD0085,14,40
OIID25175,ORD20472,PROD0085,23,40
OIID80747,ORD20472,PROD0132,57,18
OIID47227,ORD20472,PROD0096,1,130
OIID48419,ORD20472,PROD0146,27,15
OIID73300,ORD29734,PROD0066,6,400
OIID95951,ORD29734,PROD0027,18,90
OIID97300,ORD29734,PROD0045,426,7
OIID40883,ORD55268,PROD0075,12,20
OIID36670,ORD55268,PROD0076,87,15
OIID32551,ORD44472,PROD0063,99,10
OIID13863,ORD44472,PROD0078,64,16
OIID71070,ORD44472,PROD0092,21,35
OIID84821,ORD81637,PROD0102,194,7
OIID17557,ORD81637,PROD0066,1,400
OIID53743,ORD81637,PROD0074,58,20
OIID91663,ORD81637,PROD0112,92,25
OIID48350,ORD81637,PROD0136,155,10
OIID64889,ORD95153,PROD0013,15,95
OIID45280,ORD95153,PROD0092,7,35
OIID15022,ORD95153,PROD0019,2,160
OIID82272,ORD95153,PROD0035,34,25
OIID95744,ORD95153,PROD0026,28,105
OIID29943,ORD70856,PROD0038,40,13
OIID32677,ORD70856,PROD0141,41,22
OIID62333,ORD70856,PROD0115,38,14
OIID78051,ORD52161,PROD0038,195,13
OIID46565,ORD52161,PROD0121,15,28
OIID61059,ORD52161,PROD0082,72,33
OIID38959,ORD94672,PROD0066,3,400
OIID31358,ORD94672,PROD0079,67,10
OIID91673,ORD41741,PROD0112,12,25
OIID60823,ORD41741,PROD0136,46,10
OIID70328,ORD41741,PROD0092,49,35
OIID99614,ORD41741,PROD0116,164,9
OIID21195,ORD58227,PROD0115,31,14
OIID20932,ORD58227,PROD0022,12,50
OIID68623,ORD58227,PROD0070,33,40
OIID45121,ORD58227,PROD0072,133,13
OIID65619,ORD58227,PROD0085,41,40
OIID45601,ORD97614,PROD0074,74,20
OIID41210,ORD97614,PROD0048,16,24
OIID19391,ORD97614,PROD0052,5,330
OIID66347,ORD97614,PROD0134,33,16
OIID32474,ORD80937,PROD0043,93,20
OIID94908,ORD80937,PROD0150,20,35
OIID45434,ORD80937,PROD0059,4,150
OIID61685,ORD80937,PROD0047,50,17
OIID36332,ORD80937,PROD0103,14,50
OIID94678,ORD20984,PROD0134,55,16
OIID45329,ORD20984,PROD0114,7,45
OIID81965,ORD20984,PROD0055,16,160
OIID18234,ORD20984,PROD0113,62,19
OIID38230,ORD20984,PROD0079,39,10
OIID19827,ORD20984,PROD0046,370,5
OIID34262,ORD32976,PROD0034,4,89
OIID52368,ORD32976,PROD0145,28,9
OIID49417,ORD32976,PROD0018,36,16
OIID44380,ORD45106,PROD0119,58,20
OIID89637,ORD45106,PROD0107,10,130
OIID71961,ORD45106,PROD0052,14,330
OIID73117,ORD13306,PROD0121,4,28
OIID48086,ORD13306,PROD0086,5,50
OIID31883,ORD75387,PROD0046,2,5
OIID39796,ORD75387,PROD0148,28,27
OIID29837,ORD75387,PROD0042,7,22
OIID86707,ORD75387,PROD0040,126,16
OIID27134,ORD16188,PROD0056,14,210
OIID19945,ORD16188,PROD0017,75,20
OIID36115,ORD16188,PROD0075,108,20
OIID99858,ORD16188,PROD0061,7,550
OIID92109,ORD16188,PROD0113,44,19
OIID76360,ORD58197,PROD0085,23,40
OIID40460,ORD58197,PROD0036,4,9
OIID62222,ORD58197,PROD0114,11,45
OIID55377,ORD58197,PROD0101,64,35
OIID13511,ORD58197,PROD0045,279,7
OIID85846,ORD58197,PROD0100,1,90
OIID47092,ORD69868,PROD0024,229,10
OIID56171,ORD69868,PROD0141,44,22
OIID98926,ORD69868,PROD0015,165,13
OIID35532,ORD69868,PROD0063,70,10
OIID29608,ORD69868,PROD0027,3,90
OIID21252,ORD69868,PROD0133,107,7
OIID53670,ORD82928,PROD0001,34,25
OIID53815,ORD82928,PROD0061,1,550
OIID96500,ORD82928,PROD0132,64,18
OIID21071,ORD82928,PROD0137,20,14
OIID80525,ORD82928,PROD0017,108,20
OIID62103,ORD73946,PROD0029,316,7
OIID83494,ORD73946,PROD0067,5,90
OIID29723,ORD73946,PROD0125,11,42
OIID20325,ORD73946,PROD0121,29,28
OIID77987,ORD94728,PROD0089,7,12
OIID49208,ORD94728,PROD0105,8,80
OIID93844,ORD94728,PROD0029,332,7
OIID81609,ORD94728,PROD0115,89,14
OIID34661,ORD94728,PROD0036,89,9
OIID39015,ORD40100,PROD0132,124,18
OIID96581,ORD40100,PROD0140,124,12
OIID72082,ORD40100,PROD0090,6,210
OIID62617,ORD40100,PROD0059,13,150
OIID19070,ORD40100,PROD0005,44,80
OIID97094,ORD85562,PROD0017,74,20
OIID42133,ORD85562,PROD0002,27,90
OIID25360,ORD36343,PROD0137,84,14
OIID58148,ORD36343,PROD0017,43,20
OIID11253,ORD36343,PROD0008,2,200
OIID88271,ORD36343,PROD0094,78,15
OIID70988,ORD36343,PROD0050,188,10
OIID76725,ORD36343,PROD0056,3,210
OIID70111,ORD80837,PROD0095,6,50
OIID82958,ORD80837,PROD0015,109,13
OIID51827,ORD80837,PROD0073,90,13
OIID27528,ORD13807,PROD0135,73,9
OIID90908,ORD13807,PROD0068,13,170
OIID38084,ORD13807,PROD0042,55,22
OIID49822,ORD78089,PROD0050,17,10
OIID94367,ORD78089,PROD0065,21,180
OIID14434,ORD78089,PROD0121,22,28
OIID21598,ORD78089,PROD0021,18,300
OIID64011,ORD78089,PROD0080,85,9
OIID76810,ORD25791,PROD0121,9,28
OIID51707,ORD25791,PROD0123,26,12
OIID43409,ORD25791,PROD0070,16,40
OIID85994,ORD25791,PROD0056,10,210
OIID53895,ORD25791,PROD0140,68,12
OIID20807,ORD25791,PROD0134,67,16
OIID63767,ORD14795,PROD0067,20,90
OIID46407,ORD14795,PROD0015,166,13
OIID64841,ORD14795,PROD0123,17,12
OIID69409,ORD14795,PROD0038,216,13
OIID43067,ORD58202,PROD0050,222,10
OIID93100,ORD58202,PROD0016,21,45
OIID83669,ORD58202,PROD0003,6,350
OIID34975,ORD58202,PROD0002,28,90
OIID81090,ORD58202,PROD0114,43,45
OIID63615,ORD58202,PROD0101,35,35
OIID83531,ORD17216,PROD0072,66,13
OIID16057,ORD17216,PROD0012,12,85
OIID58971,ORD17216,PROD0139,71,15
OIID84667,ORD17216,PROD0106,13,150
OIID73145,ORD12945,PROD0105,23,80
OIID80229,ORD12945,PROD0122,360,6
OIID54831,ORD12945,PROD0055,13,160
OIID22433,ORD12945,PROD0129,123,8
OIID64522,ORD12945,PROD0027,11,90
OIID87336,ORD12945,PROD0082,24,33
OIID56159,ORD39575,PROD0022,17,50
OIID68995,ORD39575,PROD0099,17,100
OIID30670,ORD39575,PROD0101,4,35
OIID52609,ORD39575,PROD0094,4,15
OIID81281,ORD88642,PROD0081,37,45
OIID96621,ORD88642,PROD0100,6,90
OIID91427,ORD88642,PROD0114,1,45
OIID39287,ORD88642,PROD0001,23,25
OIID74820,ORD88642,PROD0135,18,9
OIID89709,ORD88642,PROD0024,317,10
OIID42740,ORD94168,PROD0016,3,45
OIID74662,ORD94168,PROD0140,61,12
OIID74980,ORD94168,PROD0099,25,100
OIID33193,ORD94168,PROD0022,11,50
OIID84769,ORD94168,PROD0034,38,89
OIID79263,ORD94168,PROD0142,74,25
OIID56425,ORD42085,PROD0116,62,9
OIID74595,ORD42085,PROD0028,6,115
OIID91697,ORD42085,PROD0004,26,50
OIID42438,ORD42085,PROD0018,10,16
OIID58516,ORD42085,PROD0015,141,13
OIID82689,ORD42085,PROD0072,64,13
OIID90120,ORD45853,PROD0132,97,18
OIID71512,ORD45853,PROD0023,107,19
OIID60738,ORD45853,PROD0045,401,7
OIID47699,ORD92791,PROD0134,25,16
OIID12974,ORD92791,PROD0009,5,250
OIID30601,ORD19577,PROD0100,2,90
OIID53663,ORD19577,PROD0119,76,20
OIID50883,ORD19577,PROD0139,44,15
OIID18793,ORD19577,PROD0027,22,90
OIID23112,ORD19577,PROD0072,47,13
OIID23270,ORD19577,PROD0101,76,35
OIID83338,ORD48573,PROD0083,41,30
OIID10492,ORD48573,PROD0054,12,289
OIID18705,ORD48573,PROD0093,9,28
OIID52740,ORD48573,PROD0145,137,9
OIID54397,ORD48573,PROD0080,148,9
OIID58990,ORD62743,PROD0027,3,90
OIID15739,ORD62743,PROD0123,76,12
OIID36758,ORD62743,PROD0132,126,18
OIID13040,ORD62743,PROD0031,22,43
OIID97822,ORD62743,PROD0141,56,22
OIID65604,ORD29893,PROD0132,65,18
OIID88444,ORD29893,PROD0041,16,6
OIID41348,ORD29893,PROD0072,75,13
OIID66720,ORD31075,PROD0002,5,90
OIID14591,ORD31075,PROD0100,11,90
OIID71423,ORD31075,PROD0027,18,90
OIID71929,ORD31075,PROD0086,9,50
OIID17125,ORD31075,PROD0136,142,10
OIID96107,ORD31075,PROD0034,4,89
OIID61446,ORD18847,PROD0110,28,50
OIID37832,ORD18847,PROD0038,8,13
OIID59431,ORD18847,PROD0052,14,330
OIID47920,ORD18847,PROD0043,62,20
OIID59161,ORD18847,PROD0140,167,12
OIID33339,ORD22424,PROD0141,1,22
OIID54419,ORD22424,PROD0065,14,180
OIID27510,ORD22424,PROD0132,13,18
OIID63979,ORD22424,PROD0140,115,12
OIID79179,ORD72544,PROD0063,53,10
OIID26752,ORD72544,PROD0047,45,17
OIID55932,ORD72544,PROD0027,21,90
OIID32483,ORD72544,PROD0136,225,10
OIID97158,ORD48968,PROD0047,59,17
OIID60932,ORD48968,PROD0070,20,40
OIID34789,ORD48968,PROD0015,238,13
OIID44916,ORD48968,PROD0093,29,28
OIID54132,ORD69313,PROD0105,8,80
OIID92375,ORD69313,PROD0076,107,15
OIID22475,ORD69313,PROD0096,4,130
OIID53807,ORD69313,PROD0116,205,9
OIID95732,ORD69313,PROD0027,1,90
OIID59457,ORD92625,PROD0096,3,130
OIID43598,ORD92625,PROD0106,16,150
OIID45976,ORD92625,PROD0132,88,18
OIID18392,ORD60074,PROD0141,37,22
OIID20873,ORD60074,PROD0046,420,5
OIID68364,ORD60074,PROD0126,19,24
OIID62805,ORD60074,PROD0061,8,550
OIID58088,ORD60074,PROD0023,38,19
OIID77716,ORD47358,PROD0101,53,35
OIID20693,ORD47358,PROD0052,1,330
OIID89378,ORD47358,PROD0112,22,25
OIID51720,ORD47358,PROD0086,24,50
OIID57110,ORD47358,PROD0028,8,115
OIID92522,ORD47358,PROD0014,2,120
OIID56607,ORD85935,PROD0125,24,42
OIID38828,ORD85935,PROD0035,22,25
OIID51712,ORD85935,PROD0126,67,24
OIID12017,ORD85935,PROD0081,92,45
OIID44816,ORD85935,PROD0147,13,100
OIID70612,ORD85935,PROD0114,21,45
OIID13402,ORD21209,PROD0121,5,28
OIID25006,ORD21209,PROD0125,26,42
OIID18985,ORD21209,PROD0056,12,210
OIID76928,ORD21209,PROD0052,10,330
OIID41837,ORD40801,PROD0001,10,25
OIID88965,ORD40801,PROD0028,28,115
OIID47195,ORD40801,PROD0034,34,89
OIID78417,ORD40801,PROD0125,24,42
OIID42514,ORD52978,PROD0142,30,25
OIID30637,ORD52978,PROD0046,493,5
OIID71708,ORD84684,PROD0045,279,7
OIID89236,ORD84684,PROD0002,7,90
OIID36753,ORD84684,PROD0092,5,35
OIID74999,ORD84684,PROD0050,177,10
OIID65924,ORD84684,PROD0106,16,150
OIID51756,ORD84684,PROD0059,18,150
OIID39496,ORD99154,PROD0002,19,90
OIID45472,ORD99154,PROD0133,131,7
OIID16741,ORD99154,PROD0043,8,20
OIID61038,ORD29341,PROD0054,8,289
OIID29007,ORD29341,PROD0061,6,550
OIID79334,ORD91388,PROD0146,58,15
OIID21924,ORD91388,PROD0045,72,7
OIID81475,ORD91388,PROD0136,188,10
OIID62556,ORD91388,PROD0106,15,150
OIID58671,ORD91388,PROD0092,51,35
OIID71232,ORD78031,PROD0150,15,35
OIID76605,ORD78031,PROD0065,30,180
OIID29928,ORD78031,PROD0109,46,35
OIID46835,ORD78031,PROD0015,275,13
OIID28035,ORD78031,PROD0121,38,28
OIID17934,ORD78031,PROD0016,6,45
OIID53370,ORD26049,PROD0052,1,330
OIID23143,ORD26049,PROD0061,2,550
OIID79156,ORD26049,PROD0092,27,35
OIID34399,ORD26049,PROD0145,24,9
OIID44477,ORD26049,PROD0027,5,90
OIID38384,ORD26049,PROD0136,80,10
OIID80881,ORD88237,PROD0047,67,17
OIID93700,ORD88237,PROD0050,170,10
OIID95692,ORD88237,PROD0110,3,50
OIID75930,ORD88237,PROD0029,150,7
OIID73169,ORD88237,PROD0032,6,30
OIID16023,ORD88237,PROD0069,56,25
OIID35390,ORD99539,PROD0050,277,10
OIID34314,ORD99539,PROD0139,61,15
OIID54489,ORD99539,PROD0059,22,150
OIID17650,ORD99539,PROD0038,76,13
OIID50926,ORD56719,PROD0092,16,35
OIID61065,ORD56719,PROD0076,80,15
OIID59971,ORD21088,PROD0072,59,13
OIID10211,ORD21088,PROD0112,20,25
OIID27481,ORD21088,PROD0136,233,10
OIID27380,ORD21088,PROD0116,195,9
OIID84125,ORD35892,PROD0121,37,28
OIID22646,ORD35892,PROD0025,5,140
OIID12322,ORD35892,PROD0120,57,23
OIID14514,ORD35892,PROD0139,17,15
OIID96712,ORD55040,PROD0066,3,400
OIID99353,ORD55040,PROD0002,34,90
OIID73184,ORD55040,PROD0106,17,150
OIID17214,ORD55040,PROD0005,64,80
OIID74292,ORD55040,PROD0140,67,12
OIID36200,ORD55040,PROD0083,26,30
OIID74346,ORD43867,PROD0103,11,50
OIID67641,ORD43867,PROD0105,27,80
OIID18981,ORD43867,PROD0070,86,40
OIID32709,ORD13055,PROD0085,26,40
OIID95668,ORD13055,PROD0120,3,23
OIID22744,ORD13055,PROD0056,11,210
OIID46640,ORD13055,PROD0050,273,10
OIID19502,ORD13055,PROD0016,6,45
OIID60607,ORD26700,PROD0121,35,28
OIID99460,ORD26700,PROD0080,110,9
OIID61217,ORD26700,PROD0128,47,6
OIID49858,ORD26700,PROD0067,9,90
OIID80233,ORD26700,PROD0034,14,89
OIID71235,ORD26700,PROD0114,5,45
OIID82980,ORD48341,PROD0003,7,350
OIID60670,ORD48341,PROD0105,21,80
OIID41753,ORD48341,PROD0145,201,9
OIID29857,ORD41218,PROD0007,32,60
OIID41469,ORD41218,PROD0114,22,45
OIID83423,ORD41218,PROD0050,40,10
OIID40549,ORD97035,PROD0003,8,350
OIID54624,ORD97035,PROD0097,76,20
OIID42895,ORD84441,PROD0009,6,250
OIID90131,ORD84441,PROD0073,39,13
OIID48872,ORD84441,PROD0146,43,15
OIID17868,ORD20834,PROD0069,19,25
OIID55664,ORD20834,PROD0050,62,10
OIID56559,ORD20834,PROD0025,9,140
OIID50492,ORD20834,PROD0092,6,35
OIID84477,ORD20834,PROD0046,460,5
OIID88350,ORD94307,PROD0126,1,24
OIID19983,ORD94307,PROD0063,57,10
OIID52282,ORD94307,PROD0028,32,115
OIID11927,ORD35337,PROD0100,6,90
OIID64626,ORD35337,PROD0018,83,16
OIID42452,ORD15668,PROD0046,80,5
OIID57654,ORD15668,PROD0045,472,7
OIID29865,ORD15668,PROD0072,46,13
OIID73818,ORD15668,PROD0141,56,22
OIID37393,ORD15668,PROD0112,70,25
OIID43971,ORD18367,PROD0127,146,9
OIID99029,ORD18367,PROD0073,134,13
OIID42302,ORD18367,PROD0063,113,10
OIID78234,ORD18367,PROD0126,46,24
OIID53081,ORD18367,PROD0001,97,25
OIID98468,ORD89432,PROD0146,92,15
OIID98340,ORD89432,PROD0065,12,180
OIID40006,ORD89432,PROD0116,212,9
OIID94679,ORD89432,PROD0006,40,70
OIID10573,ORD75994,PROD0112,35,25
OIID15015,ORD75994,PROD0009,2,250
OIID23279,ORD14154,PROD0029,3,7
OIID23964,ORD14154,PROD0103,6,50
OIID64533,ORD20375,PROD0089,16,12
OIID52692,ORD20375,PROD0149,102,15
OIID81158,ORD60512,PROD0063,75,10
OIID17621,ORD60512,PROD0008,20,200
OIID95299,ORD60512,PROD0126,19,24
OIID67506,ORD60512,PROD0028,34,115
OIID78557,ORD79095,PROD0136,125,10
OIID54558,ORD79095,PROD0046,144,5
OIID93285,ORD79095,PROD0072,11,13
OIID55884,ORD79095,PROD0045,393,7
OIID46297,ORD79095,PROD0099,11,100
OIID96062,ORD13464,PROD0083,15,30
OIID72170,ORD13464,PROD0139,17,15
OIID32479,ORD70027,PROD0042,72,22
OIID60383,ORD70027,PROD0014,25,120
OIID29599,ORD70027,PROD0140,86,12
OIID11405,ORD71579,PROD0060,18,100
OIID31035,ORD71579,PROD0121,8,28
OIID38805,ORD71579,PROD0109,1,35
OIID75624,ORD84274,PROD0011,23,65
OIID52658,ORD84274,PROD0001,19,25
OIID53596,ORD84274,PROD0136,111,10
OIID34528,ORD84274,PROD0142,45,25
OIID98559,ORD79949,PROD0103,6,50
OIID44768,ORD79949,PROD0027,20,90
OIID39140,ORD79949,PROD0101,61,35
OIID65612,ORD79949,PROD0012,42,85
OIID67318,ORD93431,PROD0065,7,180
OIID13092,ORD93431,PROD0090,7,210
OIID13508,ORD93431,PROD0105,14,80
OIID56382,ORD93431,PROD0074,53,20
OIID33160,ORD93431,PROD0070,83,40
OIID64759,ORD93431,PROD0143,46,11
OIID58322,ORD96452,PROD0075,118,20
OIID52857,ORD96452,PROD0050,28,10
OIID66869,ORD31654,PROD0102,270,7
OIID46509,ORD31654,PROD0113,54,19
OIID78463,ORD31654,PROD0089,112,12
OIID30977,ORD34680,PROD0062,23,35
OIID15068,ORD34680,PROD0038,128,13
OIID35006,ORD34680,PROD0018,34,16
OIID37940,ORD34680,PROD0114,32,45
OIID59144,ORD34680,PROD0087,4,90
OIID54931,ORD81420,PROD0116,164,9
OIID47893,ORD81420,PROD0054,18,289
OIID80949,ORD81420,PROD0136,174,10
OIID43388,ORD78060,PROD0096,10,130
OIID69958,ORD78060,PROD0014,18,120
OIID22990,ORD78060,PROD0052,9,330
OIID68309,ORD78060,PROD0066,9,400
OIID97909,ORD78060,PROD0023,77,19
OIID44633,ORD78060,PROD0008,2,200
OIID51184,ORD18659,PROD0150,9,35
OIID91200,ORD18659,PROD0041,53,6
OIID74272,ORD11636,PROD0074,90,20
OIID99212,ORD11636,PROD0046,594,5
OIID54672,ORD11636,PROD0001,77,25
OIID35358,ORD11636,PROD0120,76,23
OIID49478,ORD11636,PROD0116,110,9
OIID60131,ORD11636,PROD0070,10,40
OIID77222,ORD28920,PROD0027,12,90
OIID63260,ORD28920,PROD0096,10,130
OIID79661,ORD28920,PROD0018,52,16
OIID49946,ORD28920,PROD0014,21,120
OIID23063,ORD28920,PROD0052,4,330
OIID70493,ORD28920,PROD0072,59,13
OIID30707,ORD82042,PROD0023,137,19
OIID41037,ORD82042,PROD0069,77,25
OIID76193,ORD82042,PROD0141,6,22
OIID13311,ORD82042,PROD0134,20,16
OIID12533,ORD82042,PROD0015,263,13
OIID12609,ORD13342,PROD0070,70,40
OIID62721,ORD13342,PROD0133,112,7
OIID73610,ORD13342,PROD0121,19,28
OIID56257,ORD13342,PROD0054,8,289
OIID32053,ORD13342,PROD0005,69,80
OIID40272,ORD13342,PROD0099,24,100
OIID45385,ORD91003,PROD0120,61,23
OIID30572,ORD91003,PROD0150,38,35
OIID51940,ORD91003,PROD0001,69,25
OIID96166,ORD91003,PROD0015,37,13
OIID16936,ORD91003,PROD0027,17,90
OIID26640,ORD91003,PROD0133,121,7
OIID75628,ORD39914,PROD0149,18,15
OIID84835,ORD39914,PROD0126,56,24
OIID94660,ORD39914,PROD0125,18,42
OIID60820,ORD39914,PROD0085,19,40
OIID29733,ORD39914,PROD0056,13,210
OIID69672,ORD68615,PROD0082,64,33
OIID50646,ORD68615,PROD0005,30,80
OIID63313,ORD68615,PROD0024,289,10
OIID71259,ORD86963,PROD0100,14,90
OIID71425,ORD86963,PROD0028,30,115
OIID74528,ORD86963,PROD0072,8,13
OIID39752,ORD86963,PROD0056,10,210
OIID20963,ORD86963,PROD0120,67,23
OIID25550,ORD86963,PROD0066,12,400
OIID40473,ORD49848,PROD0008,3,200
OIID95183,ORD49848,PROD0004,21,50
OIID87765,ORD31282,PROD0123,138,12
OIID24262,ORD31282,PROD0107,4,130
OIID25580,ORD31282,PROD0072,153,13
OIID54109,ORD96062,PROD0101,36,35
OIID53470,ORD96062,PROD0114,38,45
OIID92453,ORD96062,PROD0085,15,40
OIID36130,ORD96062,PROD0066,4,400
OIID56602,ORD96062,PROD0139,10,15
OIID56390,ORD96062,PROD0053,13,219
OIID72871,ORD24684,PROD0125,5,42
OIID49791,ORD24684,PROD0145,62,9
OIID91524,ORD24684,PROD0136,135,10
OIID49535,ORD24684,PROD0045,374,7
OIID71348,ORD24684,PROD0112,45,25
OIID84816,ORD24684,PROD0105,4,80
OIID26185,ORD49664,PROD0022,65,50
OIID28121,ORD49664,PROD0075,101,20
OIID90676,ORD97985,PROD0099,8,100
OIID63732,ORD97985,PROD0072,157,13
OIID86770,ORD97985,PROD0065,15,180
OIID60402,ORD97985,PROD0061,8,550
OIID37687,ORD97985,PROD0141,55,22
OIID38582,ORD97985,PROD0034,13,89
OIID81718,ORD76651,PROD0037,71,15
OIID49712,ORD76651,PROD0023,106,19
OIID73575,ORD76651,PROD0014,10,120
OIID29775,ORD76651,PROD0029,132,7
OIID36954,ORD76651,PROD0125,15,42
OIID72738,ORD76651,PROD0055,5,160
OIID20952,ORD42201,PROD0076,84,15
OIID82290,ORD42201,PROD0034,28,89
OIID87804,ORD37674,PROD0107,11,130
OIID36825,ORD37674,PROD0023,119,19
OIID48085,ORD37674,PROD0047,29,17
OIID34204,ORD63262,PROD0132,35,18
OIID71537,ORD63262,PROD0150,46,35
OIID21621,ORD63262,PROD0126,4,24
OIID72222,ORD94313,PROD0116,243,9
OIID86585,ORD94313,PROD0094,89,15
OIID86835,ORD94313,PROD0045,478,7
OIID25577,ORD94313,PROD0024,277,10
OIID93458,ORD94313,PROD0143,32,11
OIID90799,ORD94313,PROD0127,14,9
OIID77183,ORD88317,PROD0057,111,8
OIID66648,ORD88317,PROD0101,53,35
OIID36806,ORD26527,PROD0106,10,150
OIID36625,ORD26527,PROD0132,30,18
OIID33568,ORD26527,PROD0045,249,7
OIID41422,ORD26527,PROD0116,22,9
OIID96679,ORD26527,PROD0081,6,45
OIID28811,ORD26527,PROD0105,16,80
OIID69615,ORD89634,PROD0009,4,250
OIID72925,ORD89634,PROD0086,22,50
OIID27798,ORD89634,PROD0107,2,130
OIID71600,ORD89634,PROD0092,7,35
OIID25523,ORD27515,PROD0041,86,6
OIID44572,ORD27515,PROD0004,28,50
OIID85575,ORD27515,PROD0134,64,16
OIID60068,ORD27515,PROD0001,39,25
OIID71583,ORD27515,PROD0140,60,12
OIID59369,ORD66078,PROD0014,2,120
OIID13688,ORD66078,PROD0136,55,10
OIID88234,ORD66078,PROD0027,3,90
OIID94265,ORD66078,PROD0105,16,80
OIID19648,ORD66078,PROD0065,28,180
OIID89948,ORD47169,PROD0004,42,50
OIID24023,ORD47169,PROD0008,25,200
OIID37551,ORD47169,PROD0106,8,150
OIID19061,ORD47169,PROD0053,17,219
OIID55586,ORD47169,PROD0092,27,35
OIID23661,ORD28083,PROD0052,8,330
OIID21495,ORD28083,PROD0018,9,16
OIID91123,ORD28083,PROD0116,249,9
OIID98653,ORD28083,PROD0076,66,15
OIID38080,ORD28083,PROD0096,9,130
OIID69567,ORD28083,PROD0092,14,35
OIID99844,ORD12286,PROD0065,19,180
OIID45010,ORD12286,PROD0085,9,40
OIID45492,ORD12286,PROD0136,219,10
OIID83410,ORD12286,PROD0096,4,130
OIID49055,ORD35249,PROD0025,12,140
OIID53200,ORD35249,PROD0034,25,89
OIID43091,ORD35249,PROD0123,114,12
OIID44046,ORD35249,PROD0079,134,10
OIID49049,ORD35249,PROD0106,7,150
OIID78017,ORD35249,PROD0066,1,400
OIID95899,ORD45652,PROD0045,112,7
OIID83037,ORD45652,PROD0132,38,18
OIID83284,ORD19764,PROD0046,298,5
OIID76931,ORD19764,PROD0015,134,13
OIID79931,ORD19764,PROD0122,394,6
OIID98030,ORD19764,PROD0110,65,50
OIID37196,ORD31591,PROD0054,1,289
OIID40562,ORD31591,PROD0125,29,42
OIID15315,ORD31591,PROD0055,12,160
OIID19314,ORD31591,PROD0082,52,33
OIID96828,ORD37056,PROD0008,25,200
OIID57093,ORD37056,PROD0059,13,150
OIID33297,ORD37056,PROD0086,4,50
OIID96441,ORD37056,PROD0096,13,130
OIID65804,ORD37056,PROD0022,23,50
OIID73338,ORD86527,PROD0056,3,210
OIID16025,ORD86527,PROD0031,26,43
OIID42012,ORD62108,PROD0085,40,40
OIID65959,ORD62108,PROD0014,27,120
OIID24735,ORD62108,PROD0024,234,10
OIID89883,ORD62108,PROD0011,17,65
OIID70956,ORD62108,PROD0126,41,24
OIID48713,ORD91655,PROD0122,107,6
OIID78250,ORD91655,PROD0059,9,150
OIID42918,ORD91655,PROD0110,14,50
OIID29626,ORD91655,PROD0046,293,5
OIID41289,ORD59767,PROD0050,174,10
OIID99749,ORD59767,PROD0016,1,45
OIID30372,ORD81713,PROD0116,242,9
OIID95932,ORD81713,PROD0052,14,330
OIID83211,ORD81713,PROD0034,5,89
OIID86049,ORD81713,PROD0072,32,13
OIID73217,ORD81713,PROD0112,45,25
OIID53624,ORD81713,PROD0092,1,35
OIID25736,ORD95729,PROD0023,129,19
OIID20181,ORD95729,PROD0021,12,300
OIID54822,ORD95729,PROD0120,79,23
OIID68793,ORD32036,PROD0018,87,16
OIID83126,ORD32036,PROD0052,5,330
OIID32919,ORD32036,PROD0021,7,300
OIID51679,ORD54377,PROD0049,142,9
OIID78149,ORD54377,PROD0106,7,150
OIID68293,ORD53456,PROD0009,3,250
OIID24036,ORD53456,PROD0126,37,24
OIID61458,ORD53456,PROD0012,33,85
OIID23318,ORD53456,PROD0043,63,20
OIID96152,ORD53456,PROD0096,2,130
OIID31827,ORD30221,PROD0028,15,115
OIID89339,ORD30221,PROD0041,41,6
OIID20406,ORD30221,PROD0023,129,19
OIID21085,ORD73982,PROD0086,9,50
OIID95559,ORD73982,PROD0027,6,90
OIID83632,ORD73982,PROD0125,21,42
OIID86368,ORD73982,PROD0112,79,25
OIID89584,ORD21603,PROD0110,14,50
OIID59529,ORD21603,PROD0034,27,89
OIID57128,ORD40857,PROD0085,13,40
OIID17653,ORD40857,PROD0087,17,90
OIID33181,ORD40857,PROD0113,54,19
OIID42697,ORD40857,PROD0067,12,90
OIID59052,ORD57773,PROD0067,8,90
OIID47462,ORD57773,PROD0056,15,210
OIID99662,ORD57773,PROD0016,28,45
OIID54330,ORD57773,PROD0147,3,100
OIID87816,ORD94897,PROD0046,123,5
OIID90220,ORD94897,PROD0002,20,90
OIID19910,ORD92859,PROD0116,107,9
OIID51391,ORD92859,PROD0038,100,13
OIID57936,ORD92859,PROD0056,15,210
OIID25406,ORD92859,PROD0119,8,20
OIID68677,ORD70109,PROD0139,21,15
OIID65236,ORD70109,PROD0130,36,10
OIID21772,ORD70109,PROD0126,49,24
OIID41704,ORD70109,PROD0015,113,13
OIID90504,ORD70109,PROD0103,20,50
OIID96077,ORD70109,PROD0141,30,22
OIID44371,ORD23123,PROD0038,67,13
OIID51735,ORD23123,PROD0015,217,13
OIID76178,ORD23123,PROD0139,57,15
OIID54303,ORD23123,PROD0086,3,50
OIID61078,ORD23123,PROD0110,59,50
OIID46950,ORD51280,PROD0114,5,45
OIID40671,ORD51280,PROD0134,54,16
OIID68073,ORD51280,PROD0054,1,289
OIID58929,ORD37790,PROD0101,51,35
OIID33506,ORD37790,PROD0076,26,15
OIID91310,ORD37790,PROD0133,99,7
OIID84110,ORD47518,PROD0001,70,25
OIID53463,ORD47518,PROD0072,152,13
OIID20347,ORD47518,PROD0014,18,120
OIID67074,ORD62065,PROD0107,2,130
OIID94385,ORD62065,PROD0063,112,10
OIID90118,ORD62065,PROD0141,46,22
OIID74600,ORD62065,PROD0066,4,400
OIID50321,ORD62065,PROD0112,78,25
OIID55217,ORD62065,PROD0103,5,50
OIID56045,ORD71818,PROD0031,29,43
OIID69723,ORD71818,PROD0002,7,90
OIID11432,ORD71818,PROD0014,25,120
OIID33595,ORD71818,PROD0051,9,27
OIID21220,ORD32074,PROD0090,2,210
OIID26492,ORD32074,PROD0022,42,50
OIID69905,ORD32074,PROD0086,20,50
OIID36249,ORD32074,PROD0079,50,10
OIID85158,ORD32074,PROD0074,28,20
OIID50410,ORD32074,PROD0054,15,289
OIID18972,ORD24495,PROD0081,97,45
OIID33923,ORD24495,PROD0041,37,6
OIID58741,ORD24495,PROD0120,78,23
OIID60365,ORD24495,PROD0116,33,9
OIID28691,ORD24495,PROD0090,14,210
OIID41620,ORD38920,PROD0015,64,13
OIID71239,ORD38920,PROD0141,60,22
OIID40351,ORD61216,PROD0133,101,7
OIID37543,ORD61216,PROD0035,50,25
OIID35563,ORD61216,PROD0053,10,219
OIID55738,ORD94987,PROD0005,73,80
OIID98570,ORD94987,PROD0135,99,9
OIID72620,ORD94987,PROD0061,1,550
OIID27139,ORD17406,PROD0150,20,35
OIID74868,ORD17406,PROD0104,17,90
OIID81437,ORD17406,PROD0130,265,10
OIID52977,ORD17406,PROD0114,17,45
OIID74943,ORD17406,PROD0032,8,30
OIID16902,ORD17406,PROD0051,27,27
OIID30019,ORD89977,PROD0018,68,16
OIID23600,ORD89977,PROD0066,2,400
OIID84410,ORD89977,PROD0076,94,15
OIID53902,ORD89977,PROD0056,4,210
OIID44652,ORD89977,PROD0105,25,80
OIID68353,ORD24556,PROD0122,121,6
OIID96813,ORD24556,PROD0096,13,130
OIID94213,ORD24556,PROD0008,21,200
OIID64850,ORD24556,PROD0055,16,160
OIID52826,ORD24556,PROD0082,42,33
OIID21873,ORD24556,PROD0087,4,90
OIID79155,ORD72766,PROD0041,84,6
OIID94805,ORD72766,PROD0101,70,35
OIID95200,ORD33538,PROD0020,24,40
OIID38896,ORD33538,PROD0002,37,90
OIID64106,ORD33538,PROD0045,82,7
OIID57955,ORD33538,PROD0030,53,35
OIID87822,ORD33538,PROD0144,21,30
OIID52532,ORD76393,PROD0041,23,6
OIID12424,ORD76393,PROD0079,52,10
OIID84169,ORD76393,PROD0096,14,130
OIID31872,ORD65088,PROD0070,60,40
OIID14441,ORD65088,PROD0093,43,28
OIID83927,ORD65088,PROD0112,59,25
OIID86159,ORD70799,PROD0126,31,24
OIID11373,ORD70799,PROD0116,151,9
OIID55981,ORD70799,PROD0052,14,330
OIID78354,ORD30701,PROD0136,125,10
OIID15615,ORD30701,PROD0059,10,150
OIID43983,ORD37368,PROD0038,215,13
OIID58213,ORD37368,PROD0092,52,35
OIID83536,ORD37368,PROD0112,4,25
OIID98127,ORD31280,PROD0134,18,16
OIID15922,ORD31280,PROD0122,256,6
OIID43502,ORD31280,PROD0038,166,13
OIID61739,ORD31280,PROD0079,121,10
OIID69546,ORD19775,PROD0089,23,12
OIID76409,ORD19775,PROD0146,135,15
OIID89369,ORD19775,PROD0133,55,7
OIID30786,ORD19775,PROD0092,5,35
OIID78340,ORD63634,PROD0107,7,130
OIID14182,ORD63634,PROD0034,24,89
OIID77933,ORD63634,PROD0054,15,289
OIID76095,ORD63634,PROD0032,15,30
OIID90966,ORD63634,PROD0008,15,200
OIID54445,ORD63634,PROD0045,311,7
OIID12188,ORD81484,PROD0087,1,90
OIID73673,ORD81484,PROD0076,76,15
OIID59482,ORD44942,PROD0089,37,12
OIID62719,ORD44942,PROD0047,5,17
OIID20739,ORD44942,PROD0054,10,289
OIID96088,ORD44942,PROD0112,42,25
OIID47272,ORD44942,PROD0075,110,20
OIID29320,ORD71301,PROD0023,133,19
OIID77174,ORD71301,PROD0072,110,13
OIID58403,ORD11383,PROD0130,72,10
OIID87224,ORD11383,PROD0070,52,40
OIID53941,ORD11383,PROD0121,38,28
OIID76838,ORD35424,PROD0043,24,20
OIID29987,ORD35424,PROD0097,40,20
OIID64089,ORD19786,PROD0035,12,25
OIID95220,ORD19786,PROD0027,22,90
OIID75585,ORD19786,PROD0122,343,6
OIID54314,ORD19786,PROD0139,3,15
OIID54636,ORD19786,PROD0017,85,20
OIID35249,ORD43538,PROD0039,1,280
OIID40789,ORD43538,PROD0020,17,40
OIID66046,ORD65079,PROD0121,25,28
OIID31470,ORD65079,PROD0125,9,42
OIID77024,ORD26001,PROD0018,105,16
OIID59609,ORD26001,PROD0096,8,130
OIID54557,ORD26001,PROD0136,126,10
OIID63639,ORD26001,PROD0038,205,13
OIID49510,ORD93481,PROD0110,42,50
OIID15750,ORD93481,PROD0069,35,25
OIID48389,ORD93481,PROD0004,57,50
OIID50939,ORD93481,PROD0002,37,90
OIID97402,ORD99077,PROD0056,15,210
OIID62955,ORD99077,PROD0147,31,100
OIID97332,ORD99077,PROD0034,31,89
OIID55600,ORD99077,PROD0123,27,12
OIID71402,ORD99077,PROD0141,24,22
OIID77945,ORD99077,PROD0074,7,20
OIID13554,ORD86661,PROD0093,32,28
OIID62505,ORD86661,PROD0034,37,89
OIID83155,ORD86661,PROD0094,111,15
OIID92251,ORD86661,PROD0007,7,60
OIID79367,ORD86661,PROD0140,58,12
OIID16994,ORD86661,PROD0073,135,13
OIID30310,ORD52112,PROD0038,152,13
OIID14107,ORD52112,PROD0109,28,35
OIID29018,ORD52112,PROD0061,4,550
OIID20131,ORD52112,PROD0066,6,400
OIID87001,ORD52112,PROD0079,73,10
OIID91567,ORD52112,PROD0034,21,89
OIID35400,ORD49784,PROD0100,1,90
OIID68528,ORD49784,PROD0036,88,9
OIID19592,ORD49784,PROD0038,64,13
OIID70211,ORD49784,PROD0099,19,100
OIID83821,ORD49784,PROD0130,274,10
OIID43524,ORD49784,PROD0025,5,140
OIID38309,ORD33264,PROD0028,34,115
OIID33016,ORD33264,PROD0099,14,100
OIID42394,ORD33264,PROD0065,22,180
OIID36106,ORD33264,PROD0145,25,9
OIID84294,ORD24629,PROD0086,20,50
OIID91240,ORD24629,PROD0018,116,16
OIID10077,ORD24629,PROD0060,22,100
OIID91080,ORD24629,PROD0116,47,9
OIID70314,ORD24629,PROD0139,67,15
OIID70033,ORD88560,PROD0129,91,8
OIID26444,ORD88560,PROD0011,44,65
OIID97679,ORD88560,PROD0050,28,10
OIID43471,ORD88560,PROD0035,6,25
OIID27593,ORD88560,PROD0150,38,35
OIID34998,ORD88560,PROD0037,139,15
OIID89955,ORD44397,PROD0100,8,90
OIID38254,ORD44397,PROD0075,84,20
OIID82300,ORD44397,PROD0127,14,9
OIID78783,ORD75887,PROD0008,7,200
OIID91509,ORD75887,PROD0134,64,16
OIID57452,ORD75887,PROD0105,25,80
OIID17638,ORD77388,PROD0021,13,300
OIID98821,ORD77388,PROD0065,28,180
OIID52657,ORD77388,PROD0119,20,20
OIID43801,ORD83433,PROD0085,33,40
OIID16213,ORD83433,PROD0036,5,9
OIID17820,ORD83433,PROD0112,63,25
OIID26740,ORD83433,PROD0025,6,140
OIID12024,ORD83433,PROD0130,89,10
OIID99204,ORD83433,PROD0083,41,30
OIID37221,ORD21160,PROD0092,49,35
OIID59712,ORD21160,PROD0096,13,130
OIID45062,ORD48985,PROD0096,11,130
OIID93635,ORD48985,PROD0109,5,35
OIID57396,ORD48985,PROD0095,7,50
OIID68767,ORD48985,PROD0052,12,330
OIID38986,ORD48985,PROD0145,187,9
OIID21429,ORD48985,PROD0094,25,15
OIID91090,ORD65435,PROD0007,21,60
OIID85212,ORD65435,PROD0139,13,15
OIID66371,ORD65435,PROD0005,21,80
OIID52378,ORD59933,PROD0115,31,14
OIID30060,ORD59933,PROD0140,116,12
OIID89762,ORD59933,PROD0009,8,250
OIID20480,ORD57230,PROD0137,102,14
OIID32203,ORD57230,PROD0081,63,45
OIID40162,ORD25124,PROD0056,6,210
OIID90144,ORD25124,PROD0132,4,18
OIID71969,ORD25124,PROD0014,28,120
OIID48532,ORD10608,PROD0035,19,25
OIID98610,ORD10608,PROD0094,39,15
OIID34856,ORD10608,PROD0107,14,130
OIID47083,ORD10608,PROD0036,93,9
OIID39860,ORD10608,PROD0096,6,130
OIID31603,ORD10608,PROD0076,63,15
OIID27616,ORD36803,PROD0105,31,80
OIID94876,ORD36803,PROD0043,63,20
OIID89289,ORD36803,PROD0037,29,15
OIID73027,ORD36803,PROD0141,41,22
OIID77538,ORD36803,PROD0081,49,45
OIID48108,ORD36803,PROD0048,7,24
OIID72369,ORD27020,PROD0049,14,9
OIID51732,ORD27020,PROD0043,71,20
OIID97875,ORD40723,PROD0086,24,50
OIID95625,ORD40723,PROD0114,24,45
OIID69776,ORD40723,PROD0001,103,25
OIID92956,ORD44346,PROD0101,26,35
OIID33841,ORD44346,PROD0061,4,550
OIID82525,ORD31583,PROD0141,58,22
OIID84301,ORD31583,PROD0128,289,6
OIID77399,ORD31583,PROD0043,6,20
OIID66637,ORD31583,PROD0076,24,15
OIID88260,ORD31583,PROD0006,7,70
OIID45087,ORD31583,PROD0063,1,10
OIID92161,ORD21594,PROD0096,1,130
OIID92695,ORD21594,PROD0106,10,150
OIID40219,ORD21594,PROD0066,10,400
OIID25499,ORD21594,PROD0086,5,50
OIID87158,ORD21594,PROD0085,12,40
OIID34205,ORD80725,PROD0134,6,16
OIID13608,ORD80725,PROD0135,41,9
OIID59698,ORD80725,PROD0132,40,18
OIID77949,ORD80725,PROD0087,14,90
OIID29129,ORD80725,PROD0072,109,13
OIID52812,ORD82813,PROD0110,21,50
OIID36343,ORD82813,PROD0018,117,16
OIID38883,ORD82813,PROD0106,8,150
OIID23691,ORD82813,PROD0015,30,13
OIID56225,ORD82813,PROD0133,92,7
OIID19990,ORD82813,PROD0016,13,45
OIID24408,ORD64916,PROD0036,88,9
OIID87886,ORD64916,PROD0022,19,50
OIID40843,ORD64916,PROD0066,12,400
OIID99564,ORD64916,PROD0034,17,89
OIID72902,ORD21804,PROD0123,28,12
OIID55538,ORD21804,PROD0047,20,17
OIID70544,ORD21804,PROD0140,39,12
OIID20866,ORD61416,PROD0034,8,89
OIID71090,ORD61416,PROD0038,43,13
OIID41567,ORD61416,PROD0004,23,50
OIID83869,ORD24242,PROD0087,16,90
OIID25801,ORD24242,PROD0125,11,42
OIID91783,ORD24242,PROD0096,11,130
OIID75922,ORD24242,PROD0099,25,100
OIID38404,ORD24242,PROD0147,19,100
OIID83984,ORD25154,PROD0101,39,35
OIID43810,ORD25154,PROD0132,63,18
OIID63880,ORD25154,PROD0141,20,22
OIID78189,ORD10624,PROD0100,2,90
OIID32343,ORD10624,PROD0021,15,300
OIID25003,ORD79350,PROD0146,75,15
OIID31446,ORD79350,PROD0145,65,9
OIID51636,ORD82678,PROD0043,18,20
OIID80401,ORD82678,PROD0100,6,90
OIID74998,ORD82678,PROD0038,57,13
OIID96951,ORD10889,PROD0024,273,10
OIID89982,ORD10889,PROD0038,75,13
OIID50731,ORD10889,PROD0065,12,180
OIID43842,ORD10889,PROD0096,13,130
OIID25637,ORD10889,PROD0036,38,9
OIID53312,ORD39499,PROD0042,13,22
OIID24811,ORD39499,PROD0139,22,15
OIID62188,ORD39499,PROD0112,17,25
OIID15547,ORD34369,PROD0136,87,10
OIID85521,ORD34369,PROD0105,8,80
OIID44206,ORD34369,PROD0029,365,7
OIID10548,ORD34369,PROD0063,68,10
OIID67146,ORD34369,PROD0008,6,200
OIID56191,ORD34369,PROD0133,50,7
OIID53006,ORD67622,PROD0145,211,9
OIID37098,ORD67622,PROD0045,448,7
OIID72378,ORD67622,PROD0114,4,45
OIID11394,ORD67622,PROD0116,163,9
OIID21113,ORD66336,PROD0054,11,289
OIID28296,ORD66336,PROD0042,37,22
OIID21205,ORD66336,PROD0069,57,25
OIID75648,ORD29333,PROD0053,9,219
OIID49254,ORD29333,PROD0025,3,140
OIID99396,ORD29333,PROD0094,27,15
OIID43895,ORD29333,PROD0132,112,18
OIID12036,ORD29333,PROD0045,104,7
OIID88657,ORD29333,PROD0038,117,13
OIID35572,ORD66184,PROD0034,39,89
OIID35531,ORD66184,PROD0052,12,330
OIID94897,ORD17336,PROD0014,3,120
OIID80536,ORD17336,PROD0141,29,22
OIID23716,ORD90495,PROD0015,49,13
OIID16970,ORD90495,PROD0136,83,10
OIID78231,ORD90495,PROD0119,45,20
OIID96214,ORD90495,PROD0050,217,10
OIID21282,ORD87342,PROD0072,115,13
OIID92883,ORD87342,PROD0052,6,330
OIID21023,ORD87342,PROD0136,170,10
OIID97850,ORD67387,PROD0043,50,20
OIID85667,ORD67387,PROD0041,88,6
OIID46294,ORD67387,PROD0008,7,200
OIID89909,ORD67387,PROD0141,31,22
OIID89198,ORD67387,PROD0065,6,180
OIID71181,ORD36657,PROD0018,103,16
OIID97067,ORD36657,PROD0056,9,210
OIID28695,ORD36657,PROD0076,23,15
OIID73863,ORD36657,PROD0136,33,10
OIID14083,ORD36657,PROD0116,192,9
OIID60902,ORD36657,PROD0096,14,130
OIID92331,ORD18686,PROD0143,14,11
OIID15638,ORD18686,PROD0107,12,130
OIID69766,ORD18686,PROD0079,75,10
OIID71482,ORD18686,PROD0014,26,120
OIID94743,ORD39194,PROD0092,47,35
OIID80792,ORD39194,PROD0147,32,100
OIID71411,ORD88932,PROD0095,6,50
OIID91707,ORD88932,PROD0096,9,130
OIID65731,ORD88932,PROD0120,53,23
OIID30423,ORD55117,PROD0020,12,40
OIID58260,ORD55117,PROD0014,20,120
OIID26536,ORD68131,PROD0136,153,10
OIID98813,ORD68131,PROD0046,405,5
OIID47509,ORD68131,PROD0045,163,7
OIID91081,ORD68131,PROD0105,9,80
OIID36773,ORD68131,PROD0141,20,22
OIID68529,ORD92585,PROD0023,176,19
OIID72228,ORD92585,PROD0106,5,150
OIID27926,ORD92585,PROD0127,176,9
OIID74678,ORD92585,PROD0148,6,27
OIID88633,ORD92585,PROD0149,21,15
OIID76870,ORD79606,PROD0139,45,15
OIID15608,ORD79606,PROD0145,128,9
OIID35026,ORD79606,PROD0007,18,60
OIID16716,ORD79606,PROD0014,5,120
OIID88569,ORD79606,PROD0022,42,50
OIID63684,ORD79606,PROD0045,242,7
OIID75952,ORD40519,PROD0059,8,150
OIID42513,ORD40519,PROD0085,11,40
OIID78119,ORD11665,PROD0016,21,45
OIID89064,ORD11665,PROD0045,36,7
OIID14619,ORD11665,PROD0054,15,289
OIID34757,ORD11665,PROD0038,153,13
OIID40503,ORD11665,PROD0015,232,13
OIID82370,ORD30904,PROD0029,316,7
OIID81425,ORD30904,PROD0018,127,16
OIID42046,ORD30904,PROD0100,2,90
OIID62137,ORD30904,PROD0027,21,90
